#,Name,Team,POS,R/L,G,GS,QS,TBF,IP,W,L,SV,HLD,ERA,SIERA,WHIP,K,BB,H,HBP,ER,R,HR,GB%,FB%,LD%,BABIP
1,Jacob deGrom,NYM,SP,R,30.8,30.8,20.8,803.0,200.2,13.9,8.9,0,0,3.04,2.50,1.02,251.0,39.8,164.4,6.1,67.6,73.8,23,45.4,34.4,20.2,0.292
2,Gerrit Cole,NYY,SP,R,30.8,30.8,20.2,784.3,197.1,14.8,7.8,0,0,3.17,2.26,1.00,272.2,46.7,150.9,6.0,69.5,74.9,27,40.8,39.1,20.1,0.286
3,Justin Verlander,HOU,SP,R,30.8,30.8,19.7,790.0,197.1,15.0,7.5,0,0,3.37,2.50,1.00,256.0,37.2,159.9,6.7,73.8,78.8,31,33.9,46.0,20.1,0.281
4,Zack Greinke,HOU,SP,R,30.8,30.8,17.5,810.4,194.0,13.0,9.4,0,0,4.15,3.53,1.20,175.6,34.9,198.0,5.2,89.4,96.3,32,43.4,36.5,20.1,0.295
5,Max Scherzer,WSH,SP,R,30.8,30.8,19.8,778.5,194.0,13.8,8.5,0,0,3.19,2.38,1.00,256.2,39.5,154.5,8.3,68.7,73.8,26,36.7,42.6,20.7,0.286
6,Noah Syndergaard,NYM,SP,R,30.8,30.8,18.2,789.3,191.0,11.8,10.5,0,0,3.77,3.06,1.16,195.3,41.4,180.3,6.7,79.9,86.9,24,48.7,31.2,20.2,0.300
7,Trevor Bauer,CIN,SP,R,30.8,30.8,18.0,801.5,191.0,11.6,10.5,0,0,3.82,3.07,1.20,227.4,61.8,167.3,10.0,81.0,87.5,27,44.7,35.3,20.1,0.295
8,Jose Berrios,MIN,SP,R,30.8,30.8,16.7,806.6,191.0,12.2,9.9,0,0,4.36,3.51,1.24,183.3,48.7,188.6,9.8,92.5,99.0,31,40.9,38.3,20.8,0.295
9,Stephen Strasburg,WSH,SP,R,30.8,30.8,18.6,771.3,187.9,12.6,9.0,0,0,3.48,2.82,1.13,213.7,44.6,167.3,8.0,72.6,79.0,23,46.6,32.7,20.7,0.299
10,Zack Wheeler,PHI,SP,R,30.8,30.8,17.3,781.3,187.9,11.3,10.5,0,0,4.00,3.18,1.18,193.4,43.4,178.0,6.3,83.4,89.9,30,44.7,35.4,19.9,0.292
11,Aaron Nola,PHI,SP,R,30.8,30.8,18.0,787.2,187.9,11.8,9.9,0,0,3.71,3.16,1.20,209.6,55.3,170.0,7.5,77.6,84.5,25,49.5,30.6,19.9,0.296
12,Patrick Corbin,WSH,SP,L,30.8,30.8,18.6,780.6,187.9,12.8,9.3,0,0,3.47,3.04,1.19,212.4,53.9,169.0,5.4,72.5,79.3,23,48.7,30.6,20.7,0.301
13,Marco Gonzales,SEA,SP,L,30.8,30.8,15.8,792.5,184.8,9.1,12.6,0,0,4.49,4.13,1.30,140.9,41.0,199.1,7.1,92.2,99.2,31,43.3,36.7,20.0,0.294
14,Walker Buehler,LAD,SP,R,30.8,30.8,18.7,752.1,184.8,13.5,8.1,0,0,3.33,2.76,1.08,214.0,39.6,160.2,7.1,68.4,74.5,23,46.6,33.7,19.8,0.292
15,Shane Bieber,CLE,SP,R,30.8,30.8,18.1,752.1,184.8,12.6,8.6,0,0,3.57,2.91,1.08,199.7,28.4,172.1,5.5,73.2,79.4,27,45.1,34.2,20.7,0.296
16,Kyle Hendricks,CHC,SP,R,30.8,30.8,16.3,764.4,181.7,11.3,10.4,0,0,4.19,3.53,1.23,153.3,33.5,189.8,7.6,84.5,91.3,28,45.8,33.5,20.7,0.299
17,Brad Keller,KC,SP,R,30.8,30.8,15.4,787.9,181.7,9.6,12.0,0,0,4.57,4.11,1.41,137.8,65.4,191.4,7.6,92.2,99.8,23,49.1,30.2,20.7,0.303
18,Sandy Alcantara,MIA,SP,R,30.8,30.8,15.3,792.4,181.7,8.5,12.8,0,0,4.60,4.14,1.39,151.7,67.0,185.4,8.9,92.8,99.9,26,45.4,34.7,19.9,0.296
19,Dallas Keuchel,CHW,SP,L,30.8,30.8,16.1,786.2,181.7,10.7,10.4,0,0,4.26,3.94,1.37,138.6,51.3,196.8,6.4,85.9,94.1,24,55.4,24.5,20.1,0.305
20,Mike Minor,TEX,SP,L,30.8,30.8,16.1,748.5,178.6,10.5,10.1,0,0,4.17,3.50,1.22,171.8,44.8,172.4,7.0,82.7,88.7,29,40.0,39.5,20.5,0.289
21,Eduardo Rodriguez,BOS,SP,L,30.8,30.8,16.3,758.4,178.6,11.8,9.1,0,0,4.08,3.56,1.27,186.3,57.3,169.1,6.6,81.0,87.2,26,42.0,36.8,21.2,0.297
22,Luis Castillo,CIN,SP,R,30.8,30.8,17.2,744.5,178.6,11.2,9.9,0,0,3.71,3.03,1.20,202.3,54.4,159.9,6.7,73.7,80.2,24,49.8,30.2,20.1,0.298
23,Lance Lynn,TEX,SP,R,30.8,30.8,17.4,738.9,178.6,11.7,9.3,0,0,3.62,3.09,1.17,199.0,51.0,158.4,7.2,71.9,77.9,23,44.5,35.0,20.5,0.295
24,Charlie Morton,TB,SP,R,30.8,30.8,18.0,734.7,178.6,11.9,9.1,0,0,3.38,2.88,1.14,205.0,50.4,153.5,10.4,67.1,73.4,20,48.5,31.0,20.5,0.297
25,Madison Bumgarner,ARI,SP,L,30.8,30.8,15.6,755.5,178.6,9.8,10.9,0,0,4.38,3.48,1.23,172.7,39.5,179.7,7.5,86.9,92.8,31,39.1,39.8,21.1,0.295
26,Jack Flaherty,STL,SP,R,30.8,30.8,17.8,734.7,178.6,11.5,9.5,0,0,3.49,2.88,1.12,213.4,48.9,151.1,7.5,69.2,74.8,24,41.8,37.5,20.6,0.288
27,Hyun-Jin Ryu,TOR,SP,L,29.2,29.2,16.1,744.3,178.1,10.6,10.3,0,0,4.12,3.47,1.21,157.8,31.3,183.7,5.8,81.6,88.3,28,46.5,33.0,20.4,0.299
28,Corey Kluber,TEX,SP,R,29.8,29.8,16.9,721.7,175.8,11.3,9.3,0,0,3.73,3.05,1.14,183.5,34.8,165.2,5.9,72.8,78.9,25,44.8,34.7,20.5,0.297
29,Yu Darvish,CHC,SP,R,30.8,30.8,16.9,721.4,175.6,11.7,9.0,0,0,3.73,2.74,1.14,209.9,48.2,151.7,7.9,72.8,78.4,24,43.9,35.4,20.7,0.296
30,Marcus Stroman,NYM,SP,R,30.8,30.8,16.8,741.9,175.6,11.0,10.0,0,0,3.77,3.31,1.30,151.6,48.9,178.6,4.8,73.6,81.2,18,57.6,22.3,20.2,0.310
31,Matthew Boyd,DET,SP,L,30.8,30.8,15.7,730.8,175.6,9.9,10.9,0,0,4.22,3.13,1.18,193.4,43.8,162.9,7.4,82.3,87.4,32,34.6,44.7,20.7,0.288
32,Jakob Junis,KC,SP,R,30.8,30.8,14.7,748.8,175.6,9.3,11.6,0,0,4.63,3.71,1.29,154.8,44.3,181.4,9.9,90.4,96.7,30,41.9,37.4,20.7,0.298
33,German Marquez,COL,SP,R,29.2,29.2,16.1,731.2,175.2,11.1,9.4,0,0,4.04,2.98,1.21,182.7,38.1,173.7,7.0,78.6,84.9,26,47.3,30.7,22.0,0.310
34,Clayton Kershaw,LAD,SP,L,29.2,29.2,17.5,720.4,175.2,12.4,7.7,0,0,3.43,3.15,1.12,178.4,32.3,163.6,4.1,66.7,73.1,24,47.9,32.4,19.8,0.290
35,Blake Snell,TB,SP,L,29.8,29.8,17.7,707.0,172.8,12.1,9.0,0,0,3.29,2.91,1.13,215.9,55.2,139.6,3.8,63.1,68.6,21,42.2,37.3,20.5,0.288
36,Kyle Gibson,TEX,SP,R,30.8,30.8,16.1,730.6,172.5,10.9,10.1,0,0,3.95,3.48,1.29,162.6,53.6,169.5,6.1,75.7,82.7,22,52.4,27.1,20.5,0.304
37,Joe Musgrove,PIT,SP,R,30.8,30.8,15.7,726.9,172.5,9.6,11.1,0,0,4.10,3.41,1.22,157.5,32.3,178.7,7.9,78.6,84.9,25,44.5,34.1,21.4,0.305
38,Jon Lester,CHC,SP,L,30.8,30.8,14.5,747.4,172.5,10.0,10.8,0,0,4.60,3.95,1.33,154.7,49.0,180.6,6.0,88.2,94.8,28,44.1,35.2,20.7,0.299
39,Brandon Woodruff,MIL,SP,R,30.8,30.8,16.2,722.4,172.5,10.8,9.6,0,0,3.90,3.11,1.21,189.1,47.3,160.7,7.5,74.7,80.8,24,46.6,32.7,20.7,0.301
40,Mike Fiers,OAK,SP,R,30.8,30.8,13.4,747.7,172.5,9.2,11.3,0,0,5.06,4.19,1.35,132.8,44.6,187.4,8.5,96.9,103.2,33,40.0,39.5,20.4,0.292
41,Tanner Roark,TOR,SP,R,30.8,30.8,13.5,748.0,172.5,8.8,11.7,0,0,5.01,4.01,1.34,145.9,44.7,186.1,9.1,96.0,102.2,33,40.5,39.0,20.4,0.297
42,Lucas Giolito,CHW,SP,R,29.2,29.2,15.6,724.9,172.3,10.7,9.6,0,0,4.13,3.27,1.22,197.3,56.2,154.0,7.7,79.0,84.6,28,40.6,39.3,20.1,0.289
43,Carlos Carrasco,CLE,SP,R,29.2,29.2,16.6,707.6,172.3,11.8,8.7,0,0,3.70,2.98,1.12,188.0,32.6,160.3,6.4,70.8,76.6,26,45.1,34.2,20.7,0.296
44,Chris Paddack,SD,SP,R,29.8,29.8,16.5,695.2,169.9,10.9,9.7,0,0,3.67,2.94,1.09,182.3,30.2,155.7,7.3,69.3,74.7,25,41.4,38.2,20.3,0.290
45,Mike Leake,ARI,SP,R,29.2,29.2,14.3,724.2,169.4,8.9,11.0,0,0,4.58,3.79,1.30,115.9,24.7,195.4,7.3,86.1,93.2,26,49.8,29.2,21.1,0.307
46,Sonny Gray,CIN,SP,R,30.8,30.8,16.2,714.2,169.4,10.6,9.8,0,0,3.80,3.20,1.25,184.5,55.9,156.3,6.6,71.5,78.0,21,51.4,28.5,20.1,0.303
47,Jon Gray,COL,SP,R,29.2,29.2,15.2,716.0,169.4,10.5,9.4,0,0,4.18,3.21,1.27,173.6,48.3,167.2,6.4,78.6,84.9,24,48.0,30.1,22.0,0.309
48,Masahiro Tanaka,NYY,SP,R,29.2,29.2,14.7,714.5,169.4,10.5,9.5,0,0,4.42,3.58,1.24,148.5,32.3,178.1,5.5,83.2,89.6,31,46.5,33.4,20.1,0.296
49,Jeff Samardzija,SF,SP,R,30.8,30.8,14.2,726.4,169.4,8.2,11.8,0,0,4.59,4.02,1.29,136.4,40.6,178.5,6.2,86.5,92.5,28,39.9,40.0,20.1,0.292
50,John Means,BAL,SP,L,30.8,30.8,12.8,730.8,169.4,7.9,12.2,0,0,5.16,4.22,1.32,131.7,38.7,185.2,6.5,97.1,102.6,38,33.6,45.8,20.6,0.285
51,Mike Soroka,ATL,SP,R,29.2,29.2,15.8,713.3,169.4,10.6,9.1,0,0,3.94,3.43,1.23,147.9,35.0,173.5,6.9,74.2,81.0,22,50.7,28.3,21.0,0.303
52,Mike Foltynewicz,ATL,SP,R,29.8,29.8,14.1,716.9,166.9,9.6,10.3,0,0,4.57,3.75,1.30,156.9,47.6,169.1,6.6,84.8,90.6,29,40.2,38.8,21.0,0.294
53,Frankie Montas,OAK,SP,R,29.2,29.2,15.5,693.0,166.4,10.7,8.8,0,0,3.96,3.36,1.21,158.2,41.5,160.3,6.5,73.2,79.3,23,46.2,33.4,20.4,0.297
54,Reynaldo Lopez,CHW,SP,R,29.2,29.2,13.5,713.6,166.4,9.3,10.7,0,0,4.82,3.88,1.30,155.2,49.2,166.7,6.8,89.2,94.5,33,35.1,44.8,20.1,0.285
55,Jose Quintana,CHC,SP,L,30.8,30.8,15.0,707.1,166.3,10.4,9.6,0,0,4.19,3.65,1.28,149.0,43.8,169.7,5.2,77.4,83.6,25,45.4,33.9,20.7,0.300
56,Dylan Bundy,LAA,SP,R,30.8,30.8,14.6,699.6,166.3,10.4,9.6,0,0,4.35,3.51,1.22,165.7,41.8,160.3,6.6,80.3,85.7,30,37.8,42.2,20.0,0.287
57,Trevor Williams,PIT,SP,R,29.2,29.2,13.2,714.0,163.5,7.9,11.9,0,0,4.84,4.11,1.36,132.4,40.7,181.8,6.9,88.0,94.1,27,41.2,37.5,21.4,0.305
58,Danny Duffy,KC,SP,L,29.2,29.2,13.8,696.6,163.5,8.7,10.6,0,0,4.57,3.85,1.30,141.7,48.1,165.0,6.7,83.1,88.6,28,37.3,42.0,20.7,0.291
59,Jake Arrieta,PHI,SP,R,29.2,29.2,13.8,704.4,163.5,9.1,10.6,0,0,4.59,3.78,1.35,136.1,50.9,170.1,7.3,83.4,90.1,25,50.5,29.6,19.9,0.299
60,Caleb Smith,MIA,SP,L,30.8,30.8,14.1,700.4,163.2,8.3,11.2,0,0,4.43,3.77,1.26,171.2,53.2,152.7,6.7,80.4,85.3,30,32.0,48.1,19.9,0.280
61,Joey Lucchesi,SD,SP,L,30.8,30.8,14.7,698.3,163.2,9.4,10.2,0,0,4.19,3.71,1.29,156.3,49.7,161.7,5.4,76.0,82.1,24,45.4,34.3,20.3,0.297
62,Ivan Nova,DET,SP,R,29.2,29.2,11.8,700.4,160.6,7.2,12.1,0,0,5.31,4.28,1.40,101.1,31.5,193.1,6.8,94.8,101.3,31,45.6,33.7,20.7,0.306
63,Rick Porcello,NYM,SP,R,29.2,29.2,13.7,685.4,160.6,9.1,10.4,0,0,4.49,3.68,1.26,143.7,35.3,167.5,7.5,80.1,86.0,27,43.4,36.5,20.2,0.298
64,Anibal Sanchez,WSH,SP,R,29.2,29.2,12.8,694.9,160.6,8.9,10.8,0,0,4.89,3.93,1.35,139.1,46.7,169.6,5.6,87.3,93.0,29,40.8,38.5,20.7,0.296
65,Max Fried,ATL,SP,L,29.2,29.2,16.1,673.9,160.6,11.3,8.3,0,0,3.46,3.15,1.23,165.9,48.4,149.6,7.2,61.7,68.1,17,53.6,25.3,21.0,0.305
66,Robbie Ray,ARI,SP,L,30.8,30.8,14.8,682.9,160.2,9.9,9.6,0,0,4.01,3.33,1.27,196.7,66.0,138.1,5.9,71.3,76.7,23,40.7,38.2,21.1,0.293
67,Jake Odorizzi,MIN,SP,R,30.8,30.8,13.8,679.7,160.2,10.6,8.9,0,0,4.45,3.58,1.26,166.7,48.6,152.5,5.5,79.2,84.1,29,33.8,45.4,20.8,0.288
68,Miles Mikolas,STL,SP,R,27.0,27.0,14.6,666.8,159.3,9.3,9.8,0,0,4.07,3.44,1.21,127.7,23.4,168.8,7.6,72.0,78.2,22,48.7,30.7,20.6,0.302
69,Chris Archer,PIT,SP,R,29.2,29.2,14.5,666.5,157.7,8.9,10.0,0,0,4.04,3.28,1.24,172.0,45.5,150.5,5.4,70.8,76.3,23,43.9,34.8,21.4,0.304
70,Dakota Hudson,STL,SP,R,29.2,29.2,13.7,688.9,157.7,8.6,10.3,0,0,4.37,3.95,1.44,120.9,62.4,164.9,7.7,76.6,83.7,18,55.5,23.9,20.6,0.307
71,Julio Teheran,LAA,SP,R,29.2,29.2,11.9,700.0,157.7,8.4,10.5,0,0,5.17,4.49,1.41,136.5,58.7,164.1,8.3,90.6,96.2,31,36.7,43.3,20.0,0.286
72,Yusei Kikuchi,SEA,SP,L,30.8,30.8,13.2,669.9,157.1,8.0,11.2,0,0,4.59,3.86,1.32,128.4,43.2,164.4,5.6,80.1,85.9,27,44.0,36.1,20.0,0.295
73,Sean Manaea,OAK,SP,L,27.5,27.5,13.6,661.9,156.8,9.5,9.1,0,0,4.38,3.69,1.26,130.2,36.1,162.2,7.1,76.4,82.1,25,42.9,36.7,20.4,0.296
74,Steven Matz,NYM,SP,L,29.2,29.2,13.8,658.4,154.8,9.4,9.8,0,0,4.22,3.52,1.27,149.6,43.1,153.2,6.9,72.6,78.4,23,46.7,33.2,20.2,0.299
75,Kevin Gausman,SF,SP,R,29.2,29.2,14.5,651.2,154.8,8.9,9.9,0,0,3.92,3.55,1.22,145.3,38.0,150.6,5.7,67.5,73.2,21,45.4,34.5,20.1,0.294
76,Johnny Cueto,SF,SP,R,29.2,29.2,14.4,655.1,154.8,8.5,9.8,0,0,3.99,3.74,1.22,133.6,33.4,156.2,7.1,68.6,74.4,21,44.9,35.0,20.1,0.293
77,Andrew Heaney,LAA,SP,L,27.5,27.5,14.5,633.5,154.0,10.5,8.1,0,0,3.87,3.05,1.13,167.6,33.1,140.2,6.8,66.1,70.9,26,39.6,40.4,20.0,0.286
78,Dinelson Lamet,SD,SP,R,29.2,29.2,15.2,626.5,151.8,10.0,8.5,0,0,3.54,2.82,1.13,191.1,46.2,125.8,6.7,59.6,64.3,20,41.5,38.2,20.3,0.291
79,Zach Eflin,PHI,SP,R,27.5,27.5,12.1,652.2,151.3,8.1,10.3,0,0,4.89,3.89,1.32,124.8,37.1,163.1,6.3,82.1,87.7,30,43.4,36.7,19.9,0.294
80,David Price,LAD,SP,L,27.5,27.5,14.9,627.5,151.3,10.9,7.5,0,0,3.57,3.22,1.14,161.6,35.5,136.8,6.1,60.0,65.3,21,44.5,35.8,19.8,0.287
81,Josh Lindblom,MIL,SP,R,27.5,27.5,13.0,639.2,151.3,8.5,9.2,0,0,4.45,3.39,1.24,148.1,34.5,152.5,6.0,74.7,79.9,27,41.4,37.9,20.7,0.296
82,Kenta Maeda,MIN,SP,R,28.5,28.5,12.7,645.7,151.1,9.8,8.7,0,0,4.57,3.68,1.29,150.8,46.4,148.2,5.9,76.7,81.8,27,38.6,40.6,20.8,0.292
83,Tyler Glasnow,TB,SP,R,29.2,29.2,15.0,611.8,148.9,10.1,8.1,0,0,3.52,2.87,1.15,184.5,48.1,122.9,5.1,58.2,63.1,18,44.8,34.7,20.5,0.294
84,Kyle Freeland,COL,SP,L,27.5,27.5,11.7,655.6,148.5,8.3,9.8,0,0,4.92,4.14,1.43,123.0,48.3,164.7,5.4,81.2,87.3,24,46.7,31.3,22.0,0.309
85,Pablo Lopez,MIA,SP,R,27.5,27.5,13.8,624.2,148.5,8.2,9.7,0,0,3.98,3.46,1.22,128.1,32.2,149.6,8.2,65.7,71.4,20,48.5,31.6,19.9,0.298
86,Jose Urquidy,HOU,SP,R,27.5,27.5,13.2,614.4,148.5,10.2,7.7,0,0,4.23,3.29,1.15,145.7,25.9,145.6,4.8,69.9,74.6,27,38.5,41.4,20.1,0.288
87,Daniel Norris,DET,SP,L,29.2,29.2,11.8,625.5,146.0,7.9,10.4,0,0,4.75,3.82,1.33,127.0,40.4,153.7,5.0,77.0,82.2,26,40.6,38.7,20.7,0.299
88,Spencer Turnbull,DET,SP,R,29.2,29.2,12.5,626.6,146.0,8.2,10.0,0,0,4.47,3.68,1.33,133.0,45.7,147.7,9.1,72.5,78.2,21,47.1,32.2,20.7,0.303
89,Chase Anderson,TOR,SP,R,29.2,29.2,10.5,635.9,146.0,7.5,10.7,0,0,5.30,4.16,1.36,123.9,42.9,155.8,6.6,86.0,90.8,31,34.5,45.1,20.4,0.289
90,Anthony DeSclafani,CIN,SP,R,27.5,27.5,12.8,613.4,145.8,8.5,9.4,0,0,4.34,3.32,1.23,144.5,33.4,145.8,4.7,70.2,75.2,25,43.0,36.9,20.1,0.298
91,Zac Gallen,ARI,SP,R,27.5,27.5,13.4,613.1,145.8,9.0,8.8,0,0,4.04,3.26,1.22,159.5,43.7,133.8,6.0,65.5,70.4,21,41.5,37.4,21.1,0.294
92,Brett Anderson,MIL,SP,L,25.9,25.9,12.4,610.5,142.5,8.4,9.1,0,0,4.36,3.61,1.37,95.7,32.3,162.3,4.5,69.1,75.4,19,55.7,23.7,20.7,0.313
93,Mike Clevinger,CLE,SP,R,23.2,23.2,13.9,582.3,141.5,9.8,6.7,0,0,3.55,2.98,1.13,170.6,40.1,120.3,4.1,55.7,60.2,20,41.0,38.3,20.7,0.289
94,Merrill Kelly,ARI,SP,R,24.3,24.3,11.7,606.5,140.9,7.6,9.4,0,0,4.67,3.79,1.33,124.7,39.7,148.2,4.9,73.2,78.4,23,43.1,35.8,21.1,0.302
95,Steven Brault,PIT,SP,L,27.5,27.5,11.6,618.6,140.3,7.3,10.1,0,0,4.63,4.17,1.44,121.1,56.7,145.2,7.2,72.2,77.8,19,45.4,33.2,21.4,0.304
96,Alex Cobb,BAL,SP,R,25.9,25.9,11.1,601.2,139.9,6.8,9.9,0,0,4.92,3.93,1.35,100.8,29.1,159.7,5.0,76.5,82.1,26,47.1,32.3,20.6,0.304
97,Chris Sale,BOS,SP,L,24.1,24.1,14.6,558.1,139.8,10.8,5.6,0,0,3.12,2.31,0.99,183.8,26.7,111.4,8.0,48.5,52.4,18,41.2,37.6,21.2,0.290
98,Aaron Civale,CLE,SP,R,24.3,24.3,11.6,587.6,138.5,8.2,8.5,0,0,4.61,3.91,1.26,109.0,25.4,148.7,5.0,71.0,76.1,25,42.5,36.8,20.7,0.292
99,Adrian Houser,MIL,SP,R,27.5,27.5,12.2,587.1,137.5,8.5,8.7,0,0,4.25,3.47,1.30,127.3,39.8,139.5,6.4,65.0,70.5,19,51.0,28.3,20.7,0.305
100,Jordan Zimmermann,DET,SP,R,27.5,27.5,10.0,595.2,137.5,6.7,10.5,0,0,5.27,4.19,1.35,97.4,26.3,159.6,5.2,80.5,85.5,29,39.5,39.8,20.7,0.299
101,Mike Montgomery,KC,SP,L,27.5,27.5,11.2,599.7,137.5,7.5,9.6,0,0,4.70,4.22,1.42,95.1,44.5,151.1,6.9,71.9,77.7,19,49.5,29.8,20.7,0.304
102,Wade Miley,CIN,SP,L,27.5,27.5,12.1,600.2,137.5,8.1,9.1,0,0,4.32,3.94,1.38,120.5,46.6,143.7,5.4,66.0,71.8,19,52.0,28.0,20.1,0.305
103,Martin Perez,BOS,SP,L,25.9,25.9,11.7,596.2,137.3,8.8,8.1,0,0,4.48,4.12,1.39,107.2,42.2,148.4,4.3,68.4,74.2,19,48.9,29.9,21.2,0.306
104,Carlos Martinez,STL,SP,R,24.3,24.3,12.4,582.6,136.1,7.9,8.5,0,0,4.12,3.63,1.32,125.0,47.0,133.1,7.1,62.2,67.6,17,49.6,29.7,20.6,0.301
105,Adam Wainwright,STL,SP,R,24.3,24.3,11.8,575.1,133.7,7.6,8.6,0,0,4.30,3.83,1.33,114.1,39.9,137.9,5.5,63.8,69.1,18,48.0,31.3,20.6,0.301
106,Asher Wojciechowski,BAL,SP,R,25.9,25.9,8.9,575.6,132.1,5.8,10.3,0,0,5.61,4.14,1.37,115.6,40.6,139.9,6.8,82.4,86.3,33,29.1,50.3,20.6,0.281
107,Zach Davies,SD,SP,R,25.9,25.9,10.4,585.3,132.1,6.8,9.5,0,0,4.90,4.57,1.42,91.9,36.2,151.0,5.0,71.9,77.4,21,45.8,33.9,20.3,0.301
108,Antonio Senzatela,COL,SP,R,25.9,25.9,9.6,587.9,132.1,6.9,9.4,0,0,5.31,4.26,1.51,89.0,43.5,156.0,4.9,77.9,83.7,21,50.2,27.8,22.0,0.314
109,Eric Lauer,MIL,SP,L,25.9,25.9,11.0,567.0,132.1,7.6,8.7,0,0,4.60,3.69,1.33,121.4,41.9,134.1,5.2,67.6,72.2,23,41.1,38.2,20.7,0.296
110,Gio Gonzalez,CHW,SP,L,24.3,24.3,10.7,577.2,131.2,7.6,8.6,0,0,4.74,4.35,1.42,112.8,48.1,137.7,4.2,69.1,74.3,21,44.4,35.6,20.1,0.298
111,Cole Hamels,ATL,SP,L,23.8,23.8,11.9,561.1,130.9,8.3,7.7,0,0,4.13,3.61,1.28,127.5,38.7,128.8,7.3,60.0,65.0,18,47.2,31.8,21.0,0.300
112,Mitch Keller,PIT,SP,R,25.9,25.9,12.1,549.9,129.5,7.7,8.4,0,0,3.99,3.38,1.25,137.5,38.2,124.2,5.4,57.4,62.0,17,45.1,33.5,21.4,0.305
113,Jason Vargas,FA,SP,L,25.9,25.9,9.7,569.2,129.5,6.9,9.3,0,0,5.13,4.42,1.41,99.0,41.4,140.6,5.2,73.8,78.6,25,38.8,40.7,20.5,0.290
114,Nathan Eovaldi,BOS,SP,R,25.9,25.9,11.9,541.6,129.5,8.9,7.0,0,0,4.06,3.38,1.23,123.7,32.1,127.4,4.5,58.3,63.0,19,45.0,33.8,21.2,0.300
115,Julio Urias,LAD,SP,L,24.3,24.3,12.3,541.6,128.8,9.1,6.9,0,0,3.80,3.41,1.22,135.6,41.3,115.6,5.8,54.4,58.9,18,43.3,36.9,19.8,0.286
116,Garrett Richards,SD,SP,R,24.8,24.8,12.5,526.9,126.5,8.1,7.2,0,0,3.60,3.13,1.21,131.8,36.4,116.7,4.3,50.6,55.4,15,50.6,29.1,20.3,0.300
117,Matt Shoemaker,TOR,SP,R,24.3,24.3,10.3,538.8,126.4,7.0,8.4,0,0,4.74,3.75,1.27,112.5,27.0,133.1,5.3,66.6,70.9,24,39.9,39.7,20.4,0.294
118,Jordan Yamamoto,MIA,SP,R,24.3,24.3,10.8,544.6,126.4,6.5,9.0,0,0,4.48,3.81,1.31,119.5,41.9,123.9,6.8,62.9,67.4,19,41.3,38.8,19.9,0.293
119,Jesus Luzardo,OAK,SP,L,24.3,24.3,12.2,521.9,126.4,8.7,6.6,0,0,3.75,3.21,1.16,128.0,29.7,117.4,4.9,52.7,57.1,18,44.0,35.6,20.4,0.292
120,Ryan Yarbrough,TB,SP,L,21.1,21.1,10.8,530.0,124.5,7.1,7.9,0,0,4.38,3.92,1.27,100.4,28.5,129.5,6.4,60.6,65.2,20,42.8,36.7,20.5,0.292
121,Jordan Lyles,TEX,SP,R,24.3,24.3,10.2,531.5,123.9,7.1,8.3,0,0,4.70,3.81,1.34,113.0,39.4,126.1,4.5,64.7,69.2,21,41.8,37.7,20.5,0.297
122,Drew Smyly,SF,SP,L,24.3,24.3,10.8,515.9,121.5,6.8,8.4,0,0,4.26,3.64,1.25,122.8,35.9,115.4,3.8,57.5,61.4,20,36.5,43.4,20.1,0.286
123,Sean Newcomb,ATL,SP,L,24.3,24.3,10.7,526.2,121.5,7.6,7.4,0,0,4.29,3.87,1.35,120.3,47.0,117.3,4.2,57.9,62.4,17,44.2,34.7,21.0,0.297
124,J.A. Happ,NYY,SP,L,22.7,22.7,10.0,513.0,120.3,7.4,7.2,0,0,4.63,3.70,1.30,111.5,33.4,122.5,4.3,62.0,66.2,23,41.3,38.7,20.1,0.293
125,Homer Bailey,MIN,SP,R,22.7,22.7,9.6,516.8,120.3,7.5,7.4,0,0,4.85,3.93,1.34,96.7,32.1,129.7,4.6,64.8,69.3,21,43.0,36.2,20.8,0.299
126,Lance McCullers Jr.,HOU,SP,R,22.1,22.1,11.5,476.6,114.9,8.7,5.3,0,0,3.55,3.02,1.20,125.1,34.1,103.5,5.3,45.3,49.7,13,51.9,28.1,20.1,0.303
127,Alex Wood,LAD,SP,L,21.1,21.1,10.7,480.8,113.9,7.7,6.1,0,0,3.93,3.59,1.23,97.9,24.9,115.5,4.9,49.7,54.2,16,48.9,31.3,19.8,0.295
128,Kendall Graveman,SEA,SP,R,22.7,22.7,9.6,487.3,113.5,5.8,8.1,0,0,4.53,3.92,1.31,86.4,23.9,125.3,5.0,57.2,61.8,18,49.1,30.9,20.0,0.302
129,Justus Sheffield,SEA,SP,L,22.7,22.7,9.5,495.2,113.5,5.6,8.1,0,0,4.61,4.19,1.42,100.2,46.6,114.1,3.9,58.1,62.6,18,45.1,34.9,20.0,0.295
130,Peter Lambert,COL,SP,R,22.7,22.7,8.2,498.7,113.5,6.1,8.1,0,0,5.30,4.12,1.44,80.4,30.0,133.1,4.3,66.8,71.4,21,46.3,31.8,22.0,0.309
131,Josh James,HOU,SP,R,34.0,17.8,8.4,468.7,111.9,7.7,5.5,0,2,3.88,3.10,1.21,138.2,42.6,92.9,5.2,48.2,51.7,16,40.7,39.2,20.1,0.288
132,Luke Weaver,ARI,SP,R,21.1,21.1,10.3,469.4,111.8,6.9,6.8,0,0,4.05,3.31,1.21,115.2,27.6,107.6,3.9,50.3,54.2,17,42.9,36.0,21.1,0.296
133,Justin Dunn,SEA,SP,R,21.1,21.1,8.7,476.3,109.7,5.5,8.3,0,0,4.86,4.03,1.35,100.4,38.3,110.3,5.4,59.2,63.1,20,39.9,40.1,20.0,0.290
134,Yonny Chirinos,TB,SP,R,19.4,19.4,9.7,456.5,108.6,6.4,6.7,0,0,4.23,3.64,1.24,92.0,23.6,111.5,3.8,51.0,55.1,17,45.4,34.1,20.5,0.295
135,Zach Plesac,CLE,SP,R,19.4,19.4,8.5,460.1,106.7,6.1,6.9,0,0,4.89,4.08,1.32,87.6,27.1,114.0,4.2,57.9,61.7,21,39.2,40.1,20.7,0.290
136,Marco Estrada,FA,SP,R,21.1,21.1,7.2,467.2,105.5,5.1,7.9,0,0,5.57,4.78,1.41,79.5,32.9,115.7,3.5,65.3,68.7,24,30.0,49.5,20.5,0.280
137,Ross Stripling,LAD,SP,R,32.4,16.2,7.7,436.7,105.3,7.0,5.5,0,2,3.74,3.24,1.16,101.0,19.8,102.4,3.0,43.8,47.7,15,48.1,32.1,19.8,0.293
138,Dylan Cease,CHW,SP,R,19.4,19.4,8.8,435.3,100.9,6.2,6.1,0,0,4.34,3.79,1.33,106.5,39.2,95.3,3.8,48.6,52.4,16,45.7,34.2,20.1,0.295
139,Jordan Montgomery,NYY,SP,L,19.4,19.4,8.6,425.0,100.9,6.5,5.9,0,0,4.48,3.51,1.25,95.6,23.8,102.1,3.1,50.2,53.6,19,40.2,39.7,20.1,0.293
140,Logan Allen,CLE,SP,L,29.2,13.0,5.5,431.6,100.0,5.6,5.8,0,2,4.51,3.92,1.33,91.0,33.5,99.5,4.9,50.1,53.7,17,42.1,37.3,20.7,0.291
141,James Paxton,NYY,SP,L,18.4,18.4,9.6,406.2,99.4,7.1,5.0,0,0,3.74,2.84,1.14,116.0,26.4,86.7,2.5,41.3,44.3,16,41.0,38.9,20.1,0.289
142,Tyler Chatwood,CHC,SP,R,29.2,14.6,6.3,434.4,99.3,5.9,5.8,0,1,4.19,3.84,1.44,96.8,47.5,94.8,4.5,46.2,50.4,11,53.2,26.1,20.7,0.305
143,Shohei Ohtani,LAA,SP,R,18.7,18.7,9.9,407.1,99.1,7.2,4.9,0,0,3.49,2.91,1.12,121.7,27.8,82.8,3.9,38.5,41.6,14,41.7,38.3,20.0,0.288
144,Joe Ross,WSH,SP,R,19.4,19.4,8.1,417.9,97.0,5.6,6.2,0,0,4.62,3.88,1.33,81.1,26.8,101.9,4.7,49.7,53.4,16,43.9,35.4,20.7,0.297
145,Jhoulys Chacin,MIN,SP,R,19.4,19.4,7.2,425.6,97.0,5.8,6.4,0,0,5.19,4.27,1.43,75.3,33.1,105.4,4.9,55.9,59.6,18,41.2,38.0,20.8,0.297
146,Adam Plutko,CLE,SP,R,29.2,13.0,4.8,415.4,96.4,4.8,6.3,0,2,5.29,4.14,1.30,79.2,21.1,104.9,3.1,56.6,59.6,23,30.7,48.6,20.7,0.284
147,Clay Buchholz,FA,SP,R,17.8,17.8,7.7,416.0,96.1,5.2,6.5,0,0,4.87,4.18,1.35,71.8,23.0,106.4,3.4,52.0,55.6,17,42.3,37.2,20.5,0.296
148,Griffin Canning,LAA,SP,R,18.3,18.3,8.6,401.2,95.2,6.2,5.4,0,0,4.16,3.50,1.20,97.4,23.8,90.7,4.7,44.0,47.2,16,40.1,39.9,20.0,0.289
149,Jorge Lopez,KC,SP,R,45.3,9.7,3.9,404.1,94.8,4.8,5.7,0,4,4.43,3.64,1.31,82.0,26.8,97.0,4.5,46.7,50.2,14,45.3,34.0,20.7,0.301
150,Logan Webb,SF,SP,R,18.5,18.5,8.7,393.6,92.5,5.3,6.0,0,0,3.94,3.71,1.29,81.4,27.1,91.8,3.3,40.5,44.2,11,50.5,29.4,20.1,0.299
151,Brad Peacock,HOU,SP,R,29.2,14.6,6.5,393.3,92.0,5.9,5.0,0,1,4.44,3.60,1.27,97.3,28.5,88.5,3.7,45.3,48.4,16,39.8,40.1,20.1,0.293
152,Michael Pineda,MIN,SP,R,16.4,16.4,7.9,384.7,91.8,6.0,5.1,0,0,4.44,3.42,1.22,84.0,16.5,95.6,3.3,45.3,48.5,16,42.0,37.2,20.8,0.300
153,Michael Wacha,NYM,SP,R,38.9,6.5,2.7,384.9,90.8,4.7,5.0,0,3,4.08,3.38,1.28,87.0,26.4,89.6,2.7,41.2,44.5,13,47.5,32.4,20.2,0.300
154,Freddy Peralta,MIL,SP,R,42.1,9.7,4.2,378.3,90.6,5.2,4.9,0,5,3.90,2.80,1.20,116.3,34.9,74.2,3.6,39.2,41.8,14,37.1,42.3,20.7,0.289
155,Chris Bassitt,OAK,SP,R,16.2,16.2,7.8,375.6,89.1,5.6,5.2,0,0,4.32,3.58,1.25,80.6,25.1,86.6,5.3,42.8,45.9,13,42.6,37.0,20.4,0.291
156,Tony Gonsolin,LAD,SP,R,32.4,8.1,3.5,373.3,89.1,5.1,4.6,0,2,4.03,3.30,1.19,93.3,25.1,81.1,3.1,40.0,42.8,14,39.7,40.5,19.8,0.281
157,Elieser Hernandez,MIA,SP,R,17.8,17.8,7.4,381.6,89.0,4.6,6.5,0,0,4.59,3.76,1.27,84.8,25.7,87.3,5.2,45.4,48.2,16,35.5,44.6,19.9,0.285
158,Alec Mills,CHC,SP,R,29.1,9.7,4.0,375.6,88.3,4.8,5.0,0,2,4.40,3.56,1.26,80.7,22.9,88.6,4.2,43.1,46.2,14,42.6,36.7,20.7,0.293
159,Erik Swanson,SEA,RP,R,58.3,3.2,1.3,360.8,87.6,4.1,4.8,0,6,4.09,3.06,1.14,88.6,16.7,82.9,3.1,39.8,42.4,16,37.0,43.0,20.0,0.284
160,Nick Pivetta,PHI,SP,R,29.2,13.0,5.9,366.2,87.0,5.1,5.2,0,2,4.17,3.20,1.24,93.2,26.6,81.5,3.2,40.3,43.4,14,45.2,34.9,19.9,0.294
161,Vince Velasquez,PHI,SP,R,29.2,13.0,5.4,364.2,86.1,4.9,5.4,0,2,4.38,3.26,1.23,93.5,25.2,80.7,3.9,41.9,44.6,16,38.2,42.0,19.9,0.286
162,Ryan Borucki,TOR,SP,L,16.2,16.2,6.9,371.5,85.9,4.7,5.8,0,0,4.79,4.08,1.36,68.8,24.8,91.8,3.6,45.7,49.0,14,44.2,35.3,20.4,0.298
163,Brandon Bailey,BAL,SP,R,24.3,14.6,5.0,380.3,85.6,3.6,6.6,0,1,5.64,4.36,1.48,71.1,35.4,91.7,3.6,53.6,56.6,19,37.0,42.4,20.6,0.290
164,Tyler Duffey,MIN,RP,R,64.8,0.0,0.0,344.2,84.2,4.6,3.6,1,13,3.58,2.64,1.12,95.3,17.6,76.3,3.3,33.5,36.1,12,43.6,35.6,20.8,0.298
165,Scott Barlow,KC,RP,R,64.8,0.0,0.0,352.3,84.2,4.1,4.1,0,13,3.86,3.10,1.22,93.9,29.8,73.0,3.6,36.1,38.7,11,39.1,40.2,20.7,0.288
166,A.J. Puk,OAK,SP,L,16.2,16.2,8.0,352.0,84.2,5.6,4.5,0,0,3.89,3.32,1.21,90.9,26.5,75.5,3.5,36.4,39.2,12,41.3,38.3,20.4,0.289
167,Danny Salazar,FA,SP,R,29.2,13.0,4.9,368.8,83.8,4.0,5.7,0,2,5.23,4.34,1.45,60.0,27.1,94.0,3.3,48.7,52.0,16,43.3,36.2,20.5,0.298
168,Robert Dugger,MIA,SP,R,24.3,14.6,5.7,360.0,82.7,3.8,6.0,0,1,4.83,4.17,1.35,66.1,25.1,86.8,4.2,44.4,47.4,14,40.5,39.6,19.9,0.290
169,Tyler Beede,SF,SP,R,16.2,16.2,7.3,358.0,82.6,4.5,5.7,0,0,4.28,3.93,1.34,80.2,31.1,79.2,4.1,39.2,42.4,11,44.5,35.3,20.1,0.294
170,Kohl Stewart,BAL,SP,R,22.7,13.0,4.6,365.6,82.5,3.7,5.9,0,1,5.19,4.30,1.49,57.9,31.2,92.0,4.8,47.6,51.2,14,49.6,29.9,20.6,0.304
171,Luis Cessa,NYY,RP,R,53.4,3.2,1.2,346.0,81.3,4.1,4.3,0,8,4.51,3.48,1.29,75.4,22.4,82.8,3.0,40.7,43.7,14,44.7,35.2,20.1,0.296
172,Derek Holland,PIT,SP,L,55.1,9.7,3.9,354.7,81.3,4.3,5.1,0,7,4.52,3.84,1.38,78.6,29.2,82.5,3.2,40.8,43.7,13,40.9,37.7,21.4,0.302
173,Taijuan Walker,SEA,SP,R,16.2,16.2,6.7,346.0,81.0,4.1,5.9,0,0,4.68,3.81,1.29,70.1,19.5,84.8,3.7,42.1,45.0,15,41.9,38.1,20.0,0.294
174,Brendan McKay,TB,SP,L,16.2,16.2,7.9,334.3,81.0,5.4,4.7,0,0,3.73,3.17,1.14,88.1,19.5,73.0,2.8,33.5,36.1,12,39.7,39.8,20.5,0.287
175,Trent Thornton,TOR,SP,R,16.2,16.2,6.4,348.8,81.0,4.5,5.6,0,0,4.91,3.92,1.33,71.4,22.8,84.7,3.2,44.2,47.0,15,39.6,40.0,20.4,0.294
176,Carlos Rodon,CHW,SP,L,27.5,11.3,5.4,336.3,79.5,4.6,4.6,0,2,4.33,3.41,1.27,80.1,25.0,76.1,3.7,38.3,41.0,13,42.8,37.2,20.1,0.295
177,Michael Kopech,CHW,SP,R,15.8,15.8,6.7,338.6,79.0,4.8,4.9,0,0,4.48,3.48,1.28,90.2,29.0,72.0,4.6,39.3,41.9,14,37.9,42.0,20.1,0.289
178,Corbin Burnes,MIL,SP,R,45.4,4.9,2.2,325.6,78.2,4.2,4.0,0,6,3.86,2.91,1.20,85.4,22.5,71.6,3.2,33.6,36.2,11,46.6,32.7,20.7,0.297
179,Seth Lugo,NYM,RP,R,64.8,0.0,0.0,316.9,77.8,4.1,3.5,3,13,3.32,2.55,1.07,90.5,14.5,68.9,3.0,28.7,31.1,10,44.0,35.8,20.2,0.297
180,Jesse Chavez,TEX,RP,R,64.8,0.0,0.0,327.3,77.8,3.8,3.8,2,10,4.06,3.32,1.21,75.0,16.0,78.2,2.7,35.1,37.8,13,43.6,35.9,20.5,0.297
181,Junior Guerra,ARI,RP,R,64.8,0.0,0.0,331.9,77.8,3.7,3.9,0,13,4.20,3.38,1.28,79.6,25.4,74.2,3.0,36.3,39.0,11,41.8,37.1,21.1,0.296
182,Daniel Hudson,WSH,RP,R,64.8,0.0,0.0,329.5,77.8,3.8,3.7,5,10,4.05,3.22,1.25,81.4,25.2,72.0,4.0,35.0,37.6,11,41.0,38.3,20.7,0.293
183,Tyler Anderson,SF,SP,L,14.6,14.6,7.2,319.0,75.9,4.4,4.9,0,0,3.90,3.55,1.21,73.3,19.1,73.0,2.4,32.9,35.5,11,42.7,37.2,20.1,0.291
184,Blake Treinen,LAD,RP,R,61.6,0.0,0.0,302.7,73.9,4.1,3.1,3,12,3.21,2.66,1.16,80.7,21.4,64.0,2.5,26.4,29.1,7,53.3,26.9,19.8,0.297
185,Sam Gaviglio,TOR,RP,R,56.7,0.0,0.0,310.8,73.7,3.5,3.7,0,9,4.29,3.32,1.23,67.3,13.6,76.8,3.0,35.1,37.8,12,45.8,33.7,20.4,0.302
186,Tyler Mahle,CIN,SP,R,32.4,8.1,3.6,305.5,72.9,4.0,4.2,0,2,4.02,3.09,1.20,78.1,17.4,69.6,3.0,32.6,35.1,12,44.8,35.2,20.1,0.297
187,Chad Green,NYY,RP,R,59.9,0.0,0.0,285.1,71.9,4.1,2.9,0,9,3.21,2.00,0.98,97.7,14.4,55.9,2.7,25.6,27.4,11,37.1,42.8,20.1,0.283
188,Collin McHugh,FA,RP,R,48.6,3.2,1.5,298.7,71.8,3.8,3.6,0,7,3.81,3.03,1.18,77.3,18.9,65.7,3.1,30.4,32.7,10,41.2,38.3,20.5,0.293
189,Dustin May,LAD,SP,R,19.9,12.8,6.2,300.2,71.6,4.8,3.8,0,1,3.88,3.35,1.20,62.9,15.6,70.6,4.5,30.9,33.7,9,51.5,28.8,19.8,0.295
190,Mychal Givens,BAL,RP,R,64.8,0.0,0.0,293.4,71.3,3.5,3.4,10,6,3.74,2.69,1.16,84.2,22.2,60.6,3.1,29.6,31.7,10,39.6,39.9,20.6,0.289
191,John Gant,STL,RP,R,64.8,0.0,0.0,300.2,71.3,3.5,3.5,5,13,3.77,3.25,1.25,71.7,23.2,66.1,2.3,29.8,32.4,9,46.3,33.1,20.6,0.295
192,Josh Hader,MIL,RP,L,64.8,0.0,0.0,281.4,71.3,4.1,2.8,30,2,2.76,1.62,0.95,116.0,21.6,45.8,2.7,21.9,23.3,9,33.5,45.8,20.7,0.277
193,Nick Wittgren,CLE,RP,R,64.8,0.0,0.0,299.3,71.3,3.5,3.4,0,13,4.18,3.31,1.21,69.7,16.6,69.9,2.4,33.2,35.4,12,39.2,40.1,20.7,0.292
194,Raisel Iglesias,CIN,RP,R,64.8,0.0,0.0,292.2,71.3,3.6,3.3,30,0,3.62,2.56,1.12,86.1,18.3,61.3,2.6,28.7,30.8,11,40.8,39.1,20.1,0.290
195,Giovanny Gallegos,STL,RP,R,64.8,0.0,0.0,291.1,71.3,3.7,3.3,7,12,3.44,2.65,1.06,84.6,14.4,61.4,2.6,27.2,29.2,10,37.8,41.5,20.6,0.286
196,Diego Castillo,TB,RP,R,64.8,0.0,0.0,287.5,71.3,3.9,3.0,5,15,3.00,2.42,1.07,88.1,18.8,57.3,3.0,23.8,26.1,8,47.1,32.5,20.5,0.293
197,Richard Bleier,BAL,RP,L,64.8,0.0,0.0,300.0,71.3,3.3,3.6,1,10,4.07,3.29,1.29,46.7,12.1,79.9,3.2,32.2,35.2,9,54.6,24.8,20.6,0.310
198,Wei-Yin Chen,SEA,SP,L,27.5,8.1,3.1,303.2,70.4,3.1,4.8,0,3,4.88,4.00,1.31,58.9,17.1,75.0,2.6,38.1,40.5,14,36.8,43.2,20.0,0.289
199,Austin Voth,WSH,SP,R,27.5,8.1,3.6,294.4,70.4,4.0,3.8,0,2,4.01,3.26,1.20,70.3,17.8,66.9,2.7,31.4,33.7,11,41.3,37.9,20.7,0.291
200,Tyson Ross,SF,SP,R,13.0,13.0,6.1,306.7,70.2,3.7,4.9,0,0,4.42,4.13,1.39,55.8,23.6,73.8,3.4,34.5,37.5,9,50.8,29.1,20.1,0.303
201,Jimmy Nelson,LAD,SP,R,25.9,9.7,4.5,294.4,69.8,4.3,3.7,0,2,4.03,3.34,1.24,68.4,21.1,65.7,3.7,31.3,33.9,10,47.7,32.6,19.8,0.293
202,Wade LeBlanc,BAL,SP,L,13.0,13.0,4.7,305.3,68.9,3.0,5.5,0,0,5.66,4.61,1.46,46.1,19.3,81.4,2.0,43.3,45.9,16,39.0,40.5,20.6,0.296
203,Yusmeiro Petit,OAK,RP,R,56.7,0.0,0.0,286.8,68.0,3.3,3.3,0,14,4.45,3.66,1.20,60.5,11.8,70.0,1.8,33.6,35.7,13,34.1,45.5,20.4,0.287
204,Rich Hill,MIN,SP,L,13.3,13.3,6.1,285.0,67.8,4.7,3.7,0,0,4.24,3.31,1.23,71.2,19.8,63.3,3.6,31.9,34.1,11,39.0,40.1,20.8,0.290
205,Matt Harvey,FA,SP,R,13.0,13.0,5.2,293.3,67.6,3.5,4.7,0,0,5.03,4.10,1.37,52.3,18.4,74.1,2.8,37.7,40.3,13,42.5,37.0,20.5,0.297
206,Ljay Newsome,SEA,SP,R,12.9,12.9,5.1,283.2,67.1,3.1,5.1,0,0,5.09,4.10,1.22,51.3,8.9,73.2,2.1,37.9,40.0,16,31.1,49.0,20.0,0.278
207,Cal Quantrill,SD,SP,R,19.4,9.7,4.2,284.6,67.0,3.6,4.2,0,1,4.30,3.66,1.26,58.2,16.4,68.4,2.6,32.0,34.5,10,45.2,34.4,20.3,0.296
208,Shaun Anderson,SF,SP,R,25.9,9.7,4.5,283.0,66.6,4.0,3.9,0,2,4.12,3.82,1.28,54.6,18.0,67.3,2.3,30.5,33.1,9,46.4,33.5,20.1,0.293
209,Domingo German,NYY,SP,R,12.3,12.3,5.5,281.2,66.4,4.1,4.0,0,0,4.63,3.45,1.26,66.9,17.9,65.5,2.9,34.2,36.3,13,39.9,40.0,20.1,0.290
210,Glenn Sparkman,KC,SP,R,13.0,13.0,4.7,290.7,66.3,3.1,5.1,0,0,5.44,4.56,1.42,40.7,16.1,78.2,2.5,40.1,42.6,13,40.4,38.9,20.7,0.298
211,Devin Smeltzer,MIN,SP,L,22.7,6.5,2.6,280.0,66.2,3.7,3.6,0,2,4.60,3.64,1.26,56.2,14.4,69.0,2.7,33.8,36.0,13,37.7,41.4,20.8,0.291
212,Roenis Elias,WSH,RP,L,55.1,0.0,0.0,278.6,66.1,3.3,3.2,2,8,4.02,3.28,1.23,63.6,18.0,63.4,3.0,29.5,31.7,10,41.5,37.8,20.7,0.291
213,Trevor Richards,TB,SP,R,30.8,6.5,2.8,279.8,66.1,3.6,3.8,0,2,4.25,3.52,1.25,65.5,19.3,63.4,2.7,31.2,33.4,11,38.1,41.4,20.5,0.289
214,Wilmer Font,TOR,RP,R,50.2,0.0,0.0,268.4,65.3,3.3,3.1,0,8,3.90,2.74,1.12,75.6,14.8,58.3,2.3,28.3,30.1,11,37.2,42.4,20.4,0.288
215,Daniel Poncedeleon,STL,SP,R,13.0,13.0,5.3,284.6,65.0,3.5,4.5,0,0,4.67,4.10,1.37,63.9,27.1,61.7,3.2,33.8,36.0,11,37.2,42.2,20.6,0.282
216,Jeff Hoffman,COL,SP,R,13.0,13.0,4.8,286.0,65.0,3.5,4.5,0,0,5.20,3.92,1.42,59.7,23.6,68.9,3.3,37.6,40.0,12,41.6,36.5,22.0,0.303
217,Shane Greene,ATL,RP,R,64.8,0.0,0.0,271.9,64.8,3.3,3.0,3,11,3.76,3.08,1.19,66.8,15.2,62.2,2.9,27.1,29.4,9,45.7,33.3,21.0,0.300
218,Tommy Kahnle,NYY,RP,R,64.8,0.0,0.0,263.5,64.8,3.6,2.7,0,16,3.34,2.46,1.10,82.5,18.7,52.8,2.3,24.0,26.0,9,44.6,35.3,20.1,0.292
219,Kyle Ryan,CHC,RP,L,64.8,0.0,0.0,276.7,64.8,3.3,3.0,0,10,3.83,3.39,1.32,59.7,22.2,63.3,2.6,27.6,30.2,7,52.5,26.8,20.7,0.303
220,Hansel Robles,LAA,RP,R,64.8,0.0,0.0,271.2,64.8,3.3,3.0,20,3,3.96,3.18,1.18,71.0,17.8,58.7,2.4,28.5,30.4,10,36.8,43.2,20.0,0.285
221,Adam Ottavino,NYY,RP,R,64.8,0.0,0.0,274.1,64.8,3.3,3.0,0,16,4.08,3.04,1.26,79.9,26.6,54.8,3.0,29.4,31.4,10,40.5,39.5,20.1,0.291
222,Jairo Diaz,COL,RP,R,64.8,0.0,0.0,271.9,64.8,3.3,3.0,3,10,3.85,2.88,1.23,68.9,17.9,62.0,2.6,27.7,30.0,8,49.2,28.8,22.0,0.309
223,Matt Barnes,BOS,RP,R,64.8,0.0,0.0,267.2,64.8,3.7,2.6,7,16,3.16,2.63,1.14,88.9,23.6,50.1,2.3,22.7,24.8,7,45.3,33.5,21.2,0.297
224,Alex Claudio,MIL,RP,L,64.8,0.0,0.0,277.0,64.8,3.2,3.1,0,13,3.90,3.30,1.32,48.0,15.5,70.2,2.9,28.1,31.0,7,58.1,21.3,20.7,0.311
225,Taylor Rogers,MIN,RP,L,64.8,0.0,0.0,262.8,64.8,3.7,2.6,25,0,3.21,2.45,1.07,77.3,13.2,56.3,3.0,23.1,25.2,8,46.5,32.7,20.8,0.301
226,Sam Tuivailala,SEA,RP,R,64.8,0.0,0.0,273.4,64.8,2.9,3.4,5,10,4.22,3.37,1.24,60.8,16.4,64.1,3.0,30.4,32.6,10,41.8,38.2,20.0,0.294
227,Brandon Brennan,SEA,RP,R,64.8,0.0,0.0,273.9,64.8,3.0,3.3,0,10,3.84,3.35,1.27,64.0,21.6,60.9,2.4,27.6,30.1,8,49.8,30.2,20.0,0.297
228,Roberto Osuna,HOU,RP,R,64.8,0.0,0.0,261.4,64.8,3.7,2.6,35,0,3.37,2.52,1.03,76.4,10.7,55.8,2.8,24.3,26.1,9,40.0,39.9,20.1,0.288
229,Scott Oberg,COL,RP,R,64.8,0.0,0.0,273.2,64.8,3.3,3.1,7,10,3.98,3.01,1.26,64.1,17.7,64.2,2.4,28.6,31.1,8,50.4,27.6,22.0,0.310
230,Amir Garrett,CIN,RP,L,64.8,0.0,0.0,269.2,64.8,3.3,3.0,0,13,3.60,2.67,1.19,81.5,23.0,54.1,2.7,25.9,28.0,9,44.9,35.0,20.1,0.295
231,Jose Leclerc,TEX,RP,R,64.8,0.0,0.0,265.7,64.8,3.5,2.8,20,0,3.17,2.50,1.11,91.6,25.2,46.6,3.1,22.8,24.6,8,37.7,41.8,20.5,0.283
232,Carlos Estevez,COL,RP,R,64.8,0.0,0.0,270.9,64.8,3.3,3.1,3,12,4.01,2.85,1.21,72.2,18.1,60.4,2.5,28.9,31.0,10,42.2,35.8,22.0,0.302
233,Keone Kela,PIT,RP,R,64.8,0.0,0.0,264.5,64.8,3.3,3.0,15,6,3.30,2.47,1.09,81.3,16.3,54.4,2.4,23.8,25.7,8,41.1,37.5,21.4,0.298
234,Edwin Diaz,NYM,RP,R,64.8,0.0,0.0,256.4,64.8,3.7,2.6,25,0,2.69,1.81,0.95,97.7,16.8,44.8,3.0,19.4,21.1,7,42.4,37.4,20.2,0.287
235,Buck Farmer,DET,RP,R,64.8,0.0,0.0,274.6,64.8,3.0,3.3,0,13,4.15,3.31,1.25,66.9,19.2,62.1,2.7,29.9,32.1,10,41.6,37.7,20.7,0.296
236,Michael Lorenzen,CIN,RP,R,64.8,0.0,0.0,273.9,64.8,3.1,3.2,5,13,3.97,3.12,1.26,65.3,18.8,62.7,2.7,28.6,31.0,9,49.3,30.7,20.1,0.302
237,Kenley Jansen,LAD,RP,R,64.8,0.0,0.0,263.2,64.8,3.5,2.8,30,0,3.60,2.64,1.04,75.2,11.9,55.5,2.6,25.9,27.7,10,36.9,43.4,19.8,0.278
238,Zack Britton,NYY,RP,L,64.8,0.0,0.0,271.1,64.8,3.6,2.7,0,16,3.15,2.81,1.28,62.9,22.9,60.2,2.3,22.7,25.5,5,63.4,16.5,20.1,0.310
239,Pedro Baez,LAD,RP,R,64.8,0.0,0.0,271.2,64.8,3.3,3.0,0,13,3.97,3.21,1.18,67.8,18.4,58.3,2.5,28.6,30.5,10,37.7,42.6,19.8,0.279
240,Anthony Bass,TOR,RP,R,64.8,0.0,0.0,271.6,64.8,3.2,3.1,5,10,3.98,3.25,1.21,62.8,14.7,63.9,2.1,28.6,31.0,9,46.4,33.2,20.4,0.298
241,Ty Buttrey,LAA,RP,R,64.8,0.0,0.0,264.3,64.8,3.6,2.7,3,16,3.30,2.71,1.10,75.1,16.5,54.7,2.8,23.8,25.9,8,45.0,35.0,20.0,0.289
242,Nick Anderson,TB,RP,R,64.8,0.0,0.0,256.9,64.8,3.6,2.7,15,6,2.98,2.07,0.97,89.2,14.2,48.5,2.3,21.4,23.0,8,35.4,44.1,20.5,0.281
243,Jose Cisnero,DET,RP,R,64.8,0.0,0.0,274.5,64.8,3.0,3.3,0,10,4.28,3.26,1.26,67.2,20.4,61.5,2.9,30.8,32.9,10,39.8,39.5,20.7,0.295
244,Emilio Pagan,SD,RP,R,64.8,0.0,0.0,259.7,64.8,3.4,2.9,2,14,3.26,2.27,0.99,83.5,12.6,51.8,2.4,23.5,25.1,9,34.6,45.1,20.3,0.280
245,Adam Cimber,CLE,RP,R,64.8,0.0,0.0,275.9,64.8,3.2,3.1,0,13,4.23,3.58,1.29,49.4,13.9,69.4,3.4,30.4,33.1,9,50.4,28.9,20.7,0.301
246,Alex Colome,CHW,RP,R,64.8,0.0,0.0,272.5,64.8,3.3,3.1,25,0,3.95,3.21,1.22,66.1,16.7,62.6,2.5,28.4,30.7,10,44.7,35.2,20.1,0.298
247,Ian Kennedy,KC,RP,R,64.8,0.0,0.0,269.2,64.8,3.1,3.2,20,3,4.09,3.04,1.17,67.8,14.9,61.1,2.3,29.5,31.3,11,35.7,43.6,20.7,0.289
248,Will Smith,ATL,RP,L,64.8,0.0,0.0,262.2,64.8,3.6,2.7,8,13,3.11,2.34,1.05,84.2,15.4,52.8,2.0,22.4,24.3,8,42.0,37.0,21.0,0.294
249,Kirby Yates,SD,RP,R,64.8,0.0,0.0,260.9,64.8,3.5,2.8,35,0,2.99,2.20,0.99,88.4,14.2,50.2,3.3,21.6,23.4,8,41.9,37.7,20.3,0.288
250,Brad Hand,CLE,RP,L,64.8,0.0,0.0,265.5,64.8,3.5,2.8,30,0,3.46,2.58,1.10,80.6,17.4,54.0,3.4,24.9,26.8,9,40.2,39.1,20.7,0.290
251,Touki Toussaint,ATL,SP,R,27.5,3.2,1.3,278.3,64.6,3.4,3.3,0,4,4.02,3.46,1.29,71.4,25.2,58.4,4.0,28.9,31.2,9,43.7,35.3,21.0,0.294
252,Matt Strahm,SD,RP,L,53.5,0.0,0.0,262.7,64.2,3.3,3.0,0,11,3.55,2.68,1.09,72.0,12.8,57.0,3.0,25.3,27.2,9,39.4,40.3,20.3,0.288
253,Dean Kremer,BAL,SP,R,12.2,12.2,4.6,277.1,63.4,2.9,4.8,0,0,5.35,4.15,1.42,53.4,22.4,67.4,2.3,37.7,39.9,14,38.2,41.3,20.6,0.291
254,Lucas Sims,CIN,RP,R,47.0,1.6,0.7,260.1,62.8,3.3,3.1,0,7,3.70,2.59,1.14,82.5,20.7,50.5,3.2,25.8,27.5,10,36.1,43.8,20.1,0.283
255,Marcus Walden,BOS,RP,R,56.7,0.0,0.0,263.6,62.4,3.2,2.8,3,9,3.96,3.33,1.27,57.9,18.1,61.1,2.8,27.4,29.8,8,49.1,29.7,21.2,0.302
256,John Brebbia,STL,RP,R,56.7,0.0,0.0,259.8,62.4,3.0,3.1,2,10,3.98,3.06,1.15,68.6,15.7,56.0,2.5,27.6,29.2,10,31.8,47.5,20.6,0.281
257,Keynan Middleton,LAA,RP,R,56.7,0.0,0.0,263.4,62.4,3.1,3.0,0,6,4.21,3.42,1.24,61.8,18.2,59.2,2.3,29.2,31.2,10,38.4,41.6,20.0,0.286
258,Austin Pruitt,HOU,RP,R,35.6,3.2,1.4,260.2,62.0,3.5,3.0,0,3,4.13,3.37,1.23,54.4,11.7,64.4,2.1,28.5,30.8,9,47.4,32.5,20.1,0.301
259,Andrew Cashner,FA,SP,R,11.3,11.3,4.9,267.3,61.0,3.3,4.2,0,0,4.88,4.25,1.42,46.9,20.4,66.4,2.4,33.1,35.5,10,45.9,33.6,20.5,0.302
260,Keegan Akin,BAL,SP,L,11.7,11.7,4.2,270.8,60.8,2.7,4.7,0,0,5.56,4.46,1.49,53.7,28.1,62.7,2.2,37.6,39.6,14,33.0,46.4,20.6,0.284
261,Framber Valdez,HOU,RP,L,42.1,1.6,0.8,250.2,60.7,3.7,2.4,0,4,3.11,2.63,1.20,70.8,22.5,50.5,3.0,21.0,23.3,5,56.8,23.1,20.1,0.304
262,Kevin McCarthy,KC,RP,R,55.1,0.0,0.0,259.0,60.6,2.8,3.1,0,8,4.20,3.66,1.36,40.0,15.9,66.5,2.1,28.3,30.9,7,54.3,25.0,20.7,0.307
263,Miguel Castro,BAL,RP,R,55.1,0.0,0.0,261.4,60.6,2.7,3.2,3,8,4.50,3.64,1.39,57.3,24.7,59.3,2.2,30.3,32.6,9,45.6,33.9,20.6,0.298
264,Jose Urena,MIA,RP,R,37.3,4.9,2.4,256.0,60.3,2.9,3.6,0,3,4.07,3.55,1.25,52.0,14.1,61.6,3.1,27.3,29.6,8,47.0,33.1,19.9,0.298
265,Rogelio Armenteros,HOU,SP,R,19.4,9.7,4.0,256.9,60.1,3.4,3.9,0,1,4.69,3.72,1.29,57.5,18.4,59.5,2.0,31.4,33.3,11,37.7,42.2,20.1,0.288
266,Rafael Montero,TEX,RP,R,59.9,0.0,0.0,246.0,59.9,3.1,2.7,3,11,3.53,2.75,1.14,68.5,15.4,52.6,2.4,23.5,25.4,8,43.8,35.7,20.5,0.295
267,Robert Stephenson,CIN,RP,R,59.9,0.0,0.0,250.5,59.9,3.0,2.9,0,9,3.84,2.82,1.19,75.6,21.4,49.9,2.0,25.5,27.3,9,37.2,42.7,20.1,0.286
268,Sean Doolittle,WSH,RP,L,59.9,0.0,0.0,246.0,59.9,3.1,2.8,25,0,3.77,2.83,1.10,66.9,11.7,53.8,2.1,25.1,26.7,10,32.7,46.6,20.7,0.283
269,Clayton Richard,FA,SP,L,11.3,11.3,5.1,261.0,59.9,3.4,3.9,0,0,4.48,3.96,1.43,40.7,18.6,66.8,2.9,29.8,32.5,8,55.1,24.4,20.5,0.309
270,Matt Magill,SEA,RP,R,59.9,0.0,0.0,249.1,59.9,2.8,3.1,5,9,3.92,2.99,1.18,65.9,16.6,54.0,2.4,26.1,27.9,9,39.0,41.0,20.0,0.289
271,Pedro Strop,CIN,RP,R,59.9,0.0,0.0,253.2,59.9,2.9,2.9,2,9,3.89,3.07,1.24,63.6,18.5,56.0,3.2,25.9,28.1,8,48.1,31.8,20.1,0.300
272,Jeurys Familia,NYM,RP,R,59.9,0.0,0.0,252.3,59.9,3.0,2.8,0,12,3.64,3.06,1.27,64.7,22.5,53.7,2.3,24.2,26.5,6,50.8,29.0,20.2,0.303
273,Tyler Rogers,SF,RP,R,59.9,0.0,0.0,255.9,59.9,2.8,3.1,1,9,3.81,3.48,1.31,49.1,18.5,60.1,3.0,25.4,27.9,6,55.3,24.6,20.1,0.302
274,Darwinzon Hernandez,BOS,RP,L,59.9,0.0,0.0,257.6,59.9,3.2,2.6,0,9,3.73,3.32,1.32,77.6,32.6,46.4,3.9,24.8,26.8,7,41.0,37.8,21.2,0.288
275,Kevin Ginkel,ARI,RP,R,59.9,0.0,0.0,246.8,59.9,3.1,2.8,0,9,3.57,2.63,1.13,73.5,17.0,50.7,2.3,23.8,25.5,8,39.7,39.2,21.1,0.293
276,Josh Taylor,BOS,RP,L,59.9,0.0,0.0,250.8,59.9,3.2,2.6,0,9,3.63,3.11,1.21,66.8,19.5,53.0,2.4,24.2,26.2,8,43.4,35.5,21.2,0.294
277,Robbie Erlin,PIT,SP,L,27.5,3.2,1.4,250.9,59.7,2.9,3.3,0,4,3.95,3.32,1.23,50.6,9.7,63.5,2.0,26.2,28.4,8,47.0,31.7,21.4,0.308
278,Cody Reed,CIN,RP,L,45.4,0.0,0.0,245.5,59.0,3.0,2.8,0,5,3.56,2.77,1.20,66.4,18.2,52.6,2.6,23.3,25.4,7,50.9,29.1,20.1,0.301
279,T.J. McFarland,OAK,RP,L,45.4,0.0,0.0,256.6,59.0,2.9,2.9,0,7,4.22,3.95,1.42,36.4,16.8,66.9,2.1,27.6,30.4,7,55.9,23.7,20.4,0.309
280,Clay Holmes,PIT,RP,R,45.4,0.0,0.0,256.6,59.0,2.8,3.0,0,5,3.86,3.46,1.37,60.5,24.5,56.4,3.5,25.3,27.8,5,54.3,24.4,21.4,0.313
281,Ranger Suarez,PHI,RP,L,45.4,0.0,0.0,246.3,59.0,3.0,2.8,0,7,3.73,3.07,1.21,55.5,13.8,57.4,2.3,24.4,26.7,8,51.0,29.1,19.9,0.296
282,Brandon Workman,BOS,RP,R,64.8,0.0,0.0,245.1,58.3,3.1,2.5,25,2,3.62,3.08,1.22,70.4,20.8,50.1,2.0,23.4,25.4,7,43.6,35.3,21.2,0.297
283,Hector Neris,PHI,RP,R,64.8,0.0,0.0,239.5,58.3,3.0,2.7,25,0,3.62,2.53,1.10,73.7,15.9,48.3,2.8,23.5,25.1,9,40.5,39.6,19.9,0.285
284,Ken Giles,TOR,RP,R,64.8,0.0,0.0,235.7,58.3,3.1,2.6,25,0,3.32,2.43,1.06,73.6,13.3,48.4,1.8,21.5,23.2,8,41.6,38.0,20.4,0.293
285,Archie Bradley,ARI,RP,R,64.8,0.0,0.0,245.2,58.3,2.9,2.8,25,3,3.70,3.02,1.22,64.8,18.2,53.1,2.4,24.0,26.0,7,46.7,32.2,21.1,0.302
286,Kyle Crick,PIT,RP,R,64.8,0.0,0.0,249.0,58.3,2.7,3.0,3,12,4.02,3.21,1.27,65.1,20.6,53.5,3.3,26.1,28.0,8,41.3,37.3,21.4,0.301
287,Joe Jimenez,DET,RP,R,64.8,0.0,0.0,241.0,58.3,2.8,2.9,20,3,3.88,2.75,1.15,69.0,16.5,50.8,2.5,25.1,26.7,9,35.8,43.5,20.7,0.289
288,Tony Watson,SF,RP,L,64.8,0.0,0.0,241.8,58.3,2.8,2.9,10,10,3.60,3.16,1.16,54.7,12.3,55.2,2.7,23.3,25.4,7,44.9,35.0,20.1,0.291
289,Will Harris,WSH,RP,R,64.8,0.0,0.0,238.8,58.3,3.1,2.5,0,16,3.29,2.65,1.13,61.4,12.1,53.9,1.8,21.3,23.4,6,52.2,27.0,20.7,0.304
290,Liam Hendriks,OAK,RP,R,64.8,0.0,0.0,230.6,58.3,3.4,2.3,25,0,2.95,2.09,0.98,77.0,12.5,44.8,1.8,19.1,20.6,7,38.2,41.3,20.4,0.287
291,Richard Rodriguez,PIT,RP,R,64.8,0.0,0.0,243.9,58.3,2.7,3.0,0,13,4.00,3.02,1.18,61.5,13.5,55.5,2.5,25.9,27.7,9,37.6,41.0,21.4,0.296
292,Jace Fry,CHW,RP,L,64.8,0.0,0.0,245.5,58.3,3.1,2.6,0,10,3.55,3.06,1.26,68.7,23.5,50.1,2.2,23.0,25.1,7,49.1,30.8,20.1,0.299
293,Steve Cishek,CHW,RP,R,64.8,0.0,0.0,251.7,58.3,2.8,2.9,3,12,4.41,3.61,1.31,56.4,18.4,57.9,3.6,28.6,30.7,9,44.0,35.9,20.1,0.297
294,Andrew Miller,STL,RP,L,64.8,0.0,0.0,240.7,58.3,3.0,2.7,5,14,3.39,2.67,1.14,69.2,17.3,49.1,3.4,21.9,23.8,7,44.8,34.6,20.6,0.293
295,Ryan Pressly,HOU,RP,R,64.8,0.0,0.0,233.7,58.3,3.4,2.3,0,16,3.11,2.30,1.05,70.9,12.7,48.7,2.0,20.2,22.0,7,47.1,32.8,20.1,0.297
296,Craig Stammen,SD,RP,R,64.8,0.0,0.0,243.5,58.3,2.9,2.8,0,16,3.72,3.08,1.18,57.1,11.6,57.3,2.1,24.1,26.2,7,48.6,31.1,20.3,0.302
297,Joe Kelly,LAD,RP,R,64.8,0.0,0.0,240.2,58.3,3.3,2.4,0,10,3.16,2.72,1.15,66.2,17.6,49.6,2.5,20.5,22.6,6,52.8,27.4,19.8,0.295
298,Sergio Romo,MIN,RP,R,64.8,0.0,0.0,249.0,58.3,2.9,2.8,3,13,4.63,3.62,1.26,54.5,13.7,59.8,2.1,30.0,31.9,11,36.7,42.5,20.8,0.291
299,Chad Bettis,FA,SP,R,29.2,4.9,1.8,248.8,57.1,2.9,3.3,0,4,4.97,4.03,1.39,40.9,14.3,65.2,2.5,31.5,33.9,10,48.0,32.0,20.1,0.302
300,Chris Stratton,PIT,RP,R,40.5,0.0,0.0,240.5,56.7,2.6,2.9,0,4,4.02,3.31,1.26,54.2,13.9,57.7,1.6,25.3,27.3,8,45.2,33.4,21.4,0.307
301,Jandel Gustave,SF,RP,R,56.7,0.0,0.0,238.4,56.7,2.6,2.9,0,9,3.81,3.34,1.23,53.5,15.1,54.4,2.2,24.0,26.0,7,45.7,34.2,20.1,0.295
302,Mark Melancon,ATL,RP,R,56.7,0.0,0.0,235.9,56.7,3.0,2.5,20,3,3.43,2.90,1.18,53.9,11.0,56.0,2.1,21.6,23.9,6,54.0,25.0,21.0,0.308
303,Hunter Harvey,BAL,RP,R,56.7,0.0,0.0,237.4,56.7,2.6,2.9,3,11,4.19,3.05,1.21,60.0,15.1,53.5,2.7,26.4,28.2,10,39.3,40.1,20.6,0.292
304,Lou Trivino,OAK,RP,R,56.7,0.0,0.0,237.6,56.7,2.9,2.6,1,11,3.91,3.22,1.25,57.6,18.7,52.0,2.2,24.6,26.6,7,45.1,34.5,20.4,0.294
305,Craig Kimbrel,CHC,RP,R,56.7,0.0,0.0,231.0,56.7,3.1,2.4,25,0,3.29,2.27,1.08,79.2,18.2,42.9,2.5,20.7,22.2,7,38.1,41.2,20.7,0.287
306,Josh Tomlin,ATL,RP,R,42.1,1.6,0.6,239.8,56.6,2.7,3.1,0,6,4.66,3.62,1.21,44.5,4.5,64.4,1.8,29.3,31.2,11,39.8,39.1,21.0,0.298
307,Shelby Miller,MIL,SP,R,11.3,11.3,4.3,247.9,56.5,3.1,4.1,0,0,5.07,4.08,1.43,47.9,21.0,60.0,2.2,31.8,34.0,10,43.3,36.0,20.7,0.301
308,Jacob Waguespack,TOR,RP,R,43.7,3.2,1.2,241.9,56.5,2.7,3.2,0,4,4.54,3.66,1.32,50.8,17.2,57.3,2.3,28.5,30.6,9,44.1,35.4,20.4,0.297
309,Cam Bedrosian,LAA,RP,R,61.6,0.0,0.0,231.7,55.4,2.9,2.5,0,9,3.75,3.20,1.20,56.8,14.6,51.8,2.1,23.1,25.0,7,45.0,35.0,20.0,0.294
310,Cole Irvin,PHI,SP,L,22.6,3.2,1.3,234.1,55.4,2.7,3.1,0,2,4.41,3.56,1.23,46.0,10.0,58.2,2.1,27.2,29.1,10,43.5,36.6,19.9,0.288
311,Matt Hall,BOS,RP,L,30.8,0.0,0.0,232.6,55.4,3.0,2.4,0,3,3.69,3.20,1.22,59.4,16.5,50.8,2.1,22.7,24.6,7,44.8,34.1,21.2,0.296
312,Joakim Soria,OAK,RP,R,61.6,0.0,0.0,228.6,55.4,2.9,2.5,1,12,3.65,3.00,1.15,59.1,13.5,50.0,2.1,22.5,24.2,7,42.3,37.3,20.4,0.290
313,Matt Andriese,LAA,RP,R,50.2,0.0,0.0,228.2,55.2,2.9,2.5,0,8,3.80,3.06,1.17,54.7,12.1,52.4,1.9,23.3,25.2,8,44.7,35.3,20.0,0.293
314,Luke Jackson,ATL,RP,R,55.1,0.0,0.0,227.4,55.1,3.0,2.4,3,11,3.24,2.65,1.14,67.5,16.3,46.7,2.1,19.8,21.7,6,48.7,30.3,21.0,0.301
315,Michael Feliz,PIT,RP,R,55.1,0.0,0.0,231.7,55.1,2.6,2.8,0,8,3.82,2.93,1.20,66.3,17.3,48.9,2.0,23.4,25.1,8,38.5,40.1,21.4,0.297
316,Michael Fulmer,DET,SP,R,10.2,10.2,4.8,232.7,55.1,3.1,3.6,0,0,4.34,3.56,1.27,48.0,12.6,57.2,2.4,26.6,28.7,8,46.0,33.3,20.7,0.302
317,Trevor Gott,SF,RP,R,55.1,0.0,0.0,230.2,55.1,2.7,2.7,0,8,3.42,3.11,1.17,57.7,14.4,50.1,2.5,20.9,22.9,6,48.1,31.8,20.1,0.295
318,Sam Coonrod,SF,RP,R,55.1,0.0,0.0,231.4,55.1,2.6,2.8,0,6,3.67,3.21,1.22,57.0,17.9,49.2,2.8,22.5,24.4,6,45.1,34.8,20.1,0.290
319,Dellin Betances,NYM,RP,R,55.1,0.0,0.0,221.7,55.1,3.1,2.3,0,11,2.81,2.13,1.03,78.4,17.4,39.6,2.9,17.2,18.9,5,48.6,31.2,20.2,0.293
320,Seranthony Dominguez,PHI,RP,R,55.1,0.0,0.0,227.0,55.1,2.9,2.4,0,8,3.33,2.62,1.13,68.9,16.8,45.4,2.4,20.4,22.2,7,48.1,32.0,19.9,0.293
321,Gregory Soto,DET,RP,L,55.1,0.0,0.0,238.9,55.1,2.5,2.9,0,8,4.48,3.69,1.41,52.5,24.0,53.5,2.5,27.4,29.4,8,44.0,35.3,20.7,0.300
322,Brett Martin,TEX,RP,L,55.1,0.0,0.0,226.9,55.1,2.9,2.5,0,8,3.45,2.89,1.18,56.0,14.1,50.9,1.8,21.1,23.1,6,49.9,29.6,20.5,0.299
323,Emmanuel Clase,CLE,RP,R,55.1,0.0,0.0,225.4,55.1,3.0,2.4,0,8,3.39,2.70,1.13,59.9,12.5,49.7,2.1,20.8,22.7,6,49.2,30.1,20.7,0.300
324,Andres Munoz,SD,RP,R,55.1,0.0,0.0,226.7,55.1,3.0,2.4,0,8,3.05,2.55,1.13,73.5,20.0,42.3,2.6,18.7,20.5,5,47.1,32.6,20.3,0.295
325,Noe Ramirez,LAA,RP,R,45.4,0.0,0.0,228.1,54.5,2.8,2.5,0,7,3.95,3.17,1.17,57.9,13.5,50.4,2.7,23.9,25.6,9,40.0,39.9,20.0,0.286
326,Pierce Johnson,SD,RP,R,45.4,0.0,0.0,230.3,54.5,2.6,2.7,0,5,3.94,3.27,1.23,57.4,17.2,50.1,2.1,23.9,25.7,8,41.8,37.8,20.3,0.290
327,Ray Black,MIL,RP,R,59.9,0.0,0.0,220.8,53.9,2.8,2.4,0,9,3.49,2.37,1.11,73.1,17.0,42.8,2.0,20.9,22.4,8,38.2,41.2,20.7,0.290
328,Hector Rondon,ARI,RP,R,59.9,0.0,0.0,224.8,53.9,2.7,2.6,0,12,3.82,2.94,1.19,56.2,13.1,51.2,2.0,22.9,24.8,7,47.2,31.7,21.1,0.303
329,Tanner Rainey,WSH,RP,R,59.9,0.0,0.0,229.8,53.9,2.8,2.4,0,9,3.50,3.09,1.29,72.2,28.3,41.4,2.5,21.0,22.8,6,44.3,34.9,20.7,0.294
330,Brandon Kintzler,MIA,RP,R,59.9,0.0,0.0,226.9,53.9,2.5,2.7,5,11,3.71,3.28,1.23,45.4,11.3,55.1,2.5,22.2,24.4,6,52.1,28.1,19.9,0.303
331,Colin Poche,TB,RP,L,53.5,0.0,0.0,217.4,53.5,2.8,2.4,3,11,3.35,2.47,1.06,72.3,15.7,40.7,2.1,19.9,21.2,8,30.7,48.8,20.5,0.274
332,Jesse Hahn,KC,SP,R,25.9,6.5,2.9,224.7,53.2,2.8,3.2,0,2,4.21,3.61,1.30,43.7,14.8,54.3,2.0,24.9,27.0,7,48.0,31.3,20.7,0.301
333,Zack Littell,MIN,RP,R,40.5,0.0,0.0,220.9,52.7,2.7,2.4,0,4,4.08,3.20,1.22,52.8,14.5,49.9,2.3,23.9,25.7,8,41.7,37.5,20.8,0.292
334,Dennis Santana,LAD,RP,R,25.9,1.6,0.7,217.9,52.0,2.9,2.4,0,2,3.60,3.06,1.18,58.2,16.8,44.9,3.1,20.8,22.6,7,46.8,33.4,19.8,0.288
335,Drew Pomeranz,SD,RP,L,64.8,0.0,0.0,212.6,51.8,2.7,2.3,0,12,3.20,2.57,1.12,66.5,15.8,42.0,1.7,18.4,20.0,6,43.3,36.3,20.3,0.292
336,Jose Alvarez,PHI,RP,L,64.8,0.0,0.0,217.4,51.8,2.6,2.5,0,13,3.80,3.21,1.22,50.1,12.9,50.1,1.7,21.9,23.8,7,47.8,32.3,19.9,0.294
337,Rowan Wick,CHC,RP,R,64.8,0.0,0.0,218.2,51.8,2.6,2.4,0,10,3.83,3.12,1.25,55.6,17.8,46.8,2.1,22.0,23.9,7,46.3,33.0,20.7,0.296
338,Chaz Roe,TB,RP,R,64.8,0.0,0.0,217.3,51.8,2.6,2.5,0,13,3.76,3.13,1.22,56.6,16.8,46.3,2.5,21.6,23.4,6,45.0,34.5,20.5,0.295
339,Jonathan Loaisiga,NYY,SP,R,21.1,6.5,2.9,211.6,51.5,3.3,2.6,0,1,3.89,2.82,1.15,57.5,12.7,46.6,2.1,22.3,23.9,8,44.1,35.9,20.1,0.294
340,Tommy Milone,BAL,SP,L,9.7,9.7,3.6,224.4,51.4,2.3,4.0,0,0,5.56,4.30,1.39,37.9,12.5,58.9,1.7,31.8,33.5,12,35.8,43.6,20.6,0.291
341,Aroldis Chapman,NYY,RP,L,56.7,0.0,0.0,202.9,51.0,3.0,1.9,35,0,2.80,2.00,1.02,74.4,16.6,35.5,2.0,15.8,17.2,6,43.6,36.3,20.1,0.286
342,Yoshihisa Hirano,SEA,RP,R,56.7,0.0,0.0,217.5,51.0,2.2,2.7,7,9,4.30,3.59,1.28,47.3,14.6,50.9,2.0,24.3,26.2,8,43.0,37.0,20.0,0.294
343,Brent Suter,MIL,RP,L,34.0,1.6,0.7,209.3,50.6,2.6,2.5,0,5,3.90,3.02,1.15,48.8,7.9,50.2,1.9,21.9,23.6,8,42.3,37.0,20.7,0.294
344,Randy Dobnak,MIN,RP,R,35.6,3.2,1.5,214.4,50.6,2.8,2.6,0,3,4.41,3.64,1.28,37.5,9.7,55.2,2.2,24.8,26.8,8,48.2,31.0,20.8,0.301
345,Kyle Zimmer,KC,RP,R,50.2,0.0,0.0,214.8,50.2,2.3,2.6,0,5,4.42,3.60,1.34,48.4,19.8,47.4,1.8,24.6,26.3,8,39.3,40.0,20.7,0.290
346,Ryan Brasier,BOS,RP,R,50.2,0.0,0.0,208.5,50.2,2.6,2.3,0,8,3.96,3.06,1.16,52.5,11.2,47.0,2.1,22.1,23.6,8,37.5,41.4,21.2,0.291
347,David McKay,DET,RP,R,50.2,0.0,0.0,216.3,50.2,2.3,2.6,0,5,4.47,3.42,1.32,54.6,19.8,46.4,3.0,25.0,26.6,8,37.6,41.7,20.7,0.293
348,Jeff Brigham,MIA,RP,R,50.2,0.0,0.0,209.8,50.2,2.3,2.6,0,8,3.94,3.11,1.18,52.9,13.4,45.8,2.2,22.0,23.5,8,37.0,43.1,19.9,0.286
349,Joel Kuhnel,CIN,RP,R,50.2,0.0,0.0,211.8,50.2,2.4,2.5,0,5,4.17,3.22,1.25,48.2,13.1,49.7,1.9,23.3,25.1,8,46.1,33.8,20.1,0.298
350,James Shields,FA,SP,R,8.1,8.1,3.7,222.0,50.2,2.3,3.7,0,0,5.51,4.33,1.43,39.7,15.7,56.3,2.1,30.7,32.5,11,39.1,40.4,20.5,0.295
351,Jeremy Jeffress,CHC,RP,R,50.2,0.0,0.0,212.0,50.2,2.5,2.3,0,8,3.85,3.14,1.28,46.4,14.8,49.4,2.2,21.5,23.4,6,52.6,26.7,20.7,0.305
352,Oliver Drake,TB,RP,R,45.4,0.0,0.0,203.3,49.9,2.7,2.2,0,7,3.19,2.64,1.11,58.8,13.2,42.1,1.7,17.7,19.3,6,46.8,32.7,20.5,0.294
353,Jared Hughes,FA,RP,R,45.4,0.0,0.0,214.2,49.9,2.5,2.3,0,7,4.31,3.59,1.36,38.3,14.5,53.1,2.3,23.9,26.0,6,53.6,26.3,20.1,0.306
354,Michael King,NYY,RP,R,29.2,4.9,2.0,209.7,49.8,2.7,2.7,0,2,4.48,3.50,1.24,40.4,8.9,52.9,2.4,24.8,26.6,9,46.4,33.5,20.1,0.295
355,Sean Reid-Foley,TOR,RP,R,35.6,0.0,0.0,213.0,49.8,2.4,2.5,0,4,4.21,3.33,1.30,56.3,20.2,44.4,2.6,23.3,25.0,7,41.0,38.5,20.4,0.292
356,Ryan Tepera,CHC,RP,R,55.1,0.0,0.0,210.3,49.6,2.4,2.4,0,8,4.14,3.28,1.26,48.5,14.6,47.7,2.6,22.8,24.5,7,44.7,34.6,20.7,0.295
357,Yimi Garcia,MIA,RP,R,55.1,0.0,0.0,207.4,49.6,2.2,2.6,0,8,4.12,3.20,1.15,49.6,9.2,47.8,2.5,22.7,24.1,8,34.9,45.2,19.9,0.286
358,Chris Devenski,HOU,RP,R,55.1,0.0,0.0,205.8,49.6,2.6,2.2,0,8,4.05,3.01,1.15,53.8,11.4,45.7,2.0,22.3,23.8,8,36.2,43.7,20.1,0.287
359,Paul Fry,BAL,RP,L,55.1,0.0,0.0,212.5,49.6,2.3,2.5,3,8,4.03,3.38,1.33,48.3,18.2,47.9,2.8,22.2,24.1,6,50.4,29.1,20.6,0.304
360,Wade Davis,COL,RP,R,55.1,0.0,0.0,216.7,49.6,2.3,2.5,10,7,4.74,3.62,1.38,50.2,18.5,49.7,2.2,26.1,27.9,8,41.1,36.9,22.0,0.302
361,Anthony Swarzak,PHI,RP,R,55.1,0.0,0.0,211.6,49.6,2.4,2.5,0,11,4.23,3.36,1.27,52.0,15.4,47.4,1.7,23.3,25.0,8,44.1,36.0,19.9,0.291
362,Jerad Eickhoff,SD,SP,R,35.6,3.2,1.3,207.1,49.0,2.5,2.8,0,3,4.31,3.50,1.22,45.0,10.8,49.0,2.1,23.4,25.0,8,38.2,41.5,20.3,0.289
363,Paul Blackburn,OAK,RP,R,24.3,0.0,0.0,204.9,48.6,2.4,2.3,0,2,4.16,3.59,1.26,35.8,8.9,52.2,1.8,22.5,24.4,7,48.9,30.7,20.4,0.299
364,Dillon Tate,BAL,RP,R,24.3,0.0,0.0,207.2,48.6,2.2,2.6,0,2,4.45,3.50,1.31,38.9,12.0,51.4,2.8,24.0,25.9,8,48.3,31.1,20.6,0.301
365,Jon Duplantier,ARI,RP,R,24.3,0.0,0.0,205.8,48.6,2.4,2.3,0,2,3.80,3.13,1.26,53.5,17.5,43.8,2.3,20.5,22.3,6,46.6,32.3,21.1,0.300
366,Bryan Garcia,DET,RP,R,48.6,0.0,0.0,207.3,48.6,2.2,2.5,0,5,4.44,3.48,1.30,46.9,15.3,48.0,1.8,24.0,25.6,8,41.0,38.3,20.7,0.296
367,Jalen Beeks,TB,RP,L,24.3,0.0,0.0,203.7,48.6,2.4,2.3,0,2,3.72,3.26,1.22,49.2,14.5,44.6,2.2,20.1,21.8,6,44.0,35.5,20.5,0.290
368,Chance Adams,KC,RP,R,24.3,0.0,0.0,210.4,48.6,2.2,2.6,0,2,4.67,3.87,1.35,44.5,17.9,47.5,2.3,25.2,26.8,8,37.3,42.0,20.7,0.286
369,Justin Anderson,LAA,RP,R,48.0,0.0,0.0,204.7,48.0,2.5,2.2,0,7,3.92,3.45,1.30,51.9,20.1,42.2,2.2,20.9,22.6,6,43.7,36.3,20.0,0.289
370,Justin Wilson,NYM,RP,L,59.9,0.0,0.0,197.8,47.9,2.5,2.2,0,11,3.39,2.70,1.18,58.2,16.8,39.6,1.6,18.0,19.6,6,45.0,34.9,20.2,0.295
371,Aaron Bummer,CHW,RP,L,59.9,0.0,0.0,197.9,47.9,2.6,2.1,2,15,3.21,2.73,1.21,50.6,14.6,43.1,1.8,17.1,19.0,5,56.6,23.3,20.1,0.306
372,Trevor May,MIN,RP,R,59.9,0.0,0.0,198.3,47.9,2.6,2.1,1,12,3.81,2.79,1.16,56.7,13.9,41.6,1.9,20.3,21.6,7,37.8,41.4,20.8,0.291
373,Derek Law,TEX,RP,R,35.6,0.0,0.0,196.3,46.3,2.3,2.2,0,5,4.00,3.38,1.29,46.7,16.1,43.4,1.7,20.6,22.2,6,45.7,33.8,20.5,0.296
374,J.B. Wendelken,OAK,RP,R,35.6,0.0,0.0,194.5,46.3,2.3,2.2,0,4,4.01,3.28,1.22,47.5,13.6,43.0,1.8,20.6,22.1,7,40.0,39.6,20.4,0.290
375,Hunter Wood,CLE,RP,R,35.6,0.0,0.0,193.9,46.3,2.3,2.2,0,5,4.14,3.27,1.20,46.8,11.5,44.0,1.5,21.3,22.8,8,37.8,41.5,20.7,0.286
376,Daniel Mengden,OAK,SP,R,21.2,3.7,1.5,196.5,45.9,2.3,2.6,0,2,4.69,3.96,1.31,35.4,11.3,49.1,1.7,23.9,25.6,8,40.9,38.7,20.4,0.293
377,Joely Rodriguez,TEX,RP,L,45.4,0.0,0.0,192.9,45.4,2.2,2.2,0,5,3.93,3.40,1.30,41.6,14.8,44.4,2.2,19.8,21.6,6,50.0,29.5,20.5,0.301
378,Andrew Chafin,ARI,RP,L,64.8,0.0,0.0,188.3,45.4,2.4,2.0,0,13,3.29,2.79,1.18,52.0,13.9,39.6,1.8,16.6,18.2,5,49.6,29.3,21.1,0.301
379,Adam Conley,MIA,RP,L,45.4,0.0,0.0,192.7,45.4,2.1,2.4,0,7,3.99,3.44,1.25,43.8,13.9,43.1,2.1,20.2,21.7,6,41.0,39.1,19.9,0.290
380,Duane Underwood,CHC,RP,R,45.4,0.0,0.0,191.4,45.4,2.3,2.1,0,5,3.98,3.18,1.24,47.0,14.0,42.2,2.0,20.1,21.7,6,44.8,34.5,20.7,0.294
381,Oliver Perez,CLE,RP,L,64.8,0.0,0.0,187.9,45.4,2.4,2.1,0,13,3.75,2.90,1.14,49.9,10.6,41.0,2.5,18.9,20.3,7,39.0,40.3,20.7,0.288
382,Ryne Stanek,MIA,RP,R,64.8,0.0,0.0,186.5,45.4,2.3,2.2,5,13,3.31,2.63,1.12,58.6,14.6,36.1,1.4,16.7,18.0,6,38.2,41.9,19.9,0.286
383,Darren O’Day,ATL,RP,R,45.4,0.0,0.0,188.7,45.4,2.3,2.1,0,5,3.70,2.90,1.13,51.3,10.1,41.1,2.2,18.7,20.1,7,40.4,38.6,21.0,0.291
384,Matt Albers,FA,RP,R,45.4,0.0,0.0,194.8,45.4,2.1,2.3,0,7,4.33,3.54,1.31,41.9,13.4,46.0,2.1,21.8,23.6,7,46.8,32.7,20.5,0.301
385,Jake Diekman,OAK,RP,L,64.8,0.0,0.0,189.1,45.4,2.5,1.9,0,16,3.29,2.87,1.20,55.3,18.2,36.3,2.8,16.6,18.2,5,46.8,32.8,20.4,0.293
386,Jordan Romano,TOR,RP,R,45.4,0.0,0.0,191.8,45.4,2.1,2.3,0,7,4.39,3.28,1.22,46.4,12.6,43.0,2.6,22.1,23.5,8,37.4,42.2,20.4,0.286
387,David Phelps,MIL,RP,R,45.4,0.0,0.0,192.0,45.4,2.2,2.2,0,7,4.03,3.12,1.25,49.0,14.1,42.7,1.6,20.3,21.9,7,43.4,36.0,20.7,0.299
388,Bryan Abreu,HOU,RP,R,45.4,0.0,0.0,191.7,45.4,2.4,2.0,0,5,3.82,3.08,1.24,55.7,18.3,38.0,2.1,19.3,20.7,6,41.3,38.6,20.1,0.291
389,Chris Martin,ATL,RP,R,50.2,0.0,0.0,180.3,45.2,2.5,1.9,0,10,3.03,2.23,0.99,51.5,4.0,40.8,1.6,15.2,16.7,5,48.2,30.8,21.0,0.302
390,Tyler Clippard,MIN,RP,R,50.2,0.0,0.0,192.9,45.2,2.2,2.2,0,8,4.69,3.58,1.24,46.2,12.5,43.7,2.1,23.6,24.8,9,28.6,50.6,20.8,0.281
391,Dylan Covey,TB,SP,R,19.4,3.2,1.3,191.5,45.2,2.3,2.5,0,2,4.19,3.53,1.29,38.7,11.9,46.5,1.6,21.1,22.8,6,48.5,31.0,20.5,0.302
392,Kelvin Herrera,CHW,RP,R,50.2,0.0,0.0,189.3,45.2,2.2,2.2,0,8,4.20,3.19,1.20,45.6,10.4,43.9,1.6,21.1,22.5,8,41.0,38.9,20.1,0.293
393,Shun Yamaguchi,TOR,RP,R,45.4,4.9,3.9,0.0,44.6,3.1,0.2,0,4,0.00,0.00,0.00,0.0,0.0,0.0,0.0,0.0,0.0,0,41.8,37.7,20.4,0.000
394,Joe Smith,HOU,RP,R,55.1,0.0,0.0,183.1,44.1,2.4,1.9,0,8,3.85,3.08,1.18,42.4,8.6,43.2,1.8,18.9,20.4,6,46.1,33.8,20.1,0.297
395,Brad Wieck,CHC,RP,L,55.1,0.0,0.0,181.9,44.1,2.4,1.9,0,8,3.41,2.55,1.12,58.3,14.2,35.3,1.8,16.7,18.0,6,38.5,40.8,20.7,0.288
396,Ryan Weber,BOS,RP,R,24.3,0.0,0.0,184.9,43.7,2.2,2.0,0,2,4.18,3.49,1.25,33.5,7.0,47.6,2.1,20.3,22.0,6,49.3,29.6,21.2,0.305
397,Yohander Mendez,TEX,RP,L,24.3,0.0,0.0,183.8,43.7,2.1,2.1,0,2,4.08,3.26,1.24,44.4,13.7,40.5,2.0,19.8,21.2,7,38.9,40.6,20.5,0.287
398,Taylor Cole,LAA,RP,R,24.3,0.0,0.0,184.2,43.7,2.3,2.0,0,4,3.76,3.36,1.23,43.6,12.7,41.2,1.8,18.3,19.9,6,47.0,33.0,20.0,0.294
399,Casey Sadler,CHC,RP,R,24.3,0.0,0.0,182.4,43.7,2.2,2.0,0,4,3.83,3.07,1.19,42.0,9.3,42.6,2.0,18.6,20.2,6,47.2,32.1,20.7,0.298
400,Dereck Rodriguez,SF,RP,R,24.3,0.0,0.0,183.6,43.7,2.0,2.3,0,2,3.95,3.42,1.20,39.4,9.2,43.2,1.8,19.2,20.7,6,42.8,37.1,20.1,0.292
401,Anthony Banda,TB,RP,L,24.3,0.0,0.0,181.6,43.7,2.2,2.1,0,2,3.72,3.10,1.18,46.1,11.9,39.7,1.6,18.0,19.4,6,40.5,39.1,20.5,0.289
402,Jose Alvarado,TB,RP,L,48.6,0.0,0.0,179.8,43.7,2.4,1.9,3,9,3.03,2.72,1.17,56.1,17.1,34.1,1.4,14.7,16.2,4,47.4,32.1,20.5,0.295
403,Corey Oswalt,NYM,RP,R,24.3,0.0,0.0,181.7,43.7,2.2,2.1,0,2,3.85,3.03,1.16,43.8,8.6,42.1,1.8,18.7,20.1,6,44.1,35.7,20.2,0.295
404,Alex Reyes,STL,RP,R,39.6,0.0,0.0,181.4,43.6,2.2,2.0,0,4,3.45,2.85,1.17,54.2,15.6,35.6,1.6,16.7,18.1,5,41.1,38.2,20.6,0.290
405,Colin Rea,CHC,SP,R,16.2,6.5,2.6,190.1,43.5,2.3,2.8,0,1,4.87,4.13,1.41,35.2,15.4,45.8,1.6,23.6,25.3,7,44.7,34.6,20.7,0.296
406,Kyle Wright,ATL,SP,R,16.2,6.5,3.0,185.3,43.5,2.6,2.5,0,1,4.07,3.45,1.27,43.1,12.8,42.4,2.1,19.7,21.3,6,48.3,30.6,21.0,0.301
407,Robert Gsellman,NYM,RP,R,35.6,0.0,0.0,180.2,42.7,2.1,2.1,0,5,3.89,3.19,1.24,41.3,11.2,41.7,2.1,18.5,20.0,5,47.9,32.0,20.2,0.301
408,Brent Honeywell,TB,SP,R,8.2,8.2,4.0,175.7,42.6,2.7,2.5,0,0,3.93,3.21,1.14,43.0,8.2,40.5,1.6,18.6,20.0,7,41.5,38.1,20.5,0.291
409,Forrest Whitley,HOU,SP,R,8.2,8.2,3.5,184.7,42.6,2.7,2.5,0,0,4.77,3.90,1.36,42.5,16.6,41.1,2.0,22.6,24.1,8,39.2,40.7,20.1,0.289
410,Tyler Alexander,DET,SP,L,29.2,4.9,2.0,179.6,42.5,2.1,2.7,0,2,4.59,3.66,1.24,34.4,6.9,45.8,2.1,21.7,23.1,8,39.9,39.4,20.7,0.296
411,Bryse Wilson,ATL,SP,R,16.2,6.5,2.9,177.0,42.2,2.6,2.3,0,1,3.96,3.34,1.21,41.6,9.9,40.9,1.5,18.6,20.1,6,45.0,34.0,21.0,0.295
412,Thomas Pannone,TOR,RP,L,32.4,0.0,0.0,178.5,42.1,2.0,2.1,0,5,4.41,3.43,1.22,43.3,11.2,40.2,1.9,20.6,21.9,8,33.1,46.4,20.4,0.283
413,Anthony Kay,TOR,SP,L,8.1,8.1,3.2,185.5,42.1,2.1,3.0,0,0,5.17,4.30,1.41,36.7,16.1,43.4,2.2,24.2,25.7,8,37.6,42.0,20.4,0.287
414,Evan Marshall,CHW,RP,R,59.9,0.0,0.0,177.1,41.9,2.1,2.0,0,12,4.04,3.34,1.27,39.0,11.2,41.9,1.5,18.8,20.4,6,49.1,30.8,20.1,0.301
415,Adam Morgan,PHI,RP,L,59.9,0.0,0.0,175.5,41.9,2.0,2.1,0,12,4.12,3.12,1.20,43.3,10.4,39.9,1.6,19.2,20.6,7,41.7,38.4,19.9,0.289
416,Tim Hill,KC,RP,L,59.9,0.0,0.0,174.0,41.9,2.1,2.0,0,9,3.62,3.08,1.23,37.1,10.9,40.6,1.8,16.8,18.5,5,51.9,27.4,20.7,0.302
417,Burch Smith,SF,RP,R,24.3,0.0,0.0,177.5,41.3,2.0,2.0,0,2,4.47,3.60,1.31,41.0,15.1,39.2,2.1,20.5,21.9,7,38.0,41.6,20.4,0.289
418,Jeffrey Springs,BOS,RP,L,24.3,0.0,0.0,173.2,41.3,2.2,1.9,0,2,3.98,3.13,1.21,45.5,13.1,37.0,1.6,18.2,19.5,6,36.0,42.8,21.2,0.288
419,Brad Boxberger,MIA,RP,R,45.4,0.0,0.0,176.3,40.9,1.8,2.2,0,5,4.20,3.60,1.33,41.9,16.1,38.1,1.6,19.1,20.5,6,42.3,37.8,19.9,0.292
420,Dan Altavilla,SEA,RP,R,45.4,0.0,0.0,171.3,40.9,1.9,2.1,0,5,3.78,3.00,1.21,49.2,15.2,34.3,1.9,17.2,18.4,6,39.9,40.1,20.0,0.288
421,Shawn Kelley,FA,RP,R,45.4,0.0,0.0,171.6,40.9,1.9,2.1,3,7,4.44,3.24,1.19,40.2,7.9,40.9,1.5,20.2,21.3,8,34.2,45.3,20.5,0.289
422,Felix Pena,LAA,RP,R,20.4,0.0,0.0,170.1,40.8,2.1,1.9,0,2,3.89,3.09,1.17,42.9,9.9,38.0,2.0,17.6,19.0,6,41.7,38.3,20.0,0.291
423,Tommy Hunter,PHI,RP,R,40.5,0.0,0.0,167.1,40.5,2.0,1.9,0,4,3.83,2.89,1.15,39.1,7.3,39.4,1.6,17.2,18.6,6,47.7,32.4,19.9,0.295
424,Shawn Armstrong,BAL,RP,R,40.5,0.0,0.0,171.9,40.5,1.8,2.1,3,6,4.56,3.28,1.29,41.3,13.8,38.5,1.8,20.5,21.8,7,36.6,42.8,20.6,0.290
425,Nick Goody,TEX,RP,R,40.5,0.0,0.0,170.0,40.5,2.0,2.0,0,6,4.20,3.09,1.21,46.2,13.4,35.8,1.7,18.9,20.0,7,32.6,46.9,20.5,0.283
426,Randy Rosario,KC,RP,L,40.5,0.0,0.0,173.5,40.5,1.9,2.1,0,4,4.23,3.75,1.36,31.0,13.0,42.2,1.5,19.0,20.7,5,49.2,30.1,20.7,0.302
427,Luis Perdomo,SD,RP,R,40.5,0.0,0.0,170.4,40.5,2.0,2.0,0,6,3.72,3.11,1.24,36.9,9.3,40.8,1.6,16.7,18.3,5,53.3,26.4,20.3,0.307
428,Corey Knebel,MIL,RP,R,40.5,0.0,0.0,165.2,40.5,2.2,1.8,3,6,3.21,2.32,1.09,55.9,12.8,31.3,1.6,14.5,15.6,5,43.3,36.0,20.7,0.293
429,Ben Heller,NYY,RP,R,40.5,0.0,0.0,169.1,40.5,2.1,1.9,0,4,4.05,2.97,1.20,44.4,11.3,37.4,1.8,18.2,19.5,7,42.2,37.8,20.1,0.293
430,Wander Suero,WSH,RP,R,40.5,0.0,0.0,169.2,40.5,2.1,1.9,0,8,3.81,3.04,1.20,42.1,11.0,37.6,1.8,17.1,18.5,6,42.7,36.5,20.7,0.295
431,Edwin Jackson,ARI,SP,R,8.1,8.1,2.9,179.0,40.5,2.0,3.0,0,0,5.27,4.26,1.45,33.5,15.1,43.7,1.5,23.7,25.2,8,40.8,38.1,21.1,0.298
432,Ervin Santana,FA,SP,R,8.1,8.1,2.9,177.8,40.5,2.0,2.9,0,0,5.39,4.48,1.41,27.5,11.0,46.1,1.7,24.3,25.7,8,38.7,40.8,20.5,0.292
433,Felix Hernandez,ATL,SP,R,8.1,8.1,3.3,176.8,40.5,2.4,2.7,0,0,4.69,3.91,1.35,34.1,11.0,43.9,2.4,21.1,22.8,6,49.1,29.9,21.0,0.305
434,Blake Parker,PHI,RP,R,40.5,0.0,0.0,170.0,40.5,2.0,2.0,2,6,4.08,3.06,1.19,43.9,10.4,37.9,1.7,18.4,19.7,7,43.0,37.2,19.9,0.290
435,Brian Moran,MIA,RP,L,40.5,0.0,0.0,170.7,40.5,1.9,2.1,0,6,3.72,3.24,1.22,41.8,12.4,36.9,2.3,16.7,18.1,5,43.9,36.2,19.9,0.291
436,Stefan Crichton,ARI,RP,R,40.5,0.0,0.0,169.4,40.5,2.0,2.0,0,6,3.79,3.00,1.22,39.2,10.0,39.3,1.8,17.1,18.6,5,49.9,29.0,21.1,0.304
437,Taylor Guilbeau,SEA,RP,L,40.5,0.0,0.0,171.1,40.5,1.9,2.1,0,6,3.87,3.38,1.26,36.8,11.4,39.8,1.9,17.4,19.0,5,49.2,30.8,20.0,0.298
438,Trevor Megill,CHC,RP,R,40.5,0.0,0.0,168.1,40.5,2.1,1.8,0,4,3.71,2.89,1.17,44.2,10.9,36.7,1.6,16.7,18.0,5,44.1,35.2,20.7,0.294
439,Brusdar Graterol,LAD,RP,R,40.5,0.0,0.0,166.1,40.5,2.3,1.7,0,6,3.24,2.69,1.11,45.5,9.9,34.9,2.0,14.6,16.0,5,49.8,30.4,19.8,0.292
440,Rony Garcia,DET,RP,R,40.5,0.0,0.0,174.9,40.5,1.7,2.2,0,4,5.04,3.83,1.32,34.1,10.8,42.8,2.1,22.7,24.0,8,35.2,44.1,20.7,0.289
441,James Karinchak,CLE,RP,R,40.5,0.0,0.0,166.4,40.5,2.3,1.7,0,6,3.20,2.54,1.12,57.1,15.0,30.4,1.4,14.4,15.6,5,40.3,39.0,20.7,0.290
442,Jose Suarez,LAA,SP,L,15.8,2.6,1.1,167.0,39.4,2.2,2.0,0,1,4.09,3.46,1.24,40.0,11.8,36.9,2.1,17.9,19.2,6,40.4,39.6,20.0,0.286
443,Yency Almonte,COL,RP,R,35.6,0.0,0.0,171.5,39.2,1.8,2.0,0,4,4.90,3.65,1.40,37.2,14.5,40.5,1.8,21.3,22.7,7,42.2,35.8,22.0,0.304
444,Aaron Sanchez,FA,SP,R,19.5,4.9,2.0,169.4,39.1,2.1,2.4,0,1,4.36,3.79,1.39,34.6,14.9,39.2,1.9,19.0,20.6,5,50.1,29.4,20.5,0.303
445,Erick Fedde,WSH,SP,R,14.6,4.9,2.0,168.3,39.1,2.1,2.3,0,1,4.42,3.74,1.36,30.7,11.3,41.9,1.4,19.2,20.8,5,50.6,28.6,20.7,0.306
446,Trevor Cahill,SF,RP,R,19.4,3.2,1.5,165.0,39.0,2.2,2.1,0,2,3.84,3.32,1.26,37.3,11.5,37.6,1.7,16.6,18.2,4,51.6,28.3,20.1,0.302
447,Luis Garcia,TEX,RP,R,48.6,0.0,0.0,163.7,38.9,1.9,1.9,2,7,3.87,3.17,1.27,39.1,12.8,36.4,1.7,16.7,18.1,5,49.1,30.4,20.5,0.301
448,Chad Kuhl,PIT,SP,R,7.1,7.1,3.3,160.5,37.6,2.1,2.5,0,0,4.33,3.54,1.28,36.6,9.8,38.2,1.6,18.1,19.4,6,41.7,37.0,21.4,0.304
449,Scott Alexander,LAD,RP,L,40.5,0.0,0.0,151.8,36.5,2.0,1.5,0,6,3.12,2.79,1.23,33.2,10.4,34.6,1.3,12.7,14.2,3,61.8,18.4,19.8,0.305
450,Matt Wisler,MIN,RP,R,24.3,0.0,0.0,152.1,36.5,1.9,1.7,0,4,4.35,3.21,1.19,34.7,6.9,36.7,1.1,17.6,18.7,7,37.3,41.9,20.8,0.292
451,Drew VerHagen,FA,RP,R,24.3,0.0,0.0,152.1,36.5,1.8,1.7,0,2,3.88,3.03,1.21,36.0,9.1,35.0,1.6,15.7,17.0,5,46.4,33.1,20.5,0.298
452,Tyler Webb,STL,RP,L,40.5,0.0,0.0,154.3,36.5,1.7,1.8,0,6,4.00,3.38,1.26,34.6,10.9,35.0,1.4,16.2,17.5,5,42.7,36.7,20.6,0.291
453,Yoan Lopez,ARI,RP,R,40.5,0.0,0.0,153.9,36.5,1.7,1.8,0,8,4.12,3.22,1.24,36.0,10.0,35.4,1.4,16.7,18.0,5,43.6,35.3,21.1,0.297
454,Fernando Rodney,FA,RP,R,40.5,0.0,0.0,155.9,36.5,1.8,1.8,0,8,4.02,3.40,1.31,37.8,14.2,33.8,1.5,16.3,17.7,5,47.6,31.9,20.5,0.298
455,Colten Brewer,BOS,RP,R,40.5,0.0,0.0,157.1,36.5,1.9,1.7,0,6,4.07,3.63,1.33,34.5,12.8,35.8,1.5,16.5,18.0,4,49.5,29.3,21.2,0.303
456,David Hess,BAL,RP,R,24.3,0.0,0.0,154.5,36.5,1.6,2.0,0,2,4.71,3.33,1.26,35.7,9.4,36.5,1.3,19.1,20.2,8,34.5,44.9,20.6,0.288
457,Brad Brach,NYM,RP,R,40.5,0.0,0.0,153.6,36.5,1.8,1.8,0,6,3.82,3.17,1.25,38.8,12.2,33.3,1.1,15.5,16.8,5,44.9,35.0,20.2,0.296
458,Adrian Morejon,SD,RP,L,24.3,0.0,0.0,149.8,36.5,1.9,1.6,0,2,3.20,2.66,1.11,43.8,10.1,30.5,1.6,13.0,14.1,4,45.1,34.6,20.3,0.291
459,Juan Nicasio,TEX,RP,R,40.5,0.0,0.0,153.4,36.5,1.8,1.8,0,6,4.06,3.28,1.23,34.9,9.2,35.8,1.5,16.5,17.7,5,43.4,36.1,20.5,0.297
460,Cory Gearrin,FA,RP,R,40.5,0.0,0.0,158.1,36.5,1.8,1.8,0,6,4.72,3.78,1.37,31.0,11.7,38.2,2.0,19.1,20.5,6,44.2,35.0,20.8,0.301
461,Bryan Shaw,COL,RP,R,40.5,0.0,0.0,158.6,36.5,1.7,1.9,0,6,4.66,3.55,1.40,31.5,11.7,39.2,1.4,18.9,20.3,5,49.1,28.9,22.0,0.312
462,Greg Holland,KC,RP,R,45.4,0.0,0.0,158.4,36.3,1.6,1.9,0,7,4.66,4.00,1.41,33.0,15.2,35.9,1.3,18.8,20.1,6,39.7,39.6,20.7,0.293
463,Jake McGee,COL,RP,L,45.4,0.0,0.0,156.4,36.3,1.7,1.9,0,7,4.81,3.49,1.32,33.0,9.2,38.8,1.6,19.4,20.6,7,38.7,39.3,22.0,0.302
464,Addison Reed,FA,RP,R,35.6,0.0,0.0,150.8,35.6,1.6,1.8,0,4,4.56,3.58,1.24,30.5,6.7,37.4,1.3,18.1,19.2,7,37.4,42.1,20.5,0.292
465,Grant Dayton,ATL,RP,L,35.6,0.0,0.0,146.0,35.6,1.9,1.6,0,4,3.61,2.68,1.10,40.8,7.4,31.7,1.3,14.3,15.3,5,38.0,41.0,21.0,0.289
466,Aaron Barrett,WSH,RP,R,35.6,0.0,0.0,151.3,35.6,1.7,1.7,0,4,4.19,3.42,1.27,32.3,9.6,35.7,1.6,16.6,17.8,5,44.9,34.3,20.7,0.297
467,Sal Romano,CIN,RP,R,35.6,0.0,0.0,149.6,35.6,1.7,1.8,0,4,4.02,3.09,1.23,35.8,9.3,34.6,1.4,15.9,17.2,5,46.5,33.4,20.1,0.300
468,Mike Mayers,LAA,RP,R,35.6,0.0,0.0,149.5,35.6,1.8,1.7,0,4,4.15,3.38,1.21,34.1,8.7,34.4,1.3,16.4,17.6,6,39.9,40.1,20.0,0.287
469,Francisco Liriano,PHI,RP,L,32.4,0.0,0.0,151.2,35.6,1.8,1.7,0,5,3.92,3.19,1.28,38.9,13.3,32.1,1.5,15.5,16.8,5,49.0,31.1,19.9,0.294
470,Arodys Vizcaino,FA,RP,R,35.6,0.0,0.0,150.1,35.6,1.7,1.7,0,4,4.09,3.16,1.23,38.7,10.8,32.9,1.4,16.2,17.3,6,38.3,41.2,20.5,0.292
471,Jose Castillo,SD,RP,L,35.6,0.0,0.0,145.9,35.6,1.9,1.6,0,4,3.20,2.53,1.10,46.2,10.7,28.3,1.6,12.6,13.7,4,40.9,38.7,20.3,0.288
472,Fernando Romero,MIN,RP,R,35.6,0.0,0.0,151.0,35.6,1.8,1.6,0,4,4.07,3.30,1.29,34.3,11.6,34.3,2.0,16.1,17.4,5,47.8,31.4,20.8,0.301
473,Sterling Sharp,MIA,RP,R,35.6,0.0,0.0,149.8,35.6,1.7,1.8,0,4,3.71,3.24,1.25,29.0,8.2,36.3,1.6,14.7,16.2,4,54.7,25.4,19.9,0.303
474,Victor Arano,PHI,RP,R,35.6,0.0,0.0,147.6,35.6,1.8,1.7,0,4,3.90,2.86,1.15,39.9,8.4,32.4,1.3,15.4,16.5,6,40.6,39.5,19.9,0.288
475,Tanner Scott,BAL,RP,L,35.6,0.0,0.0,149.1,35.6,1.8,1.7,0,5,3.52,2.90,1.26,43.6,14.9,29.8,1.4,13.9,15.2,4,48.3,31.1,20.6,0.301
476,Pete Fairbanks,TB,RP,R,35.6,0.0,0.0,144.4,35.6,1.9,1.6,0,5,3.22,2.54,1.09,43.4,9.2,29.6,1.2,12.8,13.9,4,44.0,35.5,20.5,0.293
477,Ryan Helsley,STL,RP,R,35.6,0.0,0.0,148.7,35.6,1.7,1.7,0,4,3.76,3.04,1.20,39.6,11.3,31.4,1.1,14.9,16.0,5,40.4,38.9,20.6,0.289
478,John Schreiber,DET,RP,R,35.6,0.0,0.0,151.6,35.6,1.6,1.9,0,4,4.41,3.48,1.27,34.4,10.0,35.2,1.6,17.5,18.7,6,40.2,39.1,20.7,0.293
479,Dan Otero,NYY,RP,R,35.6,0.0,0.0,150.0,35.6,1.8,1.7,0,4,4.23,3.27,1.27,24.6,4.8,40.5,1.2,16.7,18.2,5,54.7,25.2,20.1,0.308
480,Jake Faria,MIL,RP,R,17.8,1.6,0.6,151.4,35.5,1.8,1.9,0,2,4.25,3.33,1.28,38.7,12.3,33.0,1.3,16.8,17.9,6,40.7,38.6,20.7,0.291
481,Taylor Clarke,ARI,SP,R,12.9,3.2,1.2,151.2,35.4,1.8,2.1,0,1,4.60,3.63,1.29,32.0,9.8,35.8,1.4,18.1,19.3,6,39.7,39.2,21.1,0.290
482,Casey Mize,DET,SP,R,6.2,6.2,2.7,151.6,35.3,1.7,2.6,0,0,5.05,4.02,1.31,26.3,7.0,39.4,1.7,19.8,21.1,7,40.9,38.4,20.7,0.296
483,Luis Avilan,NYY,RP,L,50.2,0.0,0.0,151.0,35.1,1.7,1.7,0,8,4.38,3.58,1.32,33.6,11.3,35.0,1.7,17.1,18.3,6,44.0,36.0,20.1,0.296
484,Matt Manning,DET,SP,R,6.6,6.6,2.7,149.4,34.3,1.7,2.5,0,0,4.98,4.11,1.40,29.2,11.9,36.0,1.3,19.0,20.3,6,42.3,37.0,20.7,0.297
485,Justin Shafer,CIN,RP,R,24.3,0.0,0.0,146.8,34.0,1.5,1.8,0,2,4.52,3.55,1.34,33.9,12.6,33.0,1.4,17.1,18.3,6,42.4,37.5,20.1,0.294
486,Luke Farrell,TEX,RP,R,24.3,0.0,0.0,143.2,34.0,1.6,1.7,0,2,4.33,3.22,1.24,36.4,10.7,31.3,1.3,16.3,17.3,6,34.3,45.2,20.5,0.285
487,Cionel Perez,HOU,RP,L,24.3,0.0,0.0,142.3,34.0,1.8,1.5,0,2,3.75,3.10,1.22,36.6,10.4,31.1,1.3,14.2,15.3,5,45.7,34.3,20.1,0.296
488,Patrick Sandoval,LAA,SP,L,17.2,4.0,1.8,85.4,33.2,1.3,1.2,0,1,3.87,3.48,1.25,19.0,7.0,19.2,0.7,9.3,10.0,3,44.8,35.2,20.0,0.290
489,Dillon Peters,LAA,SP,L,15.8,2.6,1.1,139.6,32.8,1.8,1.8,0,1,4.30,3.75,1.29,27.4,8.3,33.7,1.5,15.6,16.9,5,43.8,36.2,20.0,0.292
490,Kolby Allard,TEX,SP,L,6.5,6.5,2.7,139.3,32.5,1.9,2.1,0,0,4.54,3.96,1.35,27.1,10.5,33.3,1.1,16.4,17.6,5,44.0,35.5,20.5,0.294
491,James Pazos,COL,RP,L,40.5,0.0,0.0,140.0,32.4,1.5,1.6,0,6,4.49,3.46,1.37,29.7,11.4,33.0,1.7,16.2,17.4,5,47.1,30.9,22.0,0.306
492,Dominic Leone,CLE,RP,R,40.5,0.0,0.0,137.3,32.4,1.6,1.6,0,4,4.29,3.31,1.26,34.5,10.4,30.3,1.1,15.4,16.4,5,37.3,42.0,20.7,0.290
493,Wandy Peralta,SF,RP,L,40.5,0.0,0.0,137.3,32.4,1.5,1.7,0,6,3.79,3.46,1.29,28.7,10.2,31.5,1.3,13.6,14.9,4,49.2,30.7,20.1,0.298
494,Luke Gregerson,FA,RP,R,40.5,0.0,0.0,136.4,32.4,1.6,1.6,0,4,4.12,3.33,1.26,27.1,7.2,33.5,1.1,14.8,16.1,4,50.5,29.0,20.5,0.301
495,Art Warren,SEA,RP,R,32.4,0.0,0.0,136.9,32.4,1.5,1.7,1,6,4.01,3.34,1.26,32.9,10.5,30.3,1.3,14.4,15.6,5,44.4,35.6,20.0,0.294
496,Gerson Bautista,SEA,RP,R,40.5,0.0,0.0,138.3,32.4,1.4,1.7,0,4,4.26,3.38,1.29,35.7,12.8,29.1,1.3,15.4,16.4,5,37.7,42.3,20.0,0.287
497,Jaime Barria,LAA,SP,R,19.4,3.2,1.2,136.7,32.2,1.7,1.8,0,2,4.63,3.76,1.23,29.4,6.9,32.7,1.2,16.6,17.5,7,33.5,46.5,20.0,0.282
498,Heath Hembree,BOS,RP,R,35.6,0.0,0.0,135.2,32.0,1.6,1.5,0,5,4.37,3.31,1.23,33.2,9.0,30.5,1.2,15.5,16.5,6,35.0,43.8,21.2,0.290
499,Cody Allen,TEX,RP,R,35.6,0.0,0.0,137.0,32.0,1.5,1.6,0,4,4.49,3.48,1.29,34.1,11.4,30.0,1.2,16.0,16.9,6,35.0,44.5,20.5,0.288
500,Mike Morin,MIL,RP,R,35.6,0.0,0.0,136.8,32.0,1.5,1.7,0,5,4.66,3.67,1.28,25.7,6.5,34.5,1.3,16.6,17.7,6,41.3,38.0,20.7,0.294
501,Blake Wood,FA,RP,R,35.6,0.0,0.0,134.3,32.0,1.6,1.5,0,4,3.84,3.13,1.25,32.0,9.6,30.3,1.2,13.7,14.8,4,48.8,30.7,20.5,0.301
502,Carl Edwards Jr.,SEA,RP,R,35.6,0.0,0.0,135.4,32.0,1.4,1.7,0,5,4.14,3.25,1.27,35.5,12.3,28.3,1.3,14.7,15.7,5,38.9,41.1,20.0,0.288
503,Jimmy Cordero,CHW,RP,R,35.6,0.0,0.0,136.4,32.0,1.6,1.5,0,5,4.05,3.40,1.32,31.1,11.6,30.6,1.4,14.4,15.6,4,50.6,29.3,20.1,0.300
504,Nate Jones,CIN,RP,R,35.6,0.0,0.0,133.3,32.0,1.6,1.5,0,5,3.78,2.85,1.17,35.4,8.2,29.4,1.5,13.4,14.5,5,46.0,33.9,20.1,0.296
505,Wily Peralta,FA,RP,R,35.6,0.0,0.0,139.7,32.0,1.5,1.7,0,5,4.57,3.88,1.40,28.0,11.3,33.4,1.1,16.2,17.5,5,46.6,32.9,20.5,0.302
506,Hunter Strickland,WSH,RP,R,35.6,0.0,0.0,135.8,32.0,1.5,1.6,0,5,4.29,3.37,1.27,30.4,9.2,31.4,1.3,15.2,16.3,5,39.7,39.6,20.7,0.294
507,Adam Kolarek,LAD,RP,L,45.4,0.0,0.0,132.1,31.8,1.7,1.3,0,9,3.28,2.89,1.19,27.8,6.9,31.0,1.5,11.6,12.9,3,58.2,22.0,19.8,0.302
508,Edward Cabrera,MIA,SP,R,6.1,6.1,2.7,137.5,31.7,1.6,2.2,0,0,4.47,4.01,1.36,26.8,10.7,32.3,1.7,15.7,17.0,4,46.7,33.4,19.9,0.297
509,Joey Wentz,DET,SP,L,6.1,6.1,2.2,140.8,31.7,1.4,2.5,0,0,5.52,4.58,1.47,24.8,12.4,34.2,1.2,19.5,20.6,7,34.9,44.4,20.7,0.287
510,MacKenzie Gore,SD,SP,L,6.1,6.1,2.9,133.9,31.7,1.9,1.9,0,0,4.04,3.51,1.23,31.8,9.0,29.9,1.3,14.2,15.3,5,41.2,38.5,20.3,0.288
511,Luis Patino,SD,SP,R,6.1,6.1,2.7,136.3,31.7,1.8,2.1,0,0,4.47,3.85,1.31,30.0,10.6,31.0,1.2,15.7,16.9,5,41.0,38.6,20.3,0.288
512,Jarlin Garcia,SF,RP,L,24.3,0.0,0.0,133.9,31.6,1.4,1.6,0,4,3.98,3.55,1.25,28.3,8.6,31.0,1.2,14.0,15.1,4,42.9,37.0,20.1,0.292
513,Carson Fulmer,CHW,RP,R,24.3,0.0,0.0,138.8,31.6,1.5,1.6,0,2,4.76,3.82,1.40,33.0,14.1,30.1,1.6,16.7,17.8,6,39.2,40.7,20.1,0.291
514,Andrew Suarez,SF,RP,L,24.3,0.0,0.0,132.4,31.6,1.5,1.6,0,2,3.68,3.32,1.21,28.2,7.1,31.2,1.1,12.9,14.1,4,48.3,31.6,20.1,0.296
515,Jefry Rodriguez,CLE,SP,R,12.9,3.2,1.3,137.2,31.6,1.6,1.9,0,1,4.79,3.99,1.41,26.4,11.8,32.6,1.2,16.8,18.0,5,44.4,34.9,20.7,0.297
516,Hector Velazquez,BOS,SP,R,9.8,4.9,1.9,136.6,31.4,1.8,2.0,0,0,4.88,4.18,1.39,24.1,10.0,33.7,1.4,17.0,18.2,5,43.2,35.6,21.2,0.298
517,Alex Young,ARI,SP,L,17.8,3.2,1.4,132.2,30.9,1.6,1.8,0,1,4.18,3.62,1.29,29.0,9.1,30.8,1.2,14.3,15.5,4,45.2,33.7,21.1,0.298
518,Josh Osich,BOS,RP,L,30.8,0.0,0.0,130.5,30.8,1.5,1.5,0,5,4.26,3.44,1.28,28.5,8.5,30.9,1.1,14.6,15.7,5,43.1,35.7,21.2,0.298
519,Sam Dyson,FA,RP,R,30.8,0.0,0.0,129.5,30.8,1.5,1.5,0,6,3.88,3.13,1.26,26.7,7.4,31.3,1.3,13.3,14.5,4,54.2,25.3,20.5,0.307
520,Andrew Kittredge,TB,RP,R,30.8,0.0,0.0,124.9,30.8,1.6,1.4,0,5,3.22,2.62,1.08,34.8,6.5,26.9,1.1,11.0,12.0,4,46.2,33.3,20.5,0.294
521,Kyle Bird,TEX,RP,L,30.8,0.0,0.0,132.8,30.8,1.4,1.6,0,3,4.40,3.66,1.35,30.3,12.6,28.9,1.6,15.1,16.1,5,41.2,38.3,20.5,0.289
522,Michael Rucker,BAL,RP,R,30.8,0.0,0.0,131.6,30.8,1.3,1.7,0,3,4.80,3.54,1.30,27.5,8.2,31.8,1.5,16.4,17.4,6,38.3,41.2,20.6,0.292
523,Stephen Woods Jr.,KC,RP,0,30.8,0.0,0.0,136.8,30.8,1.3,1.7,0,3,5.10,4.43,1.49,22.2,13.0,33.0,1.5,17.5,18.7,5,43.8,35.5,20.7,0.295
524,Jacob Webb,ATL,RP,R,30.8,0.0,0.0,131.8,30.8,1.5,1.5,0,5,4.15,3.43,1.29,32.3,10.7,28.9,1.2,14.2,15.2,4,41.6,37.4,21.0,0.293
525,Edgar Garcia,PHI,RP,R,30.8,0.0,0.0,131.5,30.8,1.5,1.6,0,5,4.35,3.25,1.27,34.9,11.1,27.9,1.2,14.9,15.8,6,38.3,41.8,19.9,0.284
526,Junior Fernandez,STL,RP,R,30.8,0.0,0.0,132.1,30.8,1.5,1.5,0,3,3.99,3.46,1.31,31.5,12.0,28.3,1.7,13.7,14.8,4,46.5,32.9,20.6,0.294
527,Cody Stashak,MIN,RP,R,30.8,0.0,0.0,127.6,30.8,1.6,1.4,0,3,4.32,3.16,1.14,30.8,5.4,29.9,1.2,14.8,15.6,6,31.6,47.6,20.8,0.283
528,Dany Jimenez,SF,RP,R,30.8,0.0,0.0,129.1,30.8,1.5,1.5,0,3,3.68,3.24,1.20,32.0,9.1,27.9,1.2,12.6,13.7,4,43.6,36.3,20.1,0.290
529,Yohan Ramirez,SEA,RP,R,30.8,0.0,0.0,135.1,30.8,1.4,1.6,0,3,4.25,3.78,1.40,34.3,16.0,27.0,2.2,14.5,15.7,4,44.2,35.8,20.0,0.292
530,Ian Anderson,ATL,SP,R,5.8,5.8,2.6,131.8,30.2,1.8,1.9,0,0,4.49,3.94,1.38,30.5,12.5,29.1,1.2,15.1,16.2,5,43.9,35.1,21.0,0.296
531,Paul Sewald,NYM,RP,R,24.3,0.0,0.0,122.9,29.2,1.4,1.5,0,2,4.24,3.28,1.20,29.4,7.0,28.0,1.2,13.8,14.6,5,35.7,44.1,20.2,0.285
532,Robert Stock,PHI,RP,R,24.3,0.0,0.0,122.1,29.2,1.5,1.3,0,2,3.53,2.88,1.20,34.3,9.8,25.3,1.3,11.5,12.5,4,49.5,30.6,19.9,0.297
533,Nestor Cortes,SEA,RP,L,24.3,0.0,0.0,123.1,29.2,1.3,1.5,0,2,4.19,3.40,1.22,29.8,8.3,27.4,1.0,13.6,14.5,5,35.7,44.3,20.0,0.282
534,Tony Cingrani,FA,RP,L,35.6,0.0,0.0,119.8,28.5,1.4,1.4,0,4,3.85,3.16,1.23,30.1,8.6,26.3,1.2,12.2,13.1,4,41.6,37.9,20.5,0.292
535,A.J. Ramos,FA,RP,R,40.5,0.0,0.0,123.5,28.4,1.3,1.5,0,4,4.58,3.75,1.35,28.5,10.8,27.5,1.2,14.5,15.4,5,38.1,41.4,20.5,0.291
536,Dan Winkler,CHC,RP,R,30.8,0.0,0.0,118.9,27.7,1.3,1.4,0,5,4.33,3.47,1.31,27.9,9.9,26.3,1.3,13.3,14.3,4,41.8,37.5,20.7,0.292
537,Austin Gomber,STL,SP,L,5.3,5.3,2.5,117.8,27.6,1.6,1.8,0,0,4.25,3.77,1.29,25.6,8.9,26.8,1.0,13.0,14.0,4,41.1,38.3,20.6,0.289
538,Hector Santiago,DET,RP,L,16.2,0.0,0.0,118.4,27.5,1.2,1.5,0,2,4.68,3.70,1.33,27.1,9.9,26.5,1.1,14.3,15.1,5,31.9,47.4,20.7,0.284
539,J.T. Brubaker,PIT,SP,R,10.2,4.1,1.8,92.0,27.4,1.1,1.5,0,1,4.32,3.69,1.30,17.1,5.4,23.0,1.1,10.6,11.4,3,48.2,30.5,21.4,0.306
540,Austin Brice,BOS,RP,R,24.3,0.0,0.0,113.7,26.7,1.3,1.3,0,2,4.38,3.46,1.26,24.6,6.7,27.0,1.6,13.0,13.9,4,42.4,36.4,21.2,0.297
541,Cody Carroll,BAL,RP,R,24.3,0.0,0.0,114.6,26.7,1.2,1.4,0,2,4.59,3.43,1.33,27.5,10.0,25.6,1.2,13.6,14.5,5,39.3,40.2,20.6,0.293
542,Jimmie Sherfy,ARI,RP,R,24.3,0.0,0.0,112.7,26.7,1.3,1.3,0,2,4.00,3.11,1.21,30.3,8.3,23.9,1.2,11.9,12.7,4,37.9,41.0,21.1,0.289
543,Austin Davis,PHI,RP,L,24.3,0.0,0.0,112.7,26.7,1.3,1.3,0,2,3.98,3.10,1.23,30.3,9.2,23.7,1.1,11.8,12.7,4,42.1,38.0,19.9,0.286
544,Phil Maton,CLE,RP,R,24.3,0.0,0.0,112.3,26.7,1.3,1.3,0,4,4.16,3.27,1.23,26.7,7.3,25.5,1.1,12.3,13.2,4,41.3,38.0,20.7,0.292
545,Nate Pearson,TOR,SP,R,5.1,5.1,2.2,112.2,26.5,1.5,1.7,0,0,4.71,3.69,1.24,23.9,5.6,27.3,1.0,13.9,14.7,5,38.5,41.0,20.4,0.289
546,Sixto Sanchez,MIA,SP,R,5.1,5.1,2.3,112.5,26.5,1.4,1.8,0,0,4.30,3.81,1.27,20.1,5.5,28.3,1.0,12.7,13.7,4,47.8,32.4,19.9,0.298
547,Enyel De Los Santos,PHI,SP,R,4.9,4.9,2.0,112.9,26.0,1.4,1.8,0,0,4.97,3.97,1.36,23.1,8.6,26.6,1.2,14.4,15.3,5,41.6,38.5,19.9,0.286
548,Eric Skoglund,KC,SP,L,8.1,3.2,1.1,112.0,25.8,1.2,1.8,0,0,5.15,4.37,1.38,16.2,6.4,29.2,1.2,14.8,15.7,5,38.8,40.5,20.7,0.293
549,Deivi Garcia,NYY,RP,R,17.3,2.0,0.8,45.3,25.7,0.6,0.7,0,2,4.40,3.24,1.26,10.6,4.0,10.2,0.6,5.8,6.1,2,38.3,41.7,20.1,0.288
550,David Robertson,PHI,RP,R,25.2,0.0,0.0,103.7,25.2,1.3,1.1,0,3,3.40,2.60,1.12,32.3,7.5,20.7,0.8,9.5,10.3,3,44.8,35.4,19.9,0.290
551,Tyler Lyons,NYY,RP,L,35.6,0.0,0.0,105.4,24.9,1.2,1.2,0,4,4.48,3.23,1.25,26.0,7.3,23.8,1.1,12.4,13.2,5,37.9,42.0,20.1,0.286
552,Tyler Olson,CHC,RP,L,35.6,0.0,0.0,104.8,24.9,1.3,1.2,0,4,3.84,3.18,1.25,25.3,7.8,23.2,1.1,10.6,11.5,3,45.1,34.2,20.7,0.295
553,Nick Burdi,PIT,RP,R,35.6,0.0,0.0,102.1,24.9,1.3,1.2,0,4,3.32,2.56,1.08,30.6,5.2,21.8,1.0,9.2,9.9,3,42.0,36.6,21.4,0.301
554,Tony Sipp,FA,RP,L,35.6,0.0,0.0,105.9,24.9,1.2,1.2,0,5,4.20,3.45,1.26,24.6,7.3,24.1,1.0,11.6,12.4,4,40.0,39.5,20.5,0.291
555,Evan Phillips,BAL,RP,R,30.8,0.0,0.0,105.8,24.6,1.1,1.3,0,5,4.35,3.43,1.34,25.9,10.1,22.8,1.4,11.9,12.7,4,43.3,36.1,20.6,0.295
556,Tyler Kinley,COL,RP,R,30.8,0.0,0.0,108.7,24.6,1.1,1.3,0,3,4.87,3.81,1.44,25.1,11.1,24.3,0.9,13.3,14.2,4,41.0,37.0,22.0,0.300
557,Lewis Thorpe,MIN,SP,L,17.8,1.6,0.7,101.3,24.5,1.4,1.2,0,2,3.90,3.01,1.16,26.7,6.0,22.4,0.7,10.6,11.3,4,38.0,41.2,20.8,0.289
558,Joe Biagini,HOU,RP,R,24.3,0.0,0.0,103.3,24.3,1.2,1.1,0,4,4.26,3.44,1.30,21.7,6.7,24.8,1.0,11.5,12.4,3,48.9,31.0,20.1,0.302
559,Dylan Floro,LAD,RP,R,24.3,0.0,0.0,101.7,24.3,1.3,1.1,0,4,3.67,3.21,1.21,21.7,5.5,23.9,0.9,9.9,10.9,3,51.9,28.4,19.8,0.296
560,Matt Bowman,CIN,RP,R,24.3,0.0,0.0,103.8,24.3,1.2,1.2,0,2,4.04,3.37,1.30,23.0,7.7,24.1,0.9,10.9,11.9,3,51.6,28.4,20.1,0.303
561,Jharel Cotton,CHC,RP,R,24.3,0.0,0.0,100.6,24.3,1.2,1.1,0,2,3.94,2.91,1.17,25.5,5.7,22.6,0.8,10.6,11.4,4,39.4,39.9,20.7,0.290
562,Silvino Bracho,ARI,RP,R,24.3,0.0,0.0,100.8,24.3,1.2,1.2,0,2,3.93,2.80,1.16,27.5,6.5,21.7,1.1,10.6,11.3,4,36.9,42.0,21.1,0.289
563,Jacob Rhame,NYM,RP,R,24.3,0.0,0.0,101.5,24.3,1.2,1.2,0,2,4.11,3.05,1.19,26.1,6.4,22.4,0.8,11.1,11.8,4,35.9,44.0,20.2,0.286
564,Jose De Leon,CIN,RP,R,24.3,0.0,0.0,101.4,24.3,1.2,1.2,0,2,3.77,2.72,1.17,30.3,7.8,20.6,1.3,10.2,10.9,4,40.9,39.0,20.1,0.292
565,Jonathan Holder,NYY,RP,R,24.3,0.0,0.0,101.8,24.3,1.2,1.2,0,4,4.33,3.21,1.20,24.3,5.4,23.7,0.9,11.7,12.4,5,37.4,42.5,20.1,0.288
566,J.P. Feyereisen,MIL,RP,R,24.3,0.0,0.0,103.5,24.3,1.2,1.2,0,2,4.16,3.26,1.28,27.8,9.7,21.4,0.8,11.2,12.0,4,39.3,40.0,20.7,0.285
567,Grant Holmes,OAK,RP,R,24.3,0.0,0.0,102.1,24.3,1.2,1.1,0,2,4.00,3.33,1.23,23.3,6.8,23.2,1.1,10.8,11.7,3,44.2,35.4,20.4,0.293
568,Philip Pfeifer,ATL,RP,L,24.3,0.0,0.0,104.4,24.3,1.2,1.2,0,2,4.12,3.50,1.29,25.3,8.6,22.8,1.1,11.1,12.0,4,40.9,38.1,21.0,0.291
569,Kwang-Hyun Kim,STL,SP,L,25.9,9.7,8.0,0.0,24.3,6.2,0.5,0,2,0.00,0.00,0.00,0.0,0.0,0.0,0.0,0.0,0.0,0,44.4,34.9,20.6,0.000
570,Branden Kline,BAL,RP,R,24.3,0.0,0.0,103.8,24.3,1.1,1.3,0,4,4.61,3.49,1.33,22.5,8.1,24.3,0.9,12.4,13.3,4,41.6,37.8,20.6,0.295
571,Parker Markel,LAA,RP,R,24.3,0.0,0.0,102.1,24.3,1.3,1.1,0,2,3.73,3.05,1.20,29.5,8.5,20.5,1.2,10.1,10.8,3,39.7,40.3,20.0,0.288
572,Sam Selman,SF,RP,L,24.3,0.0,0.0,101.4,24.3,1.2,1.2,0,2,3.30,2.91,1.17,30.5,9.1,19.3,1.2,8.9,9.7,3,40.9,39.0,20.1,0.285
573,Luke Bard,LAA,RP,R,24.3,0.0,0.0,102.5,24.3,1.2,1.2,0,2,4.21,3.34,1.20,24.8,6.2,23.0,1.3,11.4,12.1,4,37.1,42.9,20.0,0.285
574,Enderson Franco,SF,RP,R,24.3,0.0,0.0,101.8,24.3,1.1,1.3,0,2,3.95,3.35,1.18,23.3,5.6,23.1,1.0,10.7,11.4,4,38.7,41.2,20.1,0.285
575,Kent Emanuel,HOU,RP,L,24.3,0.0,0.0,101.4,24.3,1.3,1.1,0,2,3.85,3.26,1.22,21.4,5.1,24.4,0.9,10.4,11.3,3,48.2,31.7,20.1,0.298
576,Taylor Williams,MIL,RP,R,24.3,0.0,0.0,103.2,24.3,1.1,1.3,0,2,4.13,3.45,1.28,23.6,7.6,23.4,1.0,11.1,12.0,4,44.6,35.4,20.0,0.295
577,Reggie McClain,PHI,RP,R,24.3,0.0,0.0,102.5,24.3,1.2,1.2,0,2,4.03,3.20,1.25,21.5,6.0,24.4,1.2,10.9,11.8,3,51.9,28.2,19.9,0.298
578,Yacksel Rios,PIT,RP,R,24.3,0.0,0.0,105.6,24.3,1.1,1.3,0,2,4.46,3.62,1.35,23.3,8.5,24.4,1.2,12.0,12.9,3,43.2,35.4,21.4,0.304
579,Josh D. Smith,CIN,RP,L,24.3,0.0,0.0,104.2,24.3,1.2,1.2,0,2,4.08,3.26,1.28,27.3,9.5,21.6,1.7,11.0,11.8,4,42.4,37.5,20.1,0.290
580,Cy Sneed,HOU,RP,R,24.3,0.0,0.0,102.1,24.3,1.3,1.1,0,2,4.24,3.35,1.23,23.1,6.2,23.7,0.9,11.4,12.3,4,41.4,38.5,20.1,0.289
581,Joel Payamps,ARI,RP,R,24.3,0.0,0.0,101.0,24.3,1.2,1.2,0,2,3.98,3.09,1.17,23.2,4.6,23.8,0.9,10.7,11.6,4,42.5,36.4,21.1,0.294
582,Ryne Harper,WSH,RP,R,24.3,0.0,0.0,101.0,24.3,1.2,1.1,0,2,3.79,3.06,1.17,23.6,5.0,23.6,0.9,10.2,11.1,3,45.2,34.0,20.7,0.297
583,Sam Howard,PIT,RP,L,24.3,0.0,0.0,103.1,24.3,1.1,1.2,0,2,3.93,3.28,1.25,25.1,7.1,23.1,1.1,10.6,11.4,3,41.7,36.9,21.4,0.298
584,James Kaprielian,OAK,RP,R,24.3,0.0,0.0,101.1,24.3,1.2,1.2,0,2,4.24,3.23,1.17,23.1,4.5,23.9,1.1,11.4,12.2,4,35.9,43.7,20.4,0.288
585,Brooks Kriske,NYY,RP,R,24.3,0.0,0.0,104.7,24.3,1.1,1.2,0,2,4.84,3.55,1.33,24.1,8.1,24.2,1.0,13.1,13.9,5,37.0,43.0,20.1,0.289
586,Drew Smith,NYM,RP,R,24.3,0.0,0.0,101.5,24.3,1.2,1.2,0,2,3.99,3.11,1.19,24.1,5.6,23.3,1.1,10.8,11.6,4,42.0,37.9,20.2,0.293
587,Gerardo Reyes,SD,RP,R,24.3,0.0,0.0,102.1,24.3,1.2,1.2,0,2,3.70,2.99,1.20,28.9,8.8,20.5,1.2,10.0,10.7,3,40.8,38.9,20.3,0.288
588,Josh Sborz,LAD,RP,R,24.3,0.0,0.0,101.2,24.3,1.3,1.1,0,2,3.72,3.06,1.17,26.4,6.6,21.8,0.9,10.0,10.8,3,43.1,37.1,19.8,0.287
589,Josh Staumont,KC,RP,R,24.3,0.0,0.0,105.1,24.3,1.1,1.2,0,2,4.18,3.53,1.36,28.5,12.3,20.6,1.2,11.3,12.1,3,38.4,40.9,20.7,0.290
590,Patrick Weigel,ATL,RP,R,24.3,0.0,0.0,103.5,24.3,1.2,1.2,0,2,4.17,3.35,1.24,25.0,7.1,23.0,1.3,11.2,12.1,4,40.1,38.9,21.0,0.290
591,Angel Perdomo,MIL,RP,L,24.3,0.0,0.0,105.6,24.3,1.2,1.2,0,2,4.31,3.52,1.35,27.5,11.3,21.6,1.3,11.6,12.4,4,40.1,39.3,20.7,0.288
592,Jesus Tinoco,COL,RP,R,24.3,0.0,0.0,106.6,24.3,1.1,1.3,0,2,5.20,3.84,1.43,20.6,8.3,26.5,0.8,14.0,14.9,5,41.6,36.5,22.0,0.302
593,Jake Newberry,KC,RP,R,24.3,0.0,0.0,105.5,24.3,1.1,1.3,0,2,4.78,3.96,1.36,21.7,8.5,24.5,0.8,12.9,13.7,4,36.5,42.8,20.7,0.288
594,James Bourque,WSH,RP,R,24.3,0.0,0.0,104.0,24.3,1.2,1.2,0,2,3.90,3.38,1.31,25.8,9.7,22.1,1.1,10.5,11.4,3,47.0,32.2,20.7,0.297
595,Kyle Finnegan,WSH,RP,R,24.3,0.0,0.0,102.4,24.3,1.2,1.1,0,2,3.80,3.17,1.25,24.9,7.6,22.8,0.8,10.3,11.1,3,47.5,31.8,20.7,0.299
596,Ty Bashlor,NYM,RP,R,24.3,0.0,0.0,104.7,24.3,1.1,1.3,0,2,4.56,3.51,1.32,25.3,9.2,22.9,1.1,12.3,13.1,4,36.0,43.9,20.2,0.287
597,Ben Bowden,COL,RP,L,24.3,0.0,0.0,104.1,24.3,1.2,1.2,0,2,4.35,3.23,1.30,26.9,8.6,23.0,0.9,11.7,12.5,4,38.8,39.2,22.0,0.297
598,Zack Burdi,CHW,RP,R,24.3,0.0,0.0,104.1,24.3,1.2,1.2,0,2,4.45,3.47,1.30,24.9,8.0,23.5,1.0,12.0,12.8,4,40.4,39.5,20.1,0.293
599,Matt Foster,CHW,RP,R,24.3,0.0,0.0,103.2,24.3,1.2,1.2,0,2,4.45,3.44,1.26,24.1,6.9,23.8,0.8,12.0,12.8,4,38.9,41.1,20.1,0.289
600,Thomas Hatch,TOR,RP,R,24.3,0.0,0.0,104.3,24.3,1.1,1.3,0,2,4.68,3.63,1.29,22.4,6.9,24.5,1.3,12.6,13.4,4,39.0,40.6,20.4,0.290
601,Ryan Hendrix,CIN,RP,R,24.3,0.0,0.0,103.6,24.3,1.2,1.2,0,2,4.05,3.24,1.29,26.3,8.9,22.5,1.0,10.9,11.8,3,46.8,33.1,20.1,0.299
602,Daulton Jefferies,OAK,RP,R,24.3,0.0,0.0,98.6,24.3,1.3,1.1,0,2,3.66,2.81,1.07,24.4,3.2,22.9,1.0,9.9,10.6,4,40.7,38.9,20.4,0.290
603,Scott Moss,CLE,RP,L,24.3,0.0,0.0,104.2,24.3,1.2,1.2,0,2,4.34,3.57,1.29,25.5,8.9,22.5,1.0,11.7,12.5,4,35.8,43.5,20.7,0.283
604,Mike Shawaryn,BOS,RP,R,24.3,0.0,0.0,104.9,24.3,1.2,1.2,0,2,4.64,3.74,1.30,23.0,7.7,24.0,1.3,12.5,13.3,4,37.2,41.6,21.2,0.288
605,Gabe Speier,KC,RP,L,24.3,0.0,0.0,104.5,24.3,1.1,1.3,0,2,4.38,3.78,1.34,21.8,8.7,23.9,1.0,11.8,12.7,4,41.1,38.2,20.7,0.292
606,Cole Sulser,BAL,RP,R,24.3,0.0,0.0,101.6,24.3,1.1,1.2,0,2,4.12,3.01,1.22,27.0,7.5,22.0,0.9,11.1,11.9,4,37.9,41.5,20.6,0.289
607,Blake Taylor,HOU,RP,L,24.3,0.0,0.0,105.9,24.3,1.2,1.1,0,2,4.36,3.90,1.40,22.4,10.3,23.7,1.1,11.8,12.7,3,46.5,33.4,20.1,0.295
608,Devin Williams,MIL,RP,R,24.3,0.0,0.0,103.9,24.3,1.2,1.2,0,2,4.16,3.26,1.30,26.6,9.1,22.4,1.1,11.2,12.1,4,44.0,35.3,20.7,0.297
609,Eric Yardley,MIL,RP,R,24.3,0.0,0.0,103.6,24.3,1.2,1.2,0,2,4.05,3.30,1.31,18.2,5.5,26.3,1.1,10.9,12.0,3,56.7,22.6,20.7,0.308
610,Jonathan Hernandez,TEX,RP,R,24.3,0.0,0.0,103.1,24.3,1.2,1.2,0,2,3.95,3.34,1.28,25.2,8.7,22.5,1.0,10.7,11.5,3,46.8,32.7,20.5,0.297
611,Franklyn Kilome,NYM,RP,R,24.3,0.0,0.0,104.0,24.3,1.1,1.2,0,2,4.26,3.49,1.30,23.4,7.9,23.6,1.1,11.5,12.4,4,43.6,36.3,20.2,0.294
612,Bo Takahashi,ARI,RP,R,24.3,0.0,0.0,0.0,24.3,0.0,0.0,0,2,4.38,3.32,1.24,0.0,0.0,0.0,0.0,0.0,0.0,0,38.3,40.6,21.1,0.292
613,Jose Quijada,MIA,RP,L,24.3,0.0,0.0,103.2,24.3,1.2,1.1,0,4,3.98,3.30,1.26,27.9,9.7,20.8,1.1,10.7,11.5,4,37.0,43.0,20.0,0.280
614,Edgar Santana,PIT,RP,R,24.3,0.0,0.0,101.9,24.3,1.1,1.2,0,2,3.93,3.15,1.20,23.0,4.5,24.7,1.0,10.6,11.5,3,44.7,33.9,21.4,0.305
615,Genesis Cabrera,STL,RP,L,24.3,0.0,0.0,102.1,24.3,1.2,1.2,0,2,3.77,3.13,1.21,27.2,8.2,21.2,1.0,10.2,10.9,3,38.4,40.9,20.6,0.284
616,Manuel Rodriguez,CHC,RP,R,24.3,0.0,0.0,108.4,24.3,1.1,1.3,0,2,4.87,4.17,1.51,21.5,12.0,24.6,1.1,13.2,14.1,4,46.3,33.0,20.7,0.300
617,Jordan Holloway,MIA,RP,R,24.3,0.0,0.0,108.8,24.3,1.0,1.4,0,2,4.70,4.36,1.52,20.6,12.6,24.4,1.1,12.7,13.7,3,47.9,32.2,19.9,0.298
618,James Norwood,CHC,RP,R,24.3,0.0,0.0,103.9,24.3,1.2,1.2,0,2,4.19,3.27,1.31,27.4,10.3,21.6,0.9,11.3,12.1,4,39.7,39.6,20.7,0.292
619,Chad Sobotka,ATL,RP,R,24.3,0.0,0.0,102.7,24.3,1.2,1.1,0,4,3.73,3.03,1.23,28.9,8.9,21.0,1.2,10.1,10.9,3,44.2,34.8,21.0,0.296
620,Austen Williams,WSH,RP,R,24.3,0.0,0.0,101.9,24.3,1.2,1.2,0,2,3.99,3.13,1.22,23.9,5.8,23.7,0.9,10.8,11.6,4,44.3,35.0,20.7,0.298
621,Julian Merryweather,TOR,RP,R,24.3,0.0,0.0,100.7,24.3,1.2,1.2,0,2,3.98,3.02,1.15,24.2,4.2,23.7,1.1,10.7,11.5,4,42.8,36.7,20.4,0.295
622,Yennsy Diaz,TOR,RP,R,24.3,0.0,0.0,105.8,24.3,1.1,1.3,0,2,5.05,3.99,1.36,20.9,8.0,25.1,1.0,13.6,14.4,5,36.6,42.9,20.4,0.285
623,Huascar Ynoa,ATL,RP,R,24.3,0.0,0.0,102.6,24.3,1.2,1.1,0,2,3.71,3.09,1.22,27.7,8.0,21.7,1.1,10.0,10.9,3,45.4,33.5,21.0,0.298
624,Jorge Alcala,MIN,RP,R,24.3,0.0,0.0,104.9,24.3,1.2,1.2,0,2,4.74,3.72,1.33,22.7,8.2,24.2,1.1,12.8,13.6,4,37.4,41.8,20.8,0.290
625,Alvaro Seijas,STL,RP,R,24.3,0.0,0.0,0.0,24.3,0.0,0.0,0,2,5.28,4.60,1.52,0.0,0.0,0.0,0.0,0.0,0.0,0,43.0,36.4,20.6,0.292
626,Melvin Adon,SF,RP,R,24.3,0.0,0.0,104.2,24.3,1.1,1.2,0,2,3.78,3.55,1.31,23.6,9.2,22.7,1.1,10.2,11.2,3,50.5,29.4,20.1,0.298
627,Demarcus Evans,TEX,RP,R,24.3,0.0,0.0,105.2,24.3,1.2,1.2,0,2,4.18,3.51,1.36,29.1,12.5,20.6,1.0,11.3,12.1,3,39.6,39.9,20.5,0.290
628,Richard Lovelady,KC,RP,L,24.3,0.0,0.0,101.8,24.3,1.2,1.2,0,2,3.78,3.27,1.24,22.9,6.8,23.3,1.0,10.2,11.1,3,47.0,32.3,20.7,0.298
629,Travis Lakins,BAL,RP,R,24.3,0.0,0.0,105.2,24.3,1.1,1.3,0,2,4.78,3.79,1.37,21.3,8.6,24.8,1.0,12.9,13.8,4,41.7,37.7,20.6,0.293
630,Cody Ponce,PIT,RP,R,24.3,0.0,0.0,103.3,24.3,1.1,1.3,0,2,4.12,3.38,1.25,22.2,5.5,24.8,1.3,11.1,12.0,3,44.5,34.1,21.4,0.302
631,Garrett Cleavinger,PHI,RP,L,24.3,0.0,0.0,105.2,24.3,1.2,1.2,0,2,4.02,3.47,1.34,27.3,11.1,21.5,1.3,10.8,11.7,3,46.8,33.3,19.9,0.291
632,Geoff Hartlieb,PIT,RP,R,24.3,0.0,0.0,102.4,24.3,1.2,1.2,0,4,3.67,3.05,1.27,24.8,7.5,23.2,0.9,9.9,10.8,3,51.0,27.7,21.4,0.310
633,Kyle Keller,LAA,RP,R,24.3,0.0,0.0,102.0,24.3,1.2,1.1,0,2,3.94,3.22,1.20,26.7,7.6,21.6,1.0,10.6,11.4,4,38.2,41.8,20.0,0.283
634,Blake Cederlind,PIT,RP,R,24.3,0.0,0.0,107.6,24.3,1.0,1.3,0,2,4.69,4.00,1.43,21.2,9.5,25.3,1.4,12.7,13.6,3,45.0,33.6,21.4,0.304
635,Trevor Kelley,PHI,RP,R,24.3,0.0,0.0,106.2,24.3,1.1,1.3,0,2,5.30,4.17,1.38,19.1,7.2,26.2,1.1,14.3,15.1,5,33.0,45.9,21.2,0.287
636,Zac Grotz,SEA,RP,R,24.3,0.0,0.0,100.1,24.3,1.2,1.2,0,2,3.54,2.93,1.14,23.6,4.4,23.3,1.1,9.6,10.4,3,49.9,30.1,20.0,0.299
637,Jeremy Walker,ATL,RP,R,24.3,0.0,0.0,102.7,24.3,1.2,1.2,0,2,4.02,3.36,1.25,20.1,4.9,25.3,1.0,10.8,11.8,3,49.7,29.2,21.0,0.302
638,Matthew Festa,SEA,RP,R,24.3,0.0,0.0,102.8,24.3,1.1,1.3,0,2,4.28,3.48,1.25,23.1,6.9,23.5,1.0,11.6,12.4,4,39.9,40.1,20.0,0.287
639,David Bednar,SD,RP,R,24.3,0.0,0.0,101.7,24.3,1.2,1.2,0,4,3.65,3.03,1.19,27.4,7.6,21.3,1.1,9.8,10.7,3,43.9,35.7,20.3,0.291
640,Phillip Diehl,COL,RP,L,24.3,0.0,0.0,104.4,24.3,1.2,1.2,0,2,4.53,3.40,1.32,24.2,7.5,24.5,1.0,12.2,13.1,4,40.4,37.6,22.0,0.300
641,J.D. Hammer,PHI,RP,R,24.3,0.0,0.0,104.2,24.3,1.1,1.2,0,2,4.40,3.48,1.30,24.6,8.3,23.3,0.9,11.9,12.7,4,42.8,37.3,19.9,0.289
642,Elvis Luciano,TOR,RP,R,24.3,0.0,0.0,106.3,24.3,1.1,1.3,0,2,4.85,3.94,1.39,21.3,8.4,25.3,1.2,13.1,14.0,4,42.7,36.8,20.4,0.298
643,Michel Baez,SD,RP,R,24.3,0.0,0.0,102.2,24.3,1.2,1.2,0,2,3.85,3.14,1.20,26.8,7.4,21.7,1.1,10.4,11.2,4,39.8,39.9,20.3,0.287
644,Deolis Guerra,MIL,RP,R,24.3,0.0,0.0,99.7,24.3,1.2,1.1,0,2,3.67,2.70,1.10,27.6,5.1,21.7,0.9,9.9,10.7,4,43.6,36.5,19.9,0.288
645,Jeanmar Gomez,FA,RP,R,24.3,0.0,0.0,103.5,24.3,1.2,1.2,0,2,4.24,3.54,1.29,20.2,5.9,25.5,1.0,11.5,12.4,3,48.0,31.5,20.5,0.302
646,Adbert Alzolay,CHC,SP,R,8.1,3.2,1.4,102.5,24.0,1.3,1.4,0,0,4.46,3.50,1.27,25.2,8.0,22.5,1.0,11.9,12.7,4,36.7,42.6,20.7,0.286
647,Bruce Zimmermann,BAL,SP,L,4.6,4.6,1.7,106.0,23.9,1.1,1.8,0,0,5.49,4.54,1.49,17.1,8.9,26.7,0.9,14.6,15.5,5,40.6,38.9,20.6,0.294
648,Jordan Hicks,STL,RP,R,18.0,0.0,0.0,97.3,23.4,1.2,1.0,5,3,3.16,2.73,1.20,27.5,8.4,19.6,1.3,8.2,9.1,2,54.0,25.4,20.6,0.303
649,Conner Menez,SF,SP,L,12.9,3.2,1.5,100.2,23.4,1.2,1.4,0,1,3.97,3.58,1.28,25.6,9.4,20.6,1.3,10.3,11.1,3,40.0,39.9,20.1,0.286
650,Stephen Tarpley,MIA,RP,L,24.3,0.0,0.0,92.1,21.9,1.1,1.1,0,4,3.29,3.09,1.25,23.2,7.9,19.4,1.1,8.0,8.9,2,54.0,26.1,19.9,0.301
651,Drew Steckenrider,MIA,RP,R,24.3,0.0,0.0,91.2,21.9,1.0,1.1,0,4,3.71,2.97,1.16,24.7,6.1,19.3,0.8,9.0,9.7,3,39.0,41.1,19.9,0.288
652,A.J. Minter,ATL,RP,L,24.3,0.0,0.0,91.1,21.9,1.2,1.0,0,2,3.54,2.86,1.17,25.9,6.7,18.9,0.8,8.6,9.3,3,41.4,37.6,21.0,0.293
653,Trey Wingenter,SD,RP,R,24.3,0.0,0.0,91.7,21.9,1.1,1.0,0,5,3.50,2.84,1.18,27.9,8.1,17.8,1.2,8.5,9.2,3,42.9,36.8,20.3,0.292
654,Nick Vincent,SF,RP,R,24.3,0.0,0.0,91.2,21.9,1.0,1.1,0,2,3.84,3.31,1.15,20.6,4.1,21.1,0.9,9.3,10.0,3,38.2,41.7,20.1,0.287
655,Brandon Morrow,CHC,RP,R,24.3,0.0,0.0,89.4,21.9,1.2,0.9,0,2,3.34,2.63,1.10,24.3,4.3,19.7,0.8,8.1,8.9,3,46.9,32.4,20.7,0.297
656,Bud Norris,PHI,RP,R,24.3,0.0,0.0,91.8,21.9,1.1,1.0,0,2,3.83,2.93,1.20,25.0,6.4,19.8,0.9,9.3,10.1,3,46.2,33.9,19.9,0.294
657,Aaron Loup,TB,RP,L,30.8,0.0,0.0,90.0,21.6,1.1,1.0,0,3,3.50,3.03,1.19,22.3,5.8,19.8,1.2,8.4,9.2,3,48.3,31.2,20.5,0.297
658,James Hoyt,CLE,RP,R,30.8,0.0,0.0,90.5,21.6,1.1,1.0,0,3,3.93,3.09,1.21,22.9,5.9,20.2,1.0,9.4,10.2,3,44.7,34.7,20.7,0.296
659,Xavier Cedeno,FA,RP,L,30.8,0.0,0.0,93.0,21.6,1.0,1.1,0,3,4.10,3.69,1.35,19.0,7.2,21.8,0.8,9.8,10.7,3,49.6,29.9,20.5,0.301
660,Dovydas Neverauskas,PIT,RP,R,30.8,0.0,0.0,91.9,21.6,1.0,1.1,0,3,4.00,3.20,1.28,23.7,7.6,20.0,0.8,9.6,10.3,3,42.7,35.9,21.4,0.302
661,Jerry Blevins,SF,RP,L,30.8,0.0,0.0,92.6,21.6,1.0,1.1,0,5,3.97,3.55,1.25,23.0,7.4,19.6,1.1,9.5,10.2,3,35.9,44.0,20.1,0.284
662,Alex Faedo,DET,SP,R,4.1,4.1,1.5,92.0,21.3,1.0,1.6,0,0,5.43,4.18,1.32,17.1,5.0,23.2,1.0,12.8,13.5,5,31.5,47.9,20.7,0.284
663,Nick Neidert,MIA,SP,R,4.1,4.1,1.8,91.4,21.3,1.0,1.5,0,0,4.61,4.00,1.30,17.3,5.6,22.2,0.9,10.9,11.7,4,41.2,38.9,19.9,0.290
664,Zac Lowther,BAL,SP,L,4.1,4.1,1.5,94.3,21.3,1.0,1.6,0,0,5.42,4.44,1.47,17.0,8.7,22.6,0.9,12.8,13.6,4,37.5,41.9,20.6,0.287
665,Chi Chi Gonzalez,COL,SP,R,8.1,3.2,1.2,91.9,20.9,1.1,1.4,0,0,5.05,3.96,1.44,16.9,6.8,23.3,0.9,11.7,12.6,3,47.3,30.7,22.0,0.311
666,Kyle McGowin,WSH,SP,R,8.1,3.2,1.4,86.1,20.4,1.2,1.2,0,0,4.20,3.43,1.24,19.4,5.3,20.0,0.9,9.5,10.2,3,43.5,35.8,20.7,0.294
667,Adalberto Mejia,CHW,RP,L,11.2,0.0,0.0,85.4,20.2,1.0,1.0,0,2,4.11,3.33,1.25,20.9,6.1,19.1,0.8,9.2,9.9,3,39.6,40.3,20.1,0.290
668,Zack Godley,DET,RP,R,9.7,0.0,0.0,83.4,19.4,0.9,1.0,0,1,4.47,3.57,1.34,17.3,6.1,20.0,0.9,9.6,10.4,3,45.6,33.7,20.7,0.304
669,Brett Cecil,STL,RP,L,24.3,0.0,0.0,82.4,19.4,0.9,1.0,0,2,4.25,3.56,1.29,16.3,5.3,19.7,0.7,9.2,9.9,3,44.2,35.2,20.6,0.295
670,Edinson Volquez,TEX,RP,R,19.4,0.0,0.0,82.0,19.4,0.9,0.9,0,2,4.01,3.30,1.27,19.0,5.9,18.7,0.7,8.6,9.4,3,47.0,32.5,20.5,0.302
671,Jason Adam,CHC,RP,R,19.4,0.0,0.0,81.7,19.4,1.0,0.9,0,3,4.19,3.07,1.21,21.7,6.2,17.3,1.0,9.0,9.6,3,34.5,44.8,20.7,0.283
672,Bobby Wahl,MIL,RP,R,24.3,0.0,0.0,79.7,19.4,1.0,0.9,0,2,3.57,2.51,1.12,24.5,5.5,16.2,0.7,7.7,8.3,3,40.2,39.2,20.7,0.292
673,Reyes Moronta,SF,RP,R,21.6,0.0,0.0,81.0,19.4,0.9,0.9,0,4,3.47,2.97,1.19,23.7,7.5,15.6,0.7,7.5,8.1,2,40.3,39.6,20.1,0.287
674,Ian Hamilton,CHW,RP,R,24.3,0.0,0.0,80.6,19.4,1.0,0.9,0,2,3.88,3.02,1.18,20.0,4.4,18.4,0.7,8.4,9.0,3,44.7,35.2,20.1,0.295
675,Cd Pelham,CHC,RP,L,24.3,0.0,0.0,85.8,19.4,0.9,1.0,0,2,4.36,3.94,1.47,19.8,10.4,18.0,1.0,9.4,10.2,2,47.1,32.2,20.7,0.298
676,Trevor Hildenberger,BOS,RP,R,19.4,0.0,0.0,82.8,19.4,1.0,0.9,0,3,4.42,3.63,1.29,15.7,4.3,20.6,0.9,9.5,10.3,3,46.9,31.9,21.2,0.301
677,Alex Vesia,MIA,RP,L,19.4,0.0,0.0,80.9,19.4,0.9,1.0,0,2,3.67,3.08,1.17,20.3,5.0,17.7,0.8,7.9,8.5,3,41.4,38.8,19.9,0.290
678,Alex Wilson,DET,RP,R,19.4,0.0,0.0,83.7,19.4,0.9,1.0,0,2,4.65,3.87,1.34,14.8,4.6,21.4,0.7,10.0,10.8,3,44.3,35.0,20.7,0.302
679,Phillips Valdez,SEA,SP,R,3.2,3.2,1.4,80.4,18.2,1.0,1.2,0,0,5.02,4.34,1.46,12.8,6.4,20.2,1.1,10.1,10.9,3,49.4,29.4,21.2,0.305
680,Walker Lockett,NYM,SP,R,11.3,1.6,0.7,76.1,18.0,0.9,1.0,0,1,4.21,3.50,1.24,14.9,3.3,19.1,0.8,8.4,9.1,3,47.6,32.2,20.2,0.299
681,Donnie Hart,OAK,RP,L,19.4,0.0,0.0,75.1,17.5,0.8,0.9,0,2,4.33,3.92,1.35,12.5,4.8,18.8,0.6,8.4,9.1,2,48.6,31.0,20.4,0.300
682,Zach Duke,FA,RP,L,24.3,0.0,0.0,72.8,17.0,0.8,0.8,0,4,3.98,3.45,1.33,15.1,5.7,16.8,0.9,7.5,8.2,2,52.2,27.3,20.5,0.303
683,Dillon Maples,CHC,RP,R,24.3,0.0,0.0,72.2,17.0,0.9,0.7,0,2,3.20,2.98,1.30,23.6,9.8,12.3,1.0,6.0,6.7,1,52.3,27.0,20.7,0.300
684,Austin Adams,SEA,RP,R,24.3,0.0,0.0,69.2,17.0,0.9,0.8,0,2,3.02,2.42,1.09,23.7,6.0,12.5,0.8,5.7,6.2,2,43.5,36.5,20.0,0.289
685,Jose Ruiz,CHW,RP,R,24.3,0.0,0.0,73.7,17.0,0.8,0.9,0,2,4.71,3.74,1.35,16.7,6.4,16.5,0.7,8.9,9.5,3,37.6,42.3,20.1,0.287
686,Daniel Zamora,NYM,RP,L,24.3,0.0,0.0,71.1,17.0,0.8,0.8,0,2,3.75,3.06,1.21,17.9,4.9,15.7,0.7,7.1,7.7,2,44.6,35.3,20.2,0.296
687,Caleb Ferguson,LAD,RP,L,24.3,0.0,0.0,70.3,17.0,0.9,0.7,0,2,3.27,2.72,1.13,21.6,5.6,13.6,0.8,6.2,6.7,2,43.9,36.3,19.8,0.285
688,Jonny Venters,FA,RP,L,24.3,0.0,0.0,72.6,17.0,0.9,0.8,0,4,3.78,3.34,1.34,16.4,6.5,16.2,0.8,7.1,7.8,2,53.6,25.9,20.5,0.306
689,Mike Dunn,FA,RP,L,24.3,0.0,0.0,73.7,17.0,0.8,0.9,0,4,4.70,3.75,1.35,15.9,6.0,17.0,0.6,8.9,9.4,3,36.2,43.3,20.5,0.291
690,Cody Anderson,FA,SP,R,3.2,3.2,1.5,69.6,16.6,1.1,1.0,0,0,4.30,3.54,1.21,14.9,3.3,16.8,0.7,7.9,8.5,3,42.9,37.1,20.0,0.293
691,T.J. Zeuch,TOR,SP,R,3.2,3.2,1.2,73.4,16.6,0.9,1.2,0,0,5.22,4.45,1.48,10.1,5.3,19.3,0.8,9.6,10.4,3,50.9,28.7,20.4,0.304
692,Ronald Bolanos,SD,SP,R,3.2,3.2,1.4,72.9,16.6,0.9,1.1,0,0,4.67,4.13,1.42,14.7,6.9,16.6,0.9,8.6,9.3,2,45.9,33.7,20.3,0.294
693,Tanner Houck,BOS,SP,R,3.1,3.1,1.2,71.6,16.1,0.9,1.1,0,0,5.18,4.54,1.47,12.2,6.3,17.4,0.9,9.3,9.9,3,44.5,34.3,21.2,0.297
694,Trey Supak,MIL,SP,R,3.1,3.1,1.2,70.5,16.1,0.8,1.2,0,0,5.32,4.21,1.39,12.0,4.4,17.9,0.8,9.5,10.1,3,41.3,38.1,20.7,0.292
695,Damon Jones,PHI,SP,L,3.1,3.1,1.4,70.9,16.1,0.9,1.0,0,0,4.43,4.05,1.44,15.8,7.7,15.4,0.8,7.9,8.6,2,50.5,29.6,19.9,0.296
696,Brian Johnson,BOS,SP,L,3.2,3.2,1.2,70.6,16.0,0.9,1.1,0,0,5.26,4.48,1.44,12.4,5.5,17.5,0.5,9.3,9.9,3,38.2,40.6,21.2,0.295
697,Brock Burke,TEX,SP,L,3.2,3.2,1.3,69.1,16.0,0.9,1.1,0,0,4.70,4.07,1.36,13.1,5.1,16.6,0.7,8.4,9.0,3,42.9,36.6,20.5,0.292
698,Brian Duensing,FA,RP,L,19.4,0.0,0.0,67.1,15.5,0.7,0.8,0,2,4.59,3.92,1.37,12.1,4.7,16.5,0.6,7.9,8.5,2,44.3,35.2,20.5,0.297
699,Tyler Thornburg,CIN,RP,R,14.6,0.0,0.0,62.7,14.6,0.7,0.8,0,1,4.59,3.32,1.30,16.0,5.1,13.8,0.6,7.5,7.9,3,36.2,43.7,20.1,0.289
700,Trevor Rosenthal,KC,RP,R,14.6,0.0,0.0,62.4,14.6,0.7,0.7,0,1,3.91,3.35,1.32,16.5,6.8,12.5,0.8,6.3,6.9,2,43.1,36.2,20.7,0.294
701,Danny Hultzen,CHC,RP,L,14.6,0.0,0.0,59.9,14.6,0.8,0.6,0,1,3.37,2.61,1.12,17.1,3.7,12.6,0.7,5.5,5.9,2,44.9,34.4,20.7,0.296
702,Fernando Abad,WSH,RP,L,14.6,0.0,0.0,60.6,14.6,0.7,0.7,0,1,3.76,3.02,1.18,14.5,3.2,14.1,0.5,6.1,6.6,2,44.0,35.3,20.7,0.297
703,Alec Hansen,CHW,RP,R,14.6,0.0,0.0,65.4,14.6,0.7,0.8,0,1,5.08,4.23,1.50,15.3,8.3,13.7,0.5,8.2,8.7,3,36.4,43.5,20.1,0.285
704,Trevor Oaks,SF,RP,R,8.1,0.0,0.0,62.3,14.6,0.7,0.8,0,1,4.49,3.82,1.31,10.7,3.3,15.7,0.5,7.3,7.8,2,44.6,34.7,20.7,0.297
705,Seth Elledge,STL,RP,R,14.6,0.0,0.0,62.2,14.6,0.7,0.7,0,1,4.07,3.43,1.28,14.6,5.0,13.7,0.6,6.6,7.1,2,43.0,36.4,20.6,0.291
706,Kodi Whitley,STL,RP,R,14.6,0.0,0.0,62.3,14.6,0.7,0.8,0,1,4.33,3.57,1.28,13.2,4.2,14.5,0.5,7.0,7.5,2,41.1,38.3,20.6,0.291
707,Logan Gilbert,SEA,SP,R,2.0,2.0,1.0,48.1,11.4,0.6,0.8,0,0,4.54,3.66,1.23,10.3,2.5,11.5,0.5,5.7,6.1,2,38.4,41.6,20.0,0.286
708,Tarik Skubal,DET,SP,L,2.0,2.0,1.0,48.3,11.4,0.6,0.8,0,0,4.45,3.60,1.26,11.0,3.1,11.3,0.5,5.6,6.0,2,39.0,40.3,20.7,0.292
709,Josiah Gray,LAD,SP,R,2.0,2.0,1.0,48.3,11.4,0.7,0.7,0,0,4.53,3.75,1.23,9.9,2.5,11.5,0.5,5.7,6.1,2,39.5,40.8,19.8,0.281
710,Bobby Poyner,BOS,RP,L,9.7,0.0,0.0,45.8,10.7,0.5,0.5,0,1,4.66,3.77,1.26,10.3,3.1,10.4,0.5,5.5,5.8,2,28.8,50.0,21.2,0.277
711,Kyle Hart,BOS,SP,L,2.0,2.0,0.8,46.0,10.4,0.6,0.7,0,0,5.27,4.60,1.44,7.4,3.5,11.4,0.5,6.1,6.5,2,39.5,39.3,21.2,0.290
712,Ashton Goudeau,COL,SP,R,2.0,2.0,0.8,45.3,10.4,0.6,0.7,0,0,5.12,3.94,1.38,8.2,2.7,11.7,0.4,5.9,6.3,2,44.2,33.8,22.0,0.305
713,Ryan Castellani,COL,SP,R,2.0,2.0,0.7,47.2,10.4,0.5,0.8,0,0,5.90,4.56,1.56,8.1,4.4,11.8,0.6,6.8,7.2,2,41.6,36.5,22.0,0.302
714,Brandon Bielak,HOU,SP,L,2.0,2.0,0.8,44.9,10.4,0.7,0.6,0,0,4.73,3.99,1.36,9.1,3.5,10.6,0.4,5.5,5.9,2,43.6,36.3,20.1,0.293
715,Scott Blewett,KC,SP,R,2.0,2.0,0.7,46.6,10.4,0.5,0.8,0,0,5.73,4.89,1.50,6.6,3.8,11.8,0.5,6.6,7.0,2,38.8,40.5,20.7,0.290
716,Foster Griffin,KC,SP,L,2.0,2.0,0.8,45.9,10.4,0.5,0.8,0,0,5.20,4.65,1.46,7.0,3.8,11.4,0.4,6.0,6.4,2,40.7,38.6,20.7,0.292
717,Michael Baumann,BAL,SP,R,2.0,2.0,0.7,46.4,10.4,0.4,0.8,0,0,5.76,4.60,1.52,7.7,4.3,11.5,0.4,6.7,7.0,2,39.0,40.5,20.6,0.290
718,Cristian Javier,HOU,SP,R,2.0,2.0,0.8,45.7,10.4,0.6,0.6,0,0,5.10,4.07,1.39,11.1,4.8,9.7,0.5,5.9,6.2,2,30.8,49.1,20.1,0.278
719,Anthony Misiewicz,SEA,SP,R,2.0,2.0,0.8,44.7,10.4,0.5,0.8,0,0,4.77,4.15,1.33,8.0,2.7,11.1,0.3,5.5,5.9,2,40.6,39.4,20.0,0.290
720,Parker Dunshee,OAK,SP,R,2.0,2.0,0.8,45.1,10.4,0.6,0.7,0,0,5.17,4.25,1.34,8.2,3.0,11.0,0.5,6.0,6.3,2,35.1,44.5,20.4,0.284
721,Spencer Howard,PHI,SP,R,2.0,2.0,0.9,44.3,10.4,0.6,0.7,0,0,4.45,3.57,1.27,10.4,3.1,10.1,0.4,5.1,5.5,2,43.0,37.1,19.9,0.288
722,Zach Thompson,CHW,RP,R,9.7,0.0,0.0,42.0,9.7,0.5,0.5,0,1,4.59,3.79,1.36,8.7,3.3,9.9,0.4,4.9,5.3,2,45.1,34.8,20.1,0.297
723,Heath Fillmyer,KC,RP,R,9.7,0.0,0.0,41.5,9.7,0.4,0.5,0,1,4.52,3.74,1.33,8.2,3.1,9.8,0.4,4.9,5.2,2,42.0,37.3,20.7,0.293
724,Alexander Guillen,COL,RP,R,9.7,0.0,0.0,42.0,9.7,0.5,0.5,0,1,4.66,3.48,1.35,9.6,3.3,9.8,0.4,5.0,5.4,2,42.2,35.8,22.0,0.303
725,Kodi Medeiros,CHW,RP,L,9.7,0.0,0.0,43.0,9.7,0.4,0.5,0,1,4.86,4.08,1.43,9.0,4.2,9.6,0.7,5.2,5.6,2,40.8,39.1,20.1,0.290
726,Justin Lawrence,COL,RP,R,9.7,0.0,0.0,43.2,9.7,0.4,0.5,0,1,4.95,3.97,1.50,8.2,4.2,10.4,0.5,5.3,5.7,1,49.5,28.6,22.0,0.311
727,Stephen Nogosek,NYM,RP,R,9.7,0.0,0.0,42.5,9.7,0.4,0.5,0,1,4.63,3.82,1.39,9.9,4.3,9.2,0.4,5.0,5.3,2,39.1,40.8,20.2,0.289
728,Joe Barlow,TEX,RP,R,9.7,0.0,0.0,42.7,9.7,0.5,0.5,0,1,4.46,3.89,1.44,11.0,5.6,8.4,0.3,4.8,5.2,1,39.3,40.2,20.5,0.287
729,Wyatt Mills,SEA,RP,R,9.7,0.0,0.0,40.8,9.7,0.4,0.5,0,1,3.95,3.27,1.23,9.2,2.5,9.4,0.5,4.3,4.6,1,47.2,32.8,20.0,0.297
730,Brian Shaffer,TB,RP,R,9.7,0.0,0.0,41.2,9.7,0.4,0.5,0,1,4.64,3.73,1.25,8.1,2.1,10.0,0.5,5.0,5.3,2,35.3,44.2,20.5,0.283
731,Kyle Dohy,PHI,RP,L,9.7,0.0,0.0,42.7,9.7,0.5,0.5,0,1,4.21,3.75,1.42,11.9,5.7,8.0,0.4,4.5,4.9,1,42.0,38.1,19.9,0.283
732,Kyle Barraclough,SD,RP,R,9.7,0.0,0.0,37.3,8.7,0.4,0.4,0,1,3.97,3.38,1.31,9.6,3.6,7.8,0.4,3.8,4.1,1,44.1,35.6,20.3,0.294
733,Williams Jerez,PIT,RP,L,9.7,0.0,0.0,37.1,8.7,0.4,0.4,0,1,3.96,3.35,1.29,8.9,2.8,8.4,0.3,3.8,4.1,1,44.1,34.5,21.4,0.302
734,Bernardo Flores,CHW,SP,L,4.1,1.0,0.4,35.5,8.3,0.4,0.5,0,0,4.50,3.92,1.31,6.1,1.8,9.1,0.3,4.2,4.5,1,46.9,33.0,20.1,0.297
735,Ariel Jurado,TEX,SP,R,1.6,1.6,0.7,35.7,8.3,0.5,0.6,0,0,4.80,4.09,1.36,5.5,1.9,9.4,0.3,4.4,4.8,1,48.5,31.0,20.5,0.302
736,Sean Poppen,MIN,SP,R,1.6,1.6,0.7,36.2,8.3,0.5,0.6,0,0,4.79,4.02,1.39,6.9,2.8,8.7,0.5,4.4,4.7,1,46.8,32.3,20.8,0.302
737,Brady Singer,KC,SP,R,1.4,1.4,0.7,34.3,8.0,0.4,0.5,0,0,4.62,4.00,1.34,5.6,2.0,8.8,0.4,4.1,4.4,1,48.5,30.8,20.7,0.301
738,J.T. Chargois,FA,RP,R,9.7,0.0,0.0,32.6,7.8,0.4,0.4,0,1,3.55,2.94,1.21,8.7,2.4,7.0,0.3,3.1,3.4,1,50.1,29.4,20.5,0.301
739,Edubray Ramos,LAD,RP,R,9.7,0.0,0.0,33.1,7.8,0.4,0.4,0,1,4.42,3.51,1.25,7.2,2.0,7.7,0.3,3.8,4.1,1,37.6,42.6,19.8,0.284
740,A.J. Cole,TOR,RP,R,4.9,0.0,0.0,27.1,6.4,0.3,0.3,0,0,4.44,3.32,1.23,6.7,1.7,6.2,0.2,3.2,3.4,1,36.1,43.4,20.4,0.290
741,Ryan Burr,CHW,RP,R,4.9,0.0,0.0,25.0,5.9,0.3,0.3,0,0,4.06,3.28,1.27,6.2,2.0,5.5,0.2,2.7,2.9,1,45.5,34.4,20.1,0.297
742,Jackson Kowar,KC,SP,R,1.0,1.0,0.5,24.7,5.7,0.3,0.4,0,0,4.95,4.27,1.37,4.0,1.6,6.2,0.3,3.1,3.4,1,43.0,36.3,20.7,0.293
743,Taylor Guerrieri,TEX,RP,R,4.9,0.0,0.0,23.0,5.4,0.3,0.3,0,0,3.91,3.36,1.30,5.2,1.8,5.2,0.3,2.3,2.6,1,51.3,28.2,20.5,0.302
744,Blaine Hardy,MIN,RP,L,4.9,0.0,0.0,22.7,5.4,0.3,0.3,0,0,4.25,3.50,1.25,4.6,1.1,5.6,0.2,2.5,2.7,1,40.7,38.5,20.8,0.295
745,Javy Guerra,WSH,RP,R,4.9,0.0,0.0,23.1,5.4,0.3,0.3,0,0,4.46,3.56,1.30,4.7,1.4,5.6,0.2,2.7,2.9,1,40.8,38.5,20.7,0.296
746,Antonio Santillan,CIN,SP,R,1.0,1.0,0.4,23.2,5.2,0.2,0.4,0,0,5.51,4.45,1.48,4.2,2.1,5.6,0.2,3.2,3.4,1,40.5,39.4,20.1,0.290