#,Name,Team,Bats,ESPN,YAHOO,G,PA,AB,R,HR,RBI,SB,H,1B,2B,3B,TB,SO,BB,HBP,SF,SH,CS,AVG,OBP,SLG,OPS
1,Mookie Betts,LAD,R,OF,OF,148,686,587,119.4,31.4,91.6,17.1,164.4,91.4,38.3,3.2,303.4,100.7,82.4,5.5,4.5,5.7,4.6,0.280,0.371,0.516,0.887
2,Alex Bregman,HOU,R,SS/3B,SS/3B,149,686,572,110.6,33.7,112.1,6.6,163.9,88.7,39.4,2.2,308.9,88.3,97.5,9.0,5.0,2.9,2.7,0.287,0.396,0.541,0.936
3,Francisco Lindor,CLE,S,SS,SS,146,684,609,111.7,35.2,94.9,21.5,175.9,99.8,38.9,2.0,324.5,98.5,58.6,5.8,4.4,6.2,7.0,0.289,0.355,0.532,0.887
4,Andrew Benintendi,BOS,L,OF,OF,149,684,598,99.4,19.2,78.2,13.5,162.8,99.1,40.2,4.4,269.4,134.2,70.6,6.3,4.9,4.0,5.1,0.272,0.353,0.451,0.804
5,George Springer,HOU,R,OF,OF,143,683,586,118.3,35.1,93.2,8.2,160.2,94.6,28.1,2.4,298.5,136.2,77.9,8.3,4.3,6.4,3.3,0.274,0.364,0.510,0.874
6,Ronald Acuna Jr.,ATL,R,OF,OF,148,677,590,113.7,36.9,94.8,29.4,166.8,98.7,28.4,2.7,311.4,165.2,69.5,7.7,4.4,5.2,10.6,0.283,0.363,0.528,0.892
7,Whit Merrifield,KC,R,2B/OF,1B/2B/ OF,148,676,613,89.6,13.7,62.0,23.1,172.9,117.3,36.1,5.8,261.6,112.5,46.6,5.9,4.3,6.1,7.3,0.282,0.336,0.426,0.763
8,Jorge Polanco,MIN,S,SS,SS,149,674,605,94.6,19.3,84.7,7.6,169.8,109.4,35.8,5.3,274.1,111.1,55.6,5.0,4.9,3.9,3.7,0.281,0.344,0.453,0.797
9,Rafael Devers,BOS,L,3B,3B,148,674,611,105.6,33.2,108.0,9.6,182.8,102.9,43.9,2.8,331.9,120.2,51.1,4.2,4.9,3.0,4.8,0.299,0.355,0.544,0.898
10,Yoan Moncada,CHW,S,3B,3B,146,671,593,98.4,27.7,82.0,12.0,158.4,95.1,31.4,4.1,281.3,183.7,64.0,5.0,4.7,4.0,4.8,0.267,0.341,0.475,0.815
11,Marcus Semien,OAK,R,SS,SS,148,670,588,99.3,24.6,77.0,12.1,158.0,96.1,33.3,3.9,272.8,110.5,68.8,3.5,4.4,5.8,4.5,0.269,0.346,0.464,0.811
12,Trevor Story,COL,R,SS,SS,148,668,597,111.1,36.7,99.0,20.7,166.3,88.2,37.2,4.2,322.2,177.2,57.6,6.0,4.8,3.3,7.6,0.279,0.346,0.540,0.886
13,Anthony Rizzo,CHC,L,1B,1B,148,666,562,113.5,31.8,91.9,5.6,159.1,92.2,32.6,2.5,292.3,94.6,77.7,20.7,4.8,1.6,2.6,0.283,0.388,0.521,0.909
14,Xander Bogaerts,BOS,R,SS,SS,148,665,585,91.9,26.1,99.6,6.0,170.7,102.8,40.5,1.2,292.0,116.8,68.4,5.3,5.0,1.8,2.3,0.292,0.368,0.500,0.868
15,Ozzie Albies,ATL,S,2B,2B,149,664,600,99.6,24.5,86.9,13.9,172.8,105.0,37.7,5.6,295.1,101.5,49.1,5.4,4.7,4.5,5.1,0.288,0.344,0.492,0.837
16,Juan Soto,WSH,L,OF,OF,149,664,549,116.7,35.1,101.0,9.0,160.3,90.4,31.2,3.6,304.0,126.0,104.3,4.2,4.7,1.4,3.8,0.292,0.406,0.554,0.960
17,Ketel Marte,ARI,S,2B/OF,2B/SS/ OF,148,663,592,103.1,23.5,80.4,8.8,175.4,109.3,34.3,8.3,296.8,91.0,57.7,4.9,4.7,3.9,3.2,0.296,0.361,0.501,0.863
18,Matt Chapman,OAK,R,3B,3B,148,662,577,94.2,34.7,98.2,2.7,148.3,75.1,35.2,3.2,294.2,155.2,68.7,8.7,4.9,3.1,1.3,0.258,0.343,0.510,0.853
19,Mike Trout,LAA,R,OF,OF,143,660,516,115.5,42.9,109.5,13.2,153.1,79.0,28.8,2.5,315.7,132.8,123.0,12.1,4.8,3.7,4.4,0.297,0.440,0.612,1.052
20,Kris Bryant,CHC,R,3B/OF,3B/OF,145,660,557,110.8,30.8,86.3,4.3,152.5,85.2,34.5,1.9,283.3,147.7,80.7,15.1,4.8,3.0,1.9,0.274,0.378,0.509,0.887
21,Trea Turner,WSH,R,SS,SS,143,660,589,99.4,21.1,75.6,37.4,171.3,110.9,35.0,4.3,278.3,122.6,54.9,5.2,4.3,5.7,9.5,0.291,0.354,0.472,0.827
22,DJ LeMahieu,NYY,R,1B/2B/ 3B,1B/2B/ 3B,145,660,594,97.2,18.6,71.2,6.5,169.3,119.5,29.4,1.8,258.0,96.6,51.4,4.6,4.4,5.4,2.5,0.285,0.344,0.435,0.779
23,Bryce Harper,PHI,L,OF,OF,149,658,540,113.6,40.1,100.3,11.0,139.9,69.7,29.0,1.0,291.3,164.1,105.9,5.5,4.9,1.8,4.4,0.259,0.383,0.540,0.923
24,Max Kepler,MIN,L,OF,OF,144,658,575,103.8,31.1,88.4,6.0,149.1,81.5,34.9,1.5,280.4,113.5,67.6,7.2,4.6,4.3,2.7,0.259,0.343,0.488,0.831
25,Jose Altuve,HOU,R,2B,2B,142,657,587,99.7,23.9,92.1,11.7,173.5,112.8,33.3,3.5,285.6,97.1,55.6,6.4,4.8,3.4,4.2,0.296,0.360,0.486,0.847
26,Charlie Blackmon,COL,L,OF,OF,145,657,589,108.7,29.7,91.0,8.0,173.6,105.1,33.0,5.8,307.4,120.3,50.4,8.5,4.3,5.6,3.2,0.295,0.357,0.523,0.879
27,Lorenzo Cain,MIL,R,OF,OF,144,657,581,92.8,15.8,64.5,19.5,161.1,113.8,30.2,1.3,241.3,113.3,59.2,7.5,4.4,4.7,5.9,0.277,0.349,0.415,0.765
28,Anthony Rendon,LAA,R,3B,3B,146,656,565,90.1,28.1,100.0,4.1,160.7,93.1,37.2,2.3,286.7,95.9,75.8,8.6,4.9,1.3,1.8,0.284,0.375,0.508,0.882
29,Carlos Santana,CLE,S,1B,1B,148,655,545,88.4,29.6,99.7,2.8,141.7,80.8,29.9,1.4,263.1,103.2,99.2,4.9,4.8,1.6,1.1,0.260,0.376,0.482,0.858
30,Cody Bellinger,LAD,L,1B/OF,1B/OF,149,654,556,118.9,42.6,118.2,12.5,159.5,82.6,31.0,3.3,325.0,119.2,88.2,4.1,4.6,1.5,4.7,0.287,0.386,0.585,0.971
31,Freddie Freeman,ATL,L,1B,1B,148,653,560,110.8,32.9,99.8,6.4,164.0,93.1,35.7,2.3,303.0,124.9,79.6,7.1,5.0,0.9,2.8,0.293,0.385,0.541,0.926
32,Bo Bichette,TOR,R,SS,SS,146,653,594,88.7,21.7,77.2,24.0,163.2,97.6,41.1,2.9,275.1,132.9,44.5,4.5,4.2,5.8,9.1,0.275,0.328,0.463,0.790
33,Gleyber Torres,NYY,R,2B/SS,2B/SS,148,652,583,90.9,36.3,110.2,6.9,158.6,93.9,27.3,1.0,296.9,134.7,55.8,5.2,4.9,2.7,3.3,0.272,0.338,0.509,0.847
34,J.D. Martinez,BOS,R,OF,OF,148,652,572,101.8,39.7,128.2,2.6,172.8,96.5,34.6,2.0,330.3,148.3,69.5,4.1,4.7,1.1,1.1,0.302,0.378,0.577,0.956
35,Austin Meadows,TB,L,OF,OF,146,652,584,90.3,29.2,86.0,15.4,158.9,93.1,31.5,5.1,288.2,132.6,53.6,6.2,4.6,3.9,5.9,0.272,0.337,0.494,0.831
36,Keston Hiura,MIL,R,2B,2B,148,652,590,94.0,30.6,91.8,13.5,160.1,91.9,34.6,3.0,292.5,172.8,43.9,10.9,4.7,2.5,6.0,0.271,0.331,0.496,0.826
37,Manny Machado,SD,R,SS/3B,SS/3B,149,651,579,99.9,36.6,99.0,6.5,157.5,90.2,28.2,2.5,300.4,116.9,61.7,4.1,4.9,1.4,2.8,0.272,0.344,0.519,0.863
38,Jose Ramirez,CLE,S,3B,3B,145,649,565,95.2,31.0,102.4,23.7,156.8,83.3,39.3,3.2,295.6,84.5,72.5,5.5,5.1,1.7,7.9,0.278,0.363,0.524,0.886
39,Paul Goldschmidt,STL,R,1B,1B,148,649,555,99.4,30.5,86.2,5.2,151.5,90.9,28.3,1.7,274.8,155.0,82.4,5.6,4.8,1.9,1.9,0.273,0.370,0.495,0.865
40,Nolan Arenado,COL,R,3B,3B,148,649,573,113.2,39.2,113.8,3.4,169.5,92.8,34.9,2.5,327.1,105.4,65.8,4.5,4.8,0.9,1.7,0.296,0.370,0.571,0.941
41,Christian Yelich,MIL,L,OF,OF,145,648,551,112.1,34.7,96.5,21.4,167.5,96.1,33.4,3.4,311.6,132.8,82.4,7.1,4.7,3.3,6.6,0.304,0.399,0.566,0.964
42,Pete Alonso,NYM,R,1B,1B,149,648,561,102.4,42.7,104.3,1.7,141.5,70.6,26.5,1.6,299.4,163.6,66.2,13.7,4.7,2.5,0.8,0.252,0.343,0.534,0.877
43,Jonathan Villar,MIA,S,2B/SS,2B/SS,148,647,575,78.3,17.0,59.5,32.6,148.3,99.7,27.6,4.0,234.9,164.6,57.6,4.8,4.4,4.6,9.4,0.257,0.328,0.408,0.736
44,Adam Eaton,WSH,L,OF,OF,145,647,562,90.6,14.5,66.0,12.1,158.2,109.8,29.0,4.9,240.6,113.2,64.1,11.7,4.4,5.0,4.4,0.282,0.364,0.428,0.792
45,Javier Baez,CHC,R,SS,SS,146,646,602,93.4,33.0,99.9,14.6,164.2,92.7,34.5,3.9,305.7,171.8,33.4,4.0,4.7,2.5,6.3,0.273,0.313,0.508,0.821
46,Tommy Pham,SD,R,OF,OF,146,646,553,94.8,24.8,74.2,18.2,150.0,94.8,27.4,2.9,257.8,139.8,77.2,7.4,4.6,3.8,6.5,0.271,0.365,0.466,0.831
47,Joey Votto,CIN,L,1B,1B,145,646,538,98.8,22.0,70.1,3.4,145.2,92.7,29.1,1.4,243.2,119.2,93.8,7.0,4.7,2.9,1.3,0.270,0.383,0.453,0.835
48,Josh Donaldson,MIN,R,3B,3B,143,644,538,96.5,36.1,111.3,4.1,144.0,77.0,30.2,0.6,283.8,150.7,93.6,5.6,4.5,2.2,1.8,0.268,0.379,0.528,0.906
49,Jose Abreu,CHW,R,1B,1B,146,642,584,84.5,31.1,100.4,2.6,161.0,94.7,33.7,1.4,290.8,136.1,40.6,11.3,4.9,0.9,1.2,0.276,0.332,0.498,0.830
50,Jeff McNeil,NYM,L,2B/3B/ OF,2B/3B/ OF,145,641,577,91.4,19.5,72.6,9.0,166.2,108.6,35.2,2.9,265.8,85.9,40.8,14.2,4.3,5.0,3.6,0.288,0.348,0.461,0.808
51,Eduardo Escobar,ARI,S,2B/3B,2B/3B,148,637,577,86.4,24.9,84.6,4.1,148.4,85.9,31.2,6.5,267.2,126.7,48.2,5.4,4.8,1.9,1.9,0.257,0.318,0.463,0.781
52,Tim Anderson,CHW,R,SS,SS,145,636,597,81.6,21.2,74.8,17.6,164.4,109.3,32.5,1.4,263.1,142.5,25.7,4.4,4.6,4.0,6.1,0.275,0.308,0.441,0.749
53,Nelson Cruz,MIN,R,DH,DH,142,635,556,95.3,39.6,117.5,1.4,156.6,89.2,27.1,0.8,304.0,156.7,62.6,10.1,4.6,1.0,0.6,0.282,0.362,0.547,0.909
54,Michael Brantley,HOU,L,OF,OF,143,634,572,87.1,21.0,93.3,5.4,165.4,107.6,34.6,2.1,267.4,74.0,50.3,5.4,4.6,2.0,2.0,0.289,0.350,0.468,0.818
55,Rhys Hoskins,PHI,R,1B,1B,148,634,524,100.9,34.5,93.9,3.6,126.8,63.6,26.2,2.5,261.5,148.5,95.1,8.4,4.4,2.0,1.7,0.242,0.365,0.499,0.864
56,Josh Bell,PIT,S,1B,1B,148,632,542,93.0,28.9,88.1,2.4,148.7,85.8,31.1,2.8,272.2,120.0,79.9,3.6,4.4,1.4,1.4,0.275,0.368,0.502,0.870
57,Bryan Reynolds,PIT,S,OF,OF,143,632,566,83.1,17.9,66.0,6.3,163.2,108.9,32.7,3.8,257.0,134.1,51.0,5.8,4.7,3.7,2.9,0.288,0.350,0.454,0.804
58,Yordan Alvarez,HOU,L,DH,OF,146,632,545,97.5,40.4,118.1,3.1,150.5,79.6,29.7,0.8,302.9,154.8,75.5,4.6,4.8,1.8,1.4,0.276,0.365,0.555,0.921
59,Elvis Andrus,TEX,R,SS,SS,143,632,581,69.2,13.5,66.0,20.8,152.0,103.7,31.3,3.5,230.9,99.7,39.1,4.4,4.7,2.0,7.8,0.262,0.311,0.397,0.708
60,Fernando Tatis Jr.,SD,R,SS,SS,140,630,561,91.9,28.8,76.8,22.2,148.8,89.9,23.5,6.6,271.8,169.2,51.9,7.2,4.1,5.1,8.5,0.265,0.333,0.485,0.817
61,Matt Olson,OAK,L,1B,1B,145,629,547,86.4,36.8,105.7,1.4,139.1,73.0,28.6,0.7,279.5,155.1,66.1,9.4,4.7,1.6,0.6,0.254,0.342,0.511,0.853
62,Mike Yastrzemski,SF,L,OF,OF,146,628,558,74.6,18.7,61.1,7.2,135.4,82.5,29.6,4.6,230.1,163.6,55.3,5.8,4.4,4.4,3.4,0.243,0.315,0.413,0.728
63,Starling Marte,ARI,R,OF,OF,142,628,575,89.8,23.2,79.3,24.8,163.3,102.9,31.1,6.2,276.3,117.4,33.9,11.5,4.6,2.6,8.4,0.284,0.334,0.481,0.814
64,Mike Moustakas,CIN,L,2B/3B,2B/3B,148,627,564,90.6,36.2,100.7,2.8,144.8,79.6,27.8,1.1,283.5,110.8,50.8,6.0,4.6,1.7,1.2,0.257,0.323,0.503,0.825
65,Eddie Rosario,MIN,L,OF,OF,145,625,586,86.8,29.6,99.8,4.8,166.5,101.5,33.7,1.8,292.6,103.6,31.3,1.9,4.4,1.9,2.3,0.284,0.320,0.499,0.819
66,Vladimir Guerrero Jr.,TOR,R,3B,3B,144,625,557,84.5,25.5,95.1,3.0,164.3,103.0,33.5,2.3,279.0,99.2,56.6,5.0,4.6,2.5,1.4,0.295,0.363,0.501,0.864
67,Nicholas Castellanos,CIN,R,OF,OF,146,624,567,87.7,26.9,88.4,3.0,155.3,85.1,41.2,2.1,281.3,145.3,44.7,5.4,4.6,2.4,1.5,0.274,0.330,0.495,0.826
68,Jorge Soler,KC,R,OF,OF,145,623,539,81.5,33.7,97.3,3.4,138.6,74.8,28.9,1.2,271.0,167.4,69.9,8.2,4.6,1.9,1.5,0.257,0.349,0.504,0.853
69,Shin-Soo Choo,TEX,L,OF,OF,141,623,531,83.3,21.0,61.6,9.0,132.4,83.7,26.3,1.5,224.5,158.1,71.8,10.7,4.0,5.5,3.0,0.249,0.348,0.423,0.772
70,Eric Hosmer,SD,L,1B,1B,148,623,561,79.7,23.4,80.2,3.4,147.7,96.0,26.7,1.7,247.9,138.2,52.5,3.3,4.4,1.8,1.6,0.263,0.328,0.442,0.770
71,Niko Goodrum,DET,S,2B/SS/ OF,1B/2B/ SS/OF,145,622,558,68.9,17.8,67.2,12.7,134.7,82.7,30.0,4.2,226.5,169.5,52.8,4.6,4.4,2.8,5.3,0.241,0.311,0.406,0.717
72,Paul DeJong,STL,R,SS,SS,146,622,555,82.0,28.4,84.9,6.8,140.2,80.4,30.2,1.3,258.2,146.2,49.6,9.9,4.8,2.0,3.1,0.253,0.322,0.465,0.787
73,Hunter Dozier,KC,R,3B/OF,1B/3B/ OF,146,621,557,70.5,21.4,79.9,4.2,139.9,82.1,29.7,6.8,247.3,168.5,54.2,4.3,4.5,1.5,1.9,0.251,0.320,0.445,0.765
74,Brian Anderson,MIA,R,3B/OF,3B/OF,145,620,545,77.7,19.6,67.8,4.4,141.5,88.3,31.6,2.0,235.8,131.5,55.7,12.0,4.6,2.1,2.0,0.260,0.339,0.432,0.771
75,Danny Santana,TEX,S,1B/OF,1B/2B/ SS/3B/ OF,146,618,572,66.5,21.4,73.1,19.0,138.4,83.8,28.4,4.8,240.5,176.0,31.9,5.6,4.5,3.6,7.8,0.242,0.286,0.421,0.707
76,Brandon Belt,SF,L,1B,1B/OF,142,616,521,84.3,20.1,64.8,5.1,132.2,77.4,31.7,3.0,230.2,134.7,82.6,5.1,4.4,2.8,2.2,0.254,0.359,0.442,0.801
77,Victor Robles,WSH,R,OF,OF,143,615,552,77.0,17.2,70.6,27.5,144.5,93.1,31.3,3.0,233.1,129.5,38.9,15.6,4.6,4.2,11.3,0.262,0.326,0.423,0.748
78,Cavan Biggio,TOR,L,2B,1B/2B/ OF,142,613,516,78.0,20.7,69.7,12.9,121.1,73.1,24.6,2.8,213.4,159.4,85.5,4.5,4.3,3.2,5.0,0.235,0.346,0.414,0.759
79,Eugenio Suarez,CIN,R,3B,3B,140,612,528,92.5,33.4,88.9,3.2,133.5,75.4,22.9,1.8,260.2,159.3,68.5,8.7,4.6,1.5,1.6,0.252,0.345,0.493,0.838
80,Max Muncy,LAD,L,1B/2B/ 3B,1B/2B/ 3B,140,612,512,94.1,29.9,82.2,3.6,122.6,69.3,22.1,1.3,236.8,162.5,84.9,7.1,4.5,3.0,1.6,0.240,0.352,0.462,0.815
81,Corey Seager,LAD,L,SS,SS,142,612,543,89.3,23.3,87.7,2.3,151.5,89.6,37.3,1.3,261.5,111.0,55.7,5.2,4.5,3.0,1.0,0.279,0.349,0.481,0.830
82,Carlos Correa,HOU,R,SS,SS,140,610,531,89.4,32.0,104.4,2.6,145.0,80.5,30.5,1.9,275.5,132.9,69.2,4.2,4.5,1.3,1.0,0.273,0.359,0.519,0.878
83,Michael Conforto,NYM,L,OF,OF,143,610,516,92.2,30.8,84.8,5.1,129.0,70.3,26.7,1.2,250.4,146.8,78.3,8.4,4.4,2.3,2.3,0.250,0.356,0.485,0.840
84,Ramon Laureano,OAK,R,OF,OF,145,610,548,78.5,23.7,77.5,14.7,144.3,87.4,31.8,1.5,250.1,153.2,45.1,8.6,4.7,3.8,5.3,0.263,0.326,0.457,0.783
85,Kyle Schwarber,CHC,L,OF,OF,143,609,519,96.0,37.1,96.1,4.7,130.2,67.9,23.0,2.2,268.9,163.8,77.2,5.0,4.3,3.6,2.1,0.251,0.351,0.518,0.869
86,Amed Rosario,NYM,R,SS,SS,149,609,563,69.9,14.5,70.8,19.2,155.3,106.4,28.9,5.6,238.7,109.4,32.6,4.2,4.4,4.4,8.2,0.276,0.318,0.424,0.742
87,Joey Gallo,TEX,L,OF,OF,143,608,510,81.6,41.3,101.1,7.1,113.6,48.2,22.7,1.4,262.9,220.7,84.7,6.0,4.6,2.5,3.1,0.223,0.337,0.515,0.853
88,Jean Segura,PHI,R,SS,SS,146,608,559,73.9,14.7,74.3,12.1,160.7,111.7,31.5,2.8,242.0,76.9,34.3,7.0,4.3,3.8,4.4,0.288,0.334,0.433,0.768
89,Oscar Mercado,CLE,R,OF,OF,138,606,550,72.9,15.2,63.3,22.7,140.4,93.5,29.0,2.7,220.4,117.7,40.6,6.9,4.4,3.9,10.2,0.256,0.312,0.401,0.713
90,Marcell Ozuna,ATL,R,OF,OF,140,604,542,91.0,29.9,91.8,6.4,149.5,91.5,26.7,1.5,268.7,124.9,54.5,3.1,4.1,1.0,3.1,0.276,0.344,0.496,0.840
91,Adalberto Mondesi,KC,S,SS,SS,137,604,563,70.1,18.6,67.6,45.6,142.8,88.8,26.9,8.4,242.4,162.9,30.5,2.8,4.4,3.5,13.1,0.254,0.293,0.430,0.723
92,J.P. Crawford,SEA,L,SS,SS,143,604,523,64.1,13.2,51.4,7.8,121.9,79.7,25.3,3.7,194.0,128.1,66.7,5.9,4.4,4.0,3.4,0.233,0.324,0.371,0.695
93,Dansby Swanson,ATL,R,SS,SS,143,604,536,74.7,17.7,73.8,10.0,135.4,85.7,29.2,2.9,223.4,134.1,56.0,4.2,4.5,4.0,4.4,0.253,0.325,0.417,0.742
94,Justin Turner,LAD,R,3B,3B,137,601,523,94.4,25.1,86.2,2.5,146.8,90.0,30.9,0.7,254.5,94.3,56.5,14.7,4.5,2.0,1.0,0.281,0.364,0.486,0.851
95,Hanser Alberto,BAL,R,2B/3B,2B/3B,140,598,564,70.9,12.6,60.6,5.9,161.9,119.8,27.0,2.5,231.7,58.7,19.9,5.2,4.2,4.1,2.6,0.287,0.315,0.410,0.725
96,Franmil Reyes,CLE,R,OF,OF,142,597,532,82.1,37.0,101.5,1.3,138.3,76.4,24.1,0.7,274.9,155.1,54.0,3.1,4.4,2.7,0.6,0.260,0.329,0.517,0.845
97,Yuli Gurriel,HOU,R,1B/3B,1B/3B,141,595,551,81.2,22.9,91.4,4.7,159.1,98.7,35.7,1.8,267.3,72.1,31.4,6.2,4.4,2.0,2.0,0.289,0.332,0.485,0.817
98,Khris Davis,OAK,R,DH,DH,143,594,526,79.9,36.4,94.3,0.9,128.2,68.3,22.5,1.0,261.9,165.9,55.4,6.8,4.1,1.2,0.4,0.244,0.321,0.497,0.818
99,Gregory Polanco,PIT,L,OF,OF,137,590,523,77.3,22.7,69.7,9.5,129.7,74.6,29.5,2.9,233.0,135.0,55.8,4.9,4.3,2.2,3.6,0.248,0.324,0.446,0.770
100,Renato Nunez,BAL,R,1B,1B/3B,143,590,533,68.7,27.2,84.1,1.9,130.3,77.4,24.9,0.8,238.4,147.8,43.0,7.7,4.2,1.7,0.8,0.244,0.308,0.448,0.756
101,Eloy Jimenez,CHW,R,OF,OF,140,590,542,80.6,33.2,101.5,1.2,151.6,90.2,25.8,2.4,281.8,134.3,37.0,4.7,4.5,1.9,0.6,0.280,0.328,0.520,0.848
102,Andrelton Simmons,LAA,R,SS,SS,142,589,540,69.1,11.8,63.7,10.0,150.1,107.3,29.3,1.8,218.2,55.5,38.3,4.1,4.3,2.1,3.8,0.278,0.328,0.404,0.732
103,Justin Upton,LAA,R,OF,OF,137,586,514,72.9,28.7,86.8,4.9,123.4,70.3,23.5,0.9,234.7,176.0,61.8,5.1,4.3,1.2,2.0,0.240,0.325,0.457,0.782
104,Kolten Wong,STL,L,2B,2B,144,585,512,67.8,12.3,62.7,15.8,136.1,92.4,28.1,3.3,207.9,91.7,51.2,13.7,4.4,3.8,5.9,0.266,0.346,0.406,0.752
105,Nick Ahmed,ARI,R,SS,SS,148,584,529,64.0,17.3,73.5,6.7,128.4,78.5,28.4,4.2,217.1,112.3,43.6,4.1,4.3,3.3,3.0,0.243,0.303,0.411,0.714
106,Jason Heyward,CHC,L,OF,OF,143,584,512,72.0,15.8,72.1,6.5,133.4,89.2,24.8,3.6,212.8,98.8,59.7,4.8,4.3,3.3,2.5,0.261,0.340,0.416,0.756
107,Brandon Lowe,TB,L,2B,1B/2B/ OF,138,584,520,70.9,23.7,71.6,6.7,128.1,74.9,27.0,2.5,231.2,162.9,50.9,6.3,4.3,2.8,2.8,0.246,0.319,0.445,0.763
108,Luis Robert,CHW,R,OF,OF,149,584,539,79.5,26.2,81.6,23.5,146.7,88.9,25.9,5.6,262.4,148.4,29.5,8.3,4.4,3.7,9.3,0.272,0.317,0.488,0.805
109,Kyle Seager,SEA,L,3B,3B,139,584,523,65.4,25.4,77.9,3.1,127.2,72.4,28.2,1.3,234.0,118.1,49.5,5.6,4.4,1.9,1.5,0.244,0.313,0.447,0.760
110,Miguel Sano,MIN,R,3B,1B/3B,139,581,504,83.3,36.8,93.4,1.4,124.1,61.8,23.7,1.8,261.7,202.7,67.2,4.0,4.4,1.9,0.7,0.246,0.337,0.519,0.856
111,Scott Kingery,PHI,R,3B/OF,2B/SS/ 3B/OF,143,580,531,64.3,17.5,69.2,14.7,127.3,78.7,28.1,3.0,213.8,153.8,36.2,6.0,4.2,3.3,5.2,0.240,0.294,0.403,0.697
112,Tommy Edman,STL,S,2B/3B,2B/3B/ OF,138,579,532,69.9,12.9,60.5,17.3,146.2,100.9,26.0,6.5,223.7,96.8,33.0,5.9,4.1,4.3,5.6,0.275,0.322,0.421,0.743
113,Miguel Cabrera,DET,R,1B,1B,137,578,513,66.4,18.8,76.2,0.8,142.3,95.8,26.8,0.9,227.3,118.7,56.1,4.0,4.3,0.9,0.4,0.277,0.351,0.444,0.795
114,David Peralta,ARI,L,OF,OF,136,578,520,80.6,20.6,74.4,2.5,145.1,90.4,30.7,3.4,244.4,117.1,45.5,5.7,4.1,2.5,1.0,0.279,0.341,0.470,0.811
115,Willy Adames,TB,R,SS,SS,149,578,515,67.6,17.7,63.1,6.8,131.8,87.9,24.0,2.3,213.4,140.3,51.7,3.6,4.4,3.5,2.9,0.256,0.325,0.415,0.740
116,Lourdes Gurriel Jr.,TOR,R,OF,2B/OF,136,578,536,70.9,25.9,84.1,8.5,142.3,85.3,29.1,1.9,253.0,133.7,27.5,7.1,4.3,2.2,3.9,0.265,0.308,0.472,0.780
117,Mark Canha,OAK,R,OF,1B/OF,141,576,497,73.6,24.1,75.8,3.7,124.2,71.5,25.9,2.7,227.7,135.7,57.5,14.1,4.3,2.5,1.6,0.250,0.341,0.458,0.799
118,Kevin Newman,PIT,R,2B/SS,2B/SS/ 3B,141,574,527,62.1,9.2,57.3,17.8,149.3,109.7,26.0,4.3,211.7,75.1,33.2,5.1,4.0,4.6,7.2,0.283,0.329,0.401,0.730
119,Miguel Rojas,MIA,R,SS,1B/SS,140,571,521,59.4,9.1,52.9,8.2,142.4,103.1,28.9,1.4,201.4,71.5,35.2,6.9,4.1,4.1,3.7,0.273,0.326,0.387,0.713
120,Christian Walker,ARI,R,1B,1B,139,567,503,72.4,23.8,77.5,5.0,123.7,71.6,26.1,2.3,225.7,153.5,50.9,6.9,4.2,2.0,2.1,0.246,0.322,0.449,0.771
121,Adam Frazier,PIT,L,2B,2B,138,567,508,65.7,9.8,55.1,7.1,140.5,97.3,28.9,4.6,207.9,76.9,43.1,7.3,3.9,4.5,3.6,0.276,0.339,0.409,0.748
122,Didi Gregorius,PHI,L,SS,SS,137,563,519,70.7,22.6,81.4,5.2,134.1,83.5,24.8,3.2,233.3,82.3,33.6,5.2,4.2,1.5,2.3,0.258,0.308,0.449,0.757
123,Hunter Renfroe,TB,R,OF,OF,137,562,510,66.5,29.9,81.6,3.9,117.5,62.8,23.5,1.4,233.2,165.2,40.9,5.4,4.2,1.7,1.6,0.230,0.292,0.457,0.750
124,Luke Voit,NYY,R,1B,1B,136,562,486,72.3,23.7,74.9,1.2,121.5,74.9,21.8,1.1,216.7,148.2,62.0,7.9,4.1,2.5,0.5,0.250,0.342,0.446,0.788
125,Rougned Odor,TEX,L,2B,2B,140,561,505,65.3,27.4,72.1,12.9,115.8,61.0,26.0,1.3,226.5,155.8,41.4,7.2,4.1,2.8,6.5,0.230,0.295,0.448,0.743
126,Cesar Hernandez,CLE,S,2B,2B,138,560,490,67.9,10.1,54.6,9.1,136.2,99.1,25.0,2.1,195.6,95.5,56.9,4.6,3.8,4.1,3.4,0.278,0.356,0.399,0.755
127,Jonathan Schoop,DET,R,2B,2B,139,559,518,67.4,26.5,77.0,2.3,135.7,79.1,28.3,1.7,247.0,127.2,26.6,7.9,4.2,2.9,1.0,0.262,0.306,0.477,0.783
128,Kole Calhoun,ARI,L,OF,OF,138,558,485,71.6,22.8,73.3,4.3,118.0,69.0,24.2,2.0,214.5,134.1,61.2,5.3,4.0,3.0,1.7,0.243,0.333,0.443,0.775
129,David Dahl,COL,L,OF,OF,130,558,507,80.7,21.6,78.0,8.4,139.4,84.5,28.8,4.6,242.2,143.3,39.3,5.2,4.1,2.2,3.7,0.275,0.331,0.478,0.809
130,J.T. Realmuto,PHI,R,C,C,133,555,502,77.8,24.0,76.4,5.8,135.7,80.8,28.6,2.3,240.9,115.2,39.8,6.8,4.2,2.2,2.3,0.270,0.330,0.480,0.810
131,Edwin Encarnacion,CHW,R,1B,1B,133,555,475,77.1,33.0,92.8,1.5,117.0,64.3,19.0,0.7,236.4,127.3,68.5,6.7,4.0,1.0,0.7,0.246,0.346,0.498,0.844
132,Giancarlo Stanton,NYY,R,OF,OF,127,554,481,89.0,44.0,110.9,2.5,129.0,62.3,21.9,0.8,284.7,162.6,61.5,5.9,4.0,2.1,1.1,0.268,0.355,0.592,0.948
133,Yasmani Grandal,CHW,S,C/1B,C/1B,135,546,454,72.2,25.3,76.1,3.2,108.4,61.1,20.4,1.5,207.9,130.6,82.7,3.7,4.0,2.3,1.5,0.239,0.358,0.458,0.817
134,Michael Chavis,BOS,R,1B/2B,1B/2B/ 3B,133,546,492,69.5,24.8,75.1,3.6,122.3,73.2,22.9,1.5,222.4,154.5,41.2,6.2,4.0,3.0,1.5,0.248,0.312,0.452,0.764
135,Randal Grichuk,TOR,R,OF,OF,134,544,498,69.6,29.9,84.6,2.8,121.8,58.7,30.0,3.3,248.0,147.1,33.9,5.6,4.0,2.0,1.2,0.244,0.298,0.498,0.796
136,Nick Solak,TEX,R,DH,2B/3B,137,543,485,62.1,19.8,66.0,6.6,126.2,83.0,21.3,2.0,210.8,122.7,45.3,7.1,3.9,1.7,2.8,0.260,0.330,0.435,0.764
137,Mallex Smith,SEA,L,OF,OF,136,542,484,55.4,6.5,40.9,36.1,120.5,85.9,22.1,6.0,174.1,119.9,43.9,6.4,3.7,4.5,11.5,0.249,0.317,0.360,0.677
138,Freddy Galvis,CIN,S,2B/SS,2B/SS,137,541,499,57.6,15.3,62.2,5.3,120.0,79.3,23.6,1.8,193.0,124.5,32.5,2.5,3.9,3.2,2.1,0.241,0.288,0.387,0.675
139,David Fletcher,LAA,R,2B/SS/ 3B/OF,2B/SS/ 3B/OF,135,539,491,64.8,6.3,49.5,7.7,137.5,101.4,26.9,3.0,189.0,58.3,36.8,3.7,3.7,4.1,2.7,0.280,0.333,0.385,0.718
140,Corey Dickerson,MIA,L,OF,OF,131,538,497,64.6,18.3,65.8,4.1,134.7,81.2,31.5,3.7,228.4,108.7,30.4,3.9,3.9,2.9,1.8,0.271,0.316,0.460,0.776
141,Brandon Crawford,SF,L,SS,SS,139,538,480,55.0,13.2,58.4,4.0,118.8,76.7,26.8,2.1,189.5,112.5,47.4,4.4,4.0,2.3,1.9,0.248,0.319,0.395,0.714
142,Isan Diaz,MIA,L,2B,2B,135,538,475,58.6,17.4,57.0,6.7,110.4,69.7,20.4,2.9,188.7,136.7,50.8,5.7,3.9,2.7,3.2,0.233,0.312,0.397,0.710
143,Shed Long,SEA,L,2B,2B/OF,134,537,483,60.3,15.8,51.4,9.8,119.5,77.7,22.8,3.2,196.1,130.5,42.3,3.9,3.9,4.2,4.2,0.247,0.311,0.406,0.717
144,Starlin Castro,WSH,R,2B/3B,2B/3B,132,536,498,65.2,16.5,72.5,3.2,141.0,97.2,25.5,1.8,219.5,96.7,29.8,3.3,4.0,1.5,1.5,0.283,0.325,0.441,0.767
145,Trent Grisham,SD,L,OF,OF,137,535,463,62.8,18.4,67.7,9.8,113.3,70.4,20.7,3.7,196.7,115.5,59.8,4.4,3.6,4.3,3.8,0.245,0.335,0.425,0.760
146,Nicky Lopez,KC,L,2B/SS,2B/SS,138,535,486,59.9,6.5,47.8,9.1,132.3,97.9,24.4,3.5,183.3,58.1,37.5,3.9,4.0,3.7,4.0,0.273,0.327,0.377,0.704
147,Evan Longoria,SF,R,3B,3B,130,533,485,63.8,19.7,66.4,2.9,122.6,74.6,25.7,2.6,212.6,112.2,36.4,6.0,4.1,1.2,1.3,0.253,0.310,0.438,0.748
148,C.J. Cron,DET,R,1B,1B,131,532,480,66.9,28.0,81.7,1.6,125.5,70.4,26.0,1.1,237.5,121.3,36.0,10.6,4.0,2.2,0.7,0.262,0.325,0.495,0.820
149,Alex Gordon,KC,L,OF,OF,130,531,469,58.9,14.4,61.6,5.3,121.1,80.8,24.7,1.2,191.5,102.2,44.9,11.2,3.9,2.2,2.3,0.258,0.335,0.409,0.744
150,Colin Moran,PIT,L,3B,1B/2B/ 3B,131,530,480,61.5,15.6,61.6,1.9,128.4,87.0,24.7,1.2,202.2,112.6,39.6,4.4,4.0,2.2,0.9,0.268,0.327,0.421,0.748
151,JaCoby Jones,DET,R,OF,OF,133,529,475,61.6,14.9,50.6,11.5,110.7,67.6,24.1,4.1,187.8,155.6,37.3,8.7,3.9,3.9,4.2,0.234,0.299,0.396,0.694
152,Jackie Bradley Jr.,BOS,L,OF,OF,137,525,458,70.1,17.9,62.5,9.7,110.1,62.8,26.6,2.7,195.9,137.4,50.5,9.0,4.0,3.7,3.6,0.241,0.325,0.428,0.753
153,Jurickson Profar,SD,S,2B,2B/OF,137,523,458,60.3,17.6,66.8,7.1,112.1,68.2,24.3,2.0,193.2,78.3,50.1,7.8,3.9,2.9,2.7,0.244,0.326,0.422,0.748
154,Gio Urshela,NYY,R,3B,3B,134,521,481,63.1,17.0,64.4,2.0,128.9,85.9,25.3,0.7,206.5,93.9,27.2,5.4,3.9,2.9,0.9,0.268,0.312,0.429,0.740
155,Luis Arraez,MIN,L,2B/OF,2B/SS/ 3B/OF,129,521,469,68.8,5.8,54.3,5.4,146.5,111.6,26.9,2.1,195.1,44.4,41.9,3.3,3.7,2.8,2.4,0.313,0.370,0.416,0.786
156,Miguel Andujar,NYY,R,DH,DH,130,520,483,67.6,22.7,74.8,3.3,130.1,78.2,27.9,1.4,228.9,86.7,26.9,4.1,3.9,2.4,1.4,0.269,0.311,0.474,0.785
157,Yandy Diaz,TB,R,1B/3B,1B/3B,126,520,452,60.9,11.6,55.8,4.1,123.8,87.7,22.8,1.7,184.9,100.5,59.3,3.2,3.7,2.2,1.9,0.274,0.359,0.409,0.768
158,Robinson Cano,NYM,L,2B,2B,126,519,472,68.0,18.4,68.8,0.9,128.6,80.7,28.9,0.5,213.7,83.1,36.4,4.9,3.9,1.1,0.4,0.272,0.328,0.452,0.780
159,Dexter Fowler,STL,S,OF,OF,127,519,443,63.8,15.5,55.1,7.5,104.6,65.1,22.3,1.6,176.8,124.8,62.9,5.8,3.6,3.3,3.0,0.236,0.336,0.399,0.736
160,Anthony Santander,BAL,S,OF,OF,129,516,478,60.0,21.1,70.8,4.5,125.3,76.4,26.3,1.5,217.8,102.9,27.9,4.2,3.9,1.9,2.1,0.262,0.306,0.456,0.762
161,Aaron Judge,NYY,R,OF,OF,113,514,426,79.6,31.6,80.8,4.8,107.9,57.0,18.3,1.0,223.1,159.0,77.0,4.5,3.7,3.0,2.1,0.254,0.371,0.524,0.895
162,Byron Buxton,MIN,R,OF,OF,134,512,465,72.5,18.5,66.1,22.2,122.1,69.9,30.0,3.7,214.9,130.0,34.7,4.6,3.9,3.6,6.1,0.263,0.317,0.462,0.779
163,Andrew McCutchen,PHI,R,OF,OF,114,511,434,80.0,23.3,63.6,6.8,112.4,66.0,21.4,1.7,207.1,113.1,65.0,4.9,3.5,2.9,3.1,0.259,0.359,0.477,0.836
164,Jose Iglesias,BAL,R,SS,SS,134,510,474,56.4,8.9,48.5,8.4,127.5,90.5,25.7,2.4,184.6,64.1,24.2,4.4,3.9,3.2,3.9,0.269,0.308,0.389,0.697
165,Ian Happ,CHC,S,OF,1B/2B/ 3B/OF,131,509,439,64.9,21.9,70.6,7.5,104.7,60.4,20.7,1.7,194.6,148.1,58.8,4.1,3.8,3.0,3.1,0.239,0.331,0.444,0.775
166,Matt Carpenter,STL,L,3B,3B,126,509,424,66.8,19.8,61.7,4.4,100.5,54.5,24.7,1.5,187.5,127.3,71.2,6.0,3.4,3.9,1.7,0.237,0.352,0.442,0.795
167,Luis Urias,MIL,R,2B/SS,2B/SS,131,507,444,58.4,13.5,60.1,4.3,111.5,73.9,21.4,2.7,178.7,103.9,47.4,8.3,3.9,3.5,2.1,0.251,0.332,0.403,0.735
168,Salvador Perez,KC,R,C,C,127,504,472,60.2,24.8,72.9,2.0,118.9,69.1,23.8,1.2,219.4,100.8,20.0,7.4,3.8,1.1,0.9,0.252,0.291,0.465,0.756
169,Brandon Nimmo,NYM,L,OF,OF,122,503,413,66.7,14.2,51.0,6.8,95.3,57.6,20.6,2.8,164.3,135.8,72.9,10.1,3.5,3.5,2.9,0.231,0.357,0.398,0.755
170,Albert Pujols,LAA,R,1B,1B,123,498,455,60.5,21.2,68.4,1.9,114.8,74.2,19.0,0.4,198.3,72.6,35.1,3.4,3.6,1.1,0.8,0.253,0.308,0.436,0.744
171,Daniel Murphy,COL,L,1B,1B,124,497,454,67.7,18.0,75.8,2.2,130.8,80.3,31.0,1.6,218.8,76.2,35.0,3.1,3.7,1.9,1.0,0.288,0.341,0.483,0.824
172,Alex Verdugo,BOS,L,OF,OF,117,495,445,70.5,13.0,60.7,5.7,136.5,89.7,31.2,2.6,211.9,67.1,40.1,3.6,3.6,2.8,2.5,0.307,0.366,0.476,0.842
173,J.D. Davis,NYM,R,3B/OF,3B/OF,127,494,443,61.9,20.9,69.7,2.7,116.6,72.3,22.4,1.1,203.9,114.3,40.7,4.2,3.7,2.5,1.1,0.264,0.329,0.461,0.790
174,Yasiel Puig,FA,R,OF,OF,124,492,440,65.6,22.4,72.1,12.6,117.8,71.3,22.4,1.7,210.8,102.1,42.5,3.8,3.6,1.7,5.5,0.268,0.335,0.478,0.813
175,Nomar Mazara,CHW,L,OF,OF,128,491,444,63.3,23.5,68.8,3.0,113.5,67.1,21.9,1.1,208.0,110.0,37.5,4.8,3.6,1.0,1.4,0.255,0.318,0.469,0.787
176,Ryan McMahon,COL,L,2B/3B,1B/2B/ 3B,125,488,435,64.0,18.7,70.7,4.8,116.5,71.4,24.3,2.0,201.1,130.1,44.4,3.1,3.7,2.4,2.1,0.268,0.337,0.462,0.799
177,Brett Gardner,NYY,L,OF,OF,125,488,428,67.3,16.3,54.9,9.3,105.7,66.6,18.7,4.0,181.5,95.9,48.2,4.8,3.4,3.6,2.8,0.247,0.327,0.424,0.751
178,Teoscar Hernandez,TOR,R,OF,OF,125,484,432,58.5,21.9,62.9,6.8,99.4,53.8,20.9,2.7,191.4,149.7,42.5,3.3,3.5,2.5,3.1,0.230,0.302,0.443,0.745
179,Christin Stewart,DET,L,OF,OF,121,482,424,56.0,18.3,58.0,1.4,103.8,63.1,20.7,1.7,182.9,115.8,47.4,5.2,3.5,2.0,0.6,0.245,0.326,0.431,0.757
180,Avisail Garcia,MIL,R,OF,OF,122,480,437,60.0,19.9,69.5,6.2,117.8,74.6,21.5,1.8,202.7,113.2,31.0,6.2,3.5,1.5,3.0,0.269,0.324,0.463,0.787
181,Willson Contreras,CHC,R,C,C,120,479,419,65.5,19.1,66.9,3.2,107.8,64.5,22.0,2.3,191.7,114.1,47.7,7.6,3.6,1.8,1.6,0.257,0.342,0.458,0.800
182,Joc Pederson,LAD,L,1B/OF,1B/OF,120,476,412,72.3,28.5,80.2,3.1,104.1,52.4,21.0,2.2,215.1,101.5,49.3,8.1,3.3,3.7,1.4,0.253,0.342,0.523,0.865
183,Eric Thames,WSH,L,1B,1B/OF,119,476,412,62.0,20.3,64.0,4.6,96.7,54.1,20.4,1.8,181.7,146.3,51.5,6.5,3.5,2.7,1.8,0.235,0.327,0.442,0.769
184,Kyle Lewis,SEA,R,OF,OF,126,476,432,46.9,15.1,50.2,2.4,100.8,63.6,21.0,1.2,169.5,137.2,35.3,2.9,3.6,1.7,1.1,0.233,0.293,0.392,0.685
185,Evan White,SEA,R,1B,1B,126,476,432,50.5,17.0,54.9,2.9,109.5,72.0,18.5,2.0,183.2,104.6,32.8,4.2,3.6,3.0,1.2,0.253,0.310,0.424,0.734
186,Mauricio Dubon,SF,R,2B,2B/SS,126,472,439,48.4,11.7,51.5,11.3,116.9,81.6,22.3,1.3,176.9,74.2,22.7,3.2,3.6,3.6,5.0,0.266,0.305,0.403,0.708
187,Gavin Lux,LAD,L,2B,2B,124,470,422,59.1,14.8,63.2,8.0,112.5,73.8,20.4,3.4,184.4,97.2,38.5,2.5,3.4,3.0,3.6,0.267,0.329,0.436,0.765
188,Ryan Braun,MIL,R,OF,OF,116,467,422,65.3,21.7,69.8,7.8,113.4,66.1,24.1,1.5,205.7,96.1,34.9,4.7,3.5,1.3,2.8,0.268,0.329,0.487,0.816
189,Ronald Guzman,TEX,L,1B,1B,127,466,412,54.6,16.5,52.3,2.7,98.8,60.3,21.1,0.8,171.0,123.2,41.9,5.5,3.6,3.2,1.2,0.240,0.316,0.416,0.732
190,Shohei Ohtani,LAA,L,DH,DH,114,465,412,64.6,24.2,79.1,10.6,115.7,66.6,21.6,3.4,216.8,119.3,44.0,3.8,3.5,1.3,4.4,0.281,0.353,0.526,0.880
191,Willie Calhoun,TEX,L,OF,OF,112,462,418,57.3,20.9,66.0,1.8,111.7,67.8,21.9,1.1,198.6,72.4,35.1,3.8,3.5,1.9,0.8,0.267,0.328,0.475,0.803
192,Tommy La Stella,LAA,L,2B/3B,2B/3B,114,461,413,60.4,13.5,51.2,2.1,113.7,78.6,20.7,0.9,176.8,58.8,35.6,4.8,3.4,3.3,0.9,0.275,0.337,0.428,0.765
193,Domingo Santana,CLE,R,OF,OF,116,458,399,56.0,18.3,58.5,5.9,99.0,59.5,20.1,1.0,176.0,143.4,50.3,3.6,3.5,1.7,2.6,0.248,0.335,0.441,0.776
194,Gary Sanchez,NYY,R,C,C,114,458,403,65.3,30.7,80.9,1.4,97.6,49.3,16.6,0.9,208.3,118.1,43.6,6.8,3.4,1.2,0.6,0.242,0.324,0.517,0.841
195,Maikel Franco,KC,R,3B,3B,122,458,412,57.3,19.6,61.4,1.0,110.1,65.9,23.3,1.3,194.9,63.5,38.5,2.3,3.5,2.6,0.4,0.267,0.332,0.474,0.806
196,Nick Madrigal,CHW,R,2B,2B,120,457,417,57.5,5.3,44.6,18.9,119.7,89.3,22.5,2.6,163.4,25.6,28.4,5.2,3.4,2.9,7.9,0.287,0.337,0.392,0.729
197,Mitch Garver,MIN,R,C,C,113,455,400,62.1,19.5,60.8,1.3,101.3,58.4,21.6,1.8,185.0,110.4,44.4,4.4,3.4,2.7,0.6,0.253,0.332,0.463,0.795
198,Buster Posey,SF,R,C,C,114,455,404,55.4,9.9,45.1,1.7,110.9,76.8,23.4,0.7,165.6,66.4,41.5,5.2,3.3,1.3,0.7,0.274,0.347,0.410,0.756
199,Trey Mancini,BAL,R,1B/OF,1B/OF,103,452,405,59.0,20.6,61.3,1.0,110.0,66.9,21.0,1.5,196.0,102.2,36.5,5.2,3.3,2.1,0.4,0.272,0.337,0.484,0.821
200,Ryan Mountcastle,BAL,R,1B,1B,113,451,422,52.5,18.9,60.9,2.5,114.4,71.9,22.3,1.2,195.9,106.3,19.0,3.6,3.4,2.8,1.0,0.271,0.306,0.464,0.770
201,Christian Vazquez,BOS,R,C,C/1B,119,450,413,54.3,13.3,53.8,4.8,108.5,71.8,22.3,1.1,172.9,84.0,27.9,3.1,3.4,2.8,1.9,0.263,0.312,0.419,0.731
202,Carter Kieboom,WSH,R,SS,SS,117,449,397,53.6,13.1,54.7,4.1,103.6,69.1,20.2,1.3,165.5,104.3,41.6,4.6,3.3,2.7,1.7,0.261,0.336,0.416,0.752
203,Rio Ruiz,BAL,L,3B,1B/3B,117,443,396,47.7,13.4,49.8,1.9,98.5,65.7,17.5,1.9,160.1,96.3,38.7,2.3,3.3,2.4,0.9,0.248,0.316,0.404,0.720
204,Jorge Alfaro,MIA,R,C,C,117,442,405,44.3,14.1,50.0,3.8,98.6,64.9,17.9,1.6,162.0,142.6,21.6,9.2,3.3,2.4,1.7,0.243,0.294,0.400,0.694
205,Austin Hays,BAL,R,OF,OF,116,442,411,54.3,19.3,55.9,8.1,106.1,64.1,21.3,1.3,188.1,94.9,21.6,4.2,3.3,2.6,3.7,0.258,0.300,0.458,0.758
206,Ji-Man Choi,TB,L,1B,1B,112,439,375,51.7,16.6,55.6,2.8,92.3,55.2,19.1,1.5,164.0,109.4,54.1,4.6,3.3,1.5,1.4,0.246,0.346,0.437,0.783
207,Adam Haseley,PHI,L,OF,OF,117,438,396,51.1,12.0,51.2,5.4,100.9,67.6,19.7,1.5,159.8,91.3,30.6,5.1,3.4,2.9,2.3,0.255,0.314,0.404,0.718
208,Victor Reyes,DET,S,OF,OF,114,437,409,49.1,8.1,40.6,12.6,111.6,79.8,20.1,3.6,163.3,83.3,19.6,2.1,3.0,3.3,4.9,0.273,0.308,0.400,0.707
209,Shogo Akiyama,CIN,L,OF,OF,109,437,384,57.6,11.9,48.7,7.6,105.1,72.1,18.8,2.3,164.0,83.8,42.9,4.0,3.2,2.7,3.9,0.274,0.350,0.428,0.778
210,Alex Dickerson,SF,L,OF,OF,114,436,392,50.5,12.8,53.1,3.0,106.8,67.9,22.1,4.0,175.3,91.9,33.0,5.6,3.2,1.8,1.3,0.272,0.335,0.447,0.782
211,Jeimer Candelario,DET,S,1B/3B,1B/3B,113,435,379,51.3,14.2,47.1,2.6,92.1,54.5,21.0,2.4,160.6,105.9,45.1,5.6,3.1,2.2,1.2,0.243,0.330,0.424,0.755
212,Travis Shaw,TOR,L,3B,1B/3B,113,434,374,53.3,19.5,56.6,2.9,86.7,48.3,18.3,0.6,164.6,108.5,51.8,4.0,3.1,1.4,1.2,0.232,0.330,0.440,0.770
213,Aristides Aquino,CIN,R,OF,OF,113,433,397,56.1,25.4,68.9,5.4,95.3,51.5,17.4,1.1,191.0,122.4,27.8,4.1,3.0,1.0,2.4,0.240,0.295,0.482,0.777
214,Franchy Cordero,SD,L,OF,OF,112,433,394,45.6,13.1,47.9,8.1,88.5,55.5,16.7,3.2,151.0,145.8,30.3,3.6,3.2,2.1,3.6,0.225,0.284,0.383,0.667
215,Ryan O’Hearn,KC,L,1B,1B,114,432,381,49.9,17.9,51.4,1.3,89.5,50.9,19.0,1.7,165.6,115.4,42.3,3.1,3.3,1.8,0.6,0.235,0.314,0.435,0.749
216,Mike Tauchman,NYY,L,OF,OF,116,428,378,53.9,11.5,46.3,7.8,93.6,61.1,19.0,2.0,151.1,95.5,40.1,3.1,3.3,2.9,3.4,0.247,0.322,0.400,0.722
217,Kyle Tucker,HOU,L,OF,OF,112,428,384,58.8,20.3,58.0,14.6,94.7,53.6,18.9,1.9,178.3,102.9,34.8,4.2,3.1,2.7,5.5,0.247,0.314,0.465,0.779
218,Jo Adell,LAA,R,OF,OF,106,426,389,49.3,13.7,46.5,5.9,93.9,58.5,20.8,0.9,157.7,121.7,27.0,4.4,3.2,2.7,2.3,0.241,0.296,0.406,0.702
219,Kevin Kiermaier,TB,L,OF,OF,115,423,382,47.3,12.9,45.8,13.7,91.8,56.6,17.2,5.0,157.8,97.3,30.6,5.0,3.0,2.5,4.9,0.240,0.303,0.414,0.717
220,Stephen Piscotty,OAK,R,OF,OF,107,423,376,53.8,16.9,56.1,2.1,98.8,58.0,22.9,1.1,174.5,89.1,37.0,5.5,3.1,1.7,1.0,0.263,0.335,0.464,0.799
221,Tom Murphy,SEA,R,C,C,112,423,388,42.0,17.4,49.2,2.9,83.7,47.1,17.6,1.5,156.5,145.3,25.5,4.1,3.2,2.3,1.2,0.216,0.269,0.404,0.673
222,Jesse Winker,CIN,L,OF,OF,108,418,360,56.0,14.1,53.7,2.4,100.8,66.4,18.9,1.4,165.0,67.0,46.6,5.2,2.9,2.6,1.1,0.280,0.368,0.458,0.826
223,Eric Sogard,MIL,L,2B,2B/3B/ OF,109,416,365,49.9,8.6,43.8,5.7,93.5,65.1,18.5,1.4,140.6,66.3,40.7,3.9,2.8,3.4,2.0,0.256,0.335,0.384,0.719
224,Austin Nola,SEA,R,1B,C/1B/ 2B,112,415,372,40.2,8.9,38.0,2.7,89.8,61.7,18.1,1.2,136.9,91.0,33.1,5.0,3.1,1.7,1.2,0.242,0.310,0.368,0.678
225,Wil Myers,SD,R,OF,1B/OF,109,414,364,48.0,15.9,51.7,11.4,83.5,48.1,18.4,1.1,151.9,128.9,42.4,2.8,3.1,1.9,4.1,0.229,0.312,0.417,0.729
226,Wilson Ramos,NYM,R,C,C,111,413,374,50.4,15.4,57.4,0.9,102.6,68.9,17.7,0.5,167.7,65.0,31.7,2.5,3.1,1.5,0.4,0.274,0.333,0.449,0.781
227,Nick Senzel,CIN,R,OF,OF,107,412,370,50.0,12.3,49.9,11.6,96.6,60.3,21.2,2.8,160.2,94.8,32.6,3.2,2.8,3.1,4.6,0.261,0.324,0.433,0.757
228,Yadier Molina,STL,R,C,C,109,412,380,45.2,11.7,51.2,4.0,100.1,67.8,20.0,0.5,156.3,62.4,23.0,5.0,3.1,1.6,1.7,0.264,0.312,0.412,0.723
229,Tyler O’Neill,STL,R,OF,OF,107,410,372,49.6,20.5,58.0,4.1,88.4,51.4,15.6,1.0,167.5,129.7,30.5,2.8,3.1,2.0,1.5,0.238,0.298,0.450,0.748
230,Tony Wolters,COL,L,C,C,113,407,354,46.3,5.3,43.4,1.9,89.1,62.8,18.1,2.9,129.0,71.7,40.4,5.9,3.2,3.1,0.8,0.252,0.335,0.364,0.699
231,Harrison Bader,STL,R,OF,OF,112,407,358,45.5,13.9,49.0,9.5,85.5,54.1,15.7,1.8,146.4,115.3,35.9,7.7,3.1,2.8,4.1,0.239,0.319,0.409,0.728
232,Leury Garcia,CHW,S,OF,SS/OF,107,405,376,49.0,7.1,36.7,9.3,98.0,71.6,17.1,2.1,140.7,93.4,17.2,5.3,2.7,3.4,3.5,0.261,0.300,0.374,0.674
233,Garrett Hampson,COL,R,2B/OF,2B/SS/ OF,106,405,367,48.8,7.8,46.9,18.2,99.5,69.9,18.0,3.7,148.4,85.4,30.0,2.4,3.0,2.7,6.3,0.272,0.328,0.404,0.732
234,Derek Fisher,TOR,L,OF,OF,113,403,352,49.5,15.7,47.5,9.3,80.6,47.6,15.6,1.7,146.7,126.8,41.6,3.7,3.0,2.9,3.6,0.229,0.314,0.417,0.731
235,Will Smith,LAD,R,C,C,109,403,356,50.6,19.8,60.5,2.7,80.2,44.0,15.5,0.8,156.8,101.7,35.6,5.9,3.0,2.2,1.1,0.225,0.304,0.440,0.744
236,Carson Kelly,ARI,R,C,C,113,402,347,49.1,14.1,51.7,1.1,86.6,53.3,18.2,0.9,149.0,77.5,45.1,4.2,3.2,3.0,0.5,0.249,0.340,0.430,0.770
237,Brian Goodwin,LAA,L,OF,OF,102,397,356,47.0,12.2,41.2,6.2,81.9,50.2,18.0,1.5,139.5,114.7,32.9,3.3,2.9,2.4,2.4,0.231,0.299,0.392,0.691
238,Sam Hilliard,COL,L,OF,OF,106,397,360,48.1,15.2,56.0,11.8,89.4,55.1,15.8,3.3,157.4,120.9,29.0,2.5,3.0,2.1,5.4,0.248,0.306,0.437,0.743
239,Tucker Barnhart,CIN,L,C,C,109,395,345,43.4,9.5,44.4,1.9,82.4,54.2,17.6,1.1,130.5,80.8,41.2,2.7,3.0,2.4,0.8,0.238,0.322,0.377,0.699
240,Todd Frazier,TEX,R,3B,3B,106,394,343,47.6,18.0,50.0,2.8,80.9,46.2,15.5,1.2,152.8,88.2,38.9,7.4,2.9,1.6,1.3,0.236,0.325,0.446,0.770
241,Dylan Carlson,STL,S,OF,OF,102,392,351,45.6,11.6,45.7,8.4,88.6,56.8,17.0,3.2,146.9,83.0,32.0,3.7,2.9,2.4,3.8,0.253,0.320,0.419,0.738
242,Justin Smoak,MIL,S,1B,1B,104,392,331,53.9,19.9,57.9,0.7,79.4,43.5,15.6,0.4,155.7,92.0,54.3,3.2,2.9,0.9,0.3,0.240,0.349,0.470,0.820
243,Mike Zunino,TB,R,C,C,110,389,347,44.3,16.8,45.3,1.3,70.8,38.7,14.4,0.9,137.2,133.7,30.6,5.1,3.0,2.7,0.5,0.204,0.276,0.395,0.671
244,Cameron Maybin,DET,R,OF,OF,102,387,339,43.3,8.8,36.9,12.0,86.5,58.4,18.1,1.1,133.3,88.4,40.8,2.6,2.9,2.5,4.5,0.255,0.337,0.394,0.731
245,A.J. Pollock,LAD,R,OF,OF,98,387,350,52.1,15.6,54.4,6.4,89.0,53.0,19.0,1.4,157.8,81.7,26.8,5.6,2.8,1.8,2.1,0.255,0.315,0.451,0.766
246,Omar Narvaez,MIL,L,C,C,106,386,338,45.6,12.4,49.3,1.0,88.2,61.0,14.2,0.6,140.7,72.0,40.8,3.2,2.9,1.8,0.4,0.261,0.343,0.417,0.761
247,Howie Kendrick,WSH,R,1B/2B,1B/2B/ 3B,99,380,344,50.4,12.3,53.9,3.6,106.0,71.2,21.3,1.1,166.4,61.1,26.3,4.4,2.9,1.8,1.5,0.308,0.362,0.484,0.845
248,Daniel Vogelbach,SEA,L,1B,1B,100,377,315,43.8,16.7,45.2,0.7,73.1,43.1,12.9,0.3,136.8,92.9,55.5,2.3,2.7,1.3,0.3,0.232,0.349,0.435,0.783
249,Johan Camargo,ATL,S,SS,SS/3B/ OF,103,377,341,45.4,11.8,51.3,1.7,91.8,58.4,20.5,1.2,150.2,73.1,27.2,3.1,2.9,2.2,0.7,0.269,0.326,0.440,0.766
250,Jarrod Dyson,PIT,L,OF,OF,102,374,330,38.3,6.0,33.4,18.9,79.0,57.8,13.6,1.6,113.9,67.1,33.6,3.9,2.6,3.0,5.1,0.239,0.315,0.344,0.659
251,Yoshitomo Tsutsugo,TB,L,OF,OF,97,371,314,47.1,17.4,50.2,1.1,78.9,45.9,15.0,0.6,147.4,94.7,49.2,2.3,2.8,2.3,0.5,0.251,0.354,0.469,0.823
252,Roberto Perez,CLE,R,C,C,99,369,324,44.0,14.2,47.4,1.0,71.2,42.3,13.6,1.1,129.7,108.8,37.3,2.9,2.8,2.5,0.4,0.220,0.304,0.400,0.704
253,Steven Duggar,SF,L,OF,OF,99,369,332,37.3,5.6,31.2,7.0,80.7,54.5,18.0,2.6,120.6,103.6,29.8,2.3,2.7,2.8,3.2,0.243,0.308,0.363,0.671
254,Jose Martinez,TB,R,OF,OF,96,361,322,40.8,11.0,44.7,2.3,86.9,59.6,15.1,1.3,137.6,77.6,32.8,2.2,2.8,1.6,0.9,0.270,0.339,0.428,0.768
255,Guillermo Heredia,PIT,R,OF,OF,98,360,318,36.7,6.4,35.0,5.1,80.3,56.8,16.3,0.7,117.3,71.2,29.2,7.3,2.7,2.5,2.4,0.252,0.327,0.369,0.696
256,Martin Maldonado,HOU,R,C,C,98,359,322,41.7,11.2,43.3,1.0,71.1,44.3,14.9,0.7,120.8,89.3,22.9,8.1,2.8,2.7,0.5,0.220,0.287,0.375,0.661
257,Mitch Moreland,BOS,L,1B,1B,94,358,317,46.7,15.8,51.3,1.2,79.7,44.1,18.4,1.5,148.4,83.5,33.9,2.6,2.7,1.1,0.5,0.251,0.326,0.467,0.793
258,Jason Castro,LAA,L,C,C,96,358,310,42.4,12.0,42.9,1.3,68.4,40.8,14.9,0.7,120.7,111.1,38.9,4.1,2.8,2.6,0.5,0.220,0.313,0.389,0.702
259,Jose Osuna,PIT,R,1B/OF,1B/3B/ OF,96,357,326,40.6,11.1,44.0,2.5,86.5,52.7,21.7,1.0,143.5,68.7,23.0,3.0,2.7,1.8,1.1,0.265,0.317,0.440,0.757
260,Garrett Cooper,MIA,R,1B/OF,1B/OF,94,356,321,40.2,10.7,40.2,0.7,84.8,55.6,17.3,1.2,136.6,88.1,27.4,3.6,2.6,1.3,0.3,0.264,0.326,0.425,0.751
261,Travis D’Arnaud,ATL,R,C/1B,C/1B,95,356,323,44.6,13.7,50.3,1.3,83.2,51.8,17.1,0.6,142.5,72.4,26.1,2.8,2.7,1.9,0.6,0.258,0.316,0.442,0.758
262,Josh Reddick,HOU,L,OF,OF,97,355,321,46.3,11.3,43.5,3.5,85.8,58.1,14.5,1.9,137.9,51.6,28.5,1.1,2.6,1.9,1.4,0.268,0.327,0.430,0.757
263,Nick Markakis,ATL,L,OF,OF,93,355,314,47.3,8.3,44.3,1.1,89.1,60.4,19.2,1.2,135.8,50.5,34.8,2.6,2.7,0.9,0.5,0.283,0.357,0.431,0.788
264,Jose Peraza,BOS,R,2B/SS/ OF,2B/SS/ 3B/OF,99,351,324,47.2,6.5,36.5,9.9,91.9,67.4,16.4,1.6,131.0,44.6,16.0,5.0,2.6,2.4,3.9,0.283,0.324,0.404,0.728
265,Francisco Mejia,SD,S,C,C,98,351,322,39.6,12.1,46.0,2.0,83.0,52.8,16.2,1.9,139.2,71.0,20.0,4.3,2.6,2.0,0.9,0.257,0.307,0.431,0.739
266,Sean Murphy,OAK,R,C,C,99,349,314,43.6,13.4,46.2,2.4,78.6,46.8,17.0,1.3,138.5,74.6,25.7,4.0,2.7,2.4,1.0,0.250,0.312,0.440,0.753
267,Asdrubal Cabrera,WSH,S,2B/3B,2B/3B,95,347,310,44.5,11.3,44.9,1.7,82.5,52.3,18.2,0.7,135.9,69.0,30.0,2.8,2.6,1.6,0.7,0.266,0.334,0.438,0.772
268,Austin Riley,ATL,R,OF,1B/3B/ OF,90,343,312,44.1,17.6,53.5,1.6,78.0,44.0,15.5,0.9,148.3,99.5,23.3,3.5,2.5,1.6,0.7,0.249,0.307,0.475,0.781
269,Brett Phillips,KC,L,OF,OF,99,342,298,37.7,8.9,33.0,8.2,62.8,38.7,10.0,5.1,109.9,115.7,36.7,2.5,2.6,2.2,3.0,0.210,0.300,0.368,0.668
270,Robinson Chirinos,TEX,R,C,C,97,340,291,40.3,13.2,40.6,1.7,63.6,35.9,13.8,0.8,118.5,101.2,35.1,8.9,2.6,2.2,0.7,0.218,0.319,0.408,0.727
271,Kurt Suzuki,WSH,R,C,C,94,328,297,41.7,13.8,48.5,1.1,79.4,49.9,15.3,0.4,137.0,43.3,20.0,7.1,2.5,1.5,0.5,0.267,0.326,0.461,0.787
272,Jacob Stallings,PIT,R,C,C,96,327,298,33.5,6.9,35.2,1.5,78.0,53.3,17.0,0.8,117.1,63.2,20.5,4.3,2.5,2.3,0.6,0.262,0.317,0.393,0.710
273,Ender Inciarte,ATL,L,OF,OF,91,327,293,39.3,6.0,35.5,9.8,77.7,55.4,14.2,2.1,114.1,50.3,27.3,2.7,2.3,2.5,3.8,0.265,0.331,0.390,0.721
274,Joey Wendle,TB,L,2B/3B,2B/SS/ 3B,91,324,297,35.0,5.3,30.4,7.4,76.3,52.2,16.7,2.1,113.0,62.2,17.8,5.1,2.4,1.7,2.8,0.257,0.308,0.380,0.688
275,D.J. Stewart,BAL,L,OF,OF,95,324,284,39.0,12.7,39.2,5.7,71.9,44.2,14.0,0.9,125.8,70.2,32.3,4.1,2.4,1.7,2.5,0.254,0.335,0.443,0.778
276,Jordan Luplow,CLE,R,OF,OF,94,324,284,42.8,12.8,38.7,4.7,70.9,41.4,15.2,1.4,127.4,73.2,32.9,3.5,2.4,1.4,2.1,0.250,0.333,0.450,0.783
277,Nico Hoerner,CHC,R,SS,SS,87,321,295,38.8,7.3,38.4,4.6,80.5,55.4,15.0,2.8,122.9,40.3,18.1,3.2,2.5,2.2,2.0,0.273,0.319,0.417,0.736
278,Reese McGuire,TOR,L,C,C,96,318,287,37.2,8.7,34.6,2.9,69.5,45.4,14.4,1.1,112.2,62.3,23.7,2.9,2.4,2.1,1.2,0.243,0.305,0.391,0.696
279,Franklin Barreto,OAK,R,2B,2B/SS,96,317,287,40.8,11.2,35.3,5.9,68.5,41.7,13.9,1.7,119.4,95.8,21.6,3.5,2.4,2.1,2.4,0.238,0.297,0.416,0.713
280,Wilmer Flores,SF,R,2B,1B/2B,91,316,289,37.5,11.4,42.1,0.9,81.3,52.0,17.3,0.6,134.0,37.8,19.9,3.5,2.4,1.4,0.4,0.281,0.332,0.464,0.796
281,Raimel Tapia,COL,L,OF,OF,91,314,291,38.0,6.3,39.2,7.3,81.2,55.2,16.4,3.3,122.9,66.3,16.4,1.6,2.3,1.9,2.9,0.278,0.318,0.422,0.741
282,Jake Bauers,CLE,L,1B/OF,1B/OF,92,311,269,37.5,10.3,33.6,6.7,65.4,39.3,15.0,0.7,112.9,76.2,35.9,2.6,2.3,1.4,3.0,0.243,0.334,0.420,0.754
283,Chance Sisco,BAL,L,C,C,94,310,270,34.6,10.5,34.6,1.6,64.6,41.4,12.3,0.4,109.0,85.9,27.9,7.7,2.3,1.7,0.7,0.239,0.326,0.404,0.730
284,Dee Gordon,SEA,L,2B,2B,91,310,291,31.9,2.6,23.6,14.4,79.7,62.7,11.1,3.3,105.1,45.9,11.4,3.3,2.2,2.6,4.4,0.274,0.307,0.361,0.668
285,Brandon Drury,TOR,R,3B/OF,1B/2B/ SS/3B/ OF,93,309,280,36.0,9.3,34.2,1.4,67.5,40.7,16.6,0.9,113.9,75.2,21.9,2.9,2.3,1.8,0.6,0.241,0.300,0.407,0.707
286,Danny Jansen,TOR,R,C,C,95,309,272,39.9,11.0,37.7,1.9,68.0,41.6,14.4,1.0,117.4,55.6,26.8,5.1,2.4,2.2,0.7,0.249,0.325,0.431,0.756
287,Jake Marisnick,NYM,R,OF,OF,93,306,277,32.1,10.7,37.1,8.0,60.4,35.5,13.0,1.4,108.1,96.5,19.5,4.9,2.3,2.2,2.9,0.218,0.279,0.390,0.669
288,Francisco Cervelli,MIA,R,C,C,89,304,260,31.3,6.7,30.2,2.0,61.2,41.1,12.0,1.5,96.2,72.5,33.5,6.9,2.2,1.2,1.0,0.236,0.336,0.370,0.706
289,Chris Taylor,LAD,R,2B/SS/ OF,2B/SS/ 3B/OF,88,303,268,37.2,7.8,36.8,4.5,65.3,39.3,16.2,2.1,109.0,83.8,27.1,3.3,2.2,1.9,1.8,0.244,0.319,0.406,0.725
290,Pedro Severino,BAL,R,C,C,92,302,272,32.8,9.9,34.2,2.3,66.6,44.2,11.9,0.6,109.3,64.1,22.1,3.1,2.3,1.7,1.0,0.245,0.306,0.401,0.707
291,Jason Kipnis,CHC,L,2B,2B,89,299,267,35.8,8.8,38.3,3.6,66.3,40.7,15.8,0.9,110.4,56.3,26.2,2.2,2.1,1.5,1.3,0.248,0.318,0.414,0.732
292,Mitch Haniger,SEA,R,OF,OF,69,295,257,33.7,11.5,35.4,3.1,64.0,37.5,13.9,1.0,114.4,73.1,29.1,4.7,2.1,1.7,1.3,0.249,0.334,0.445,0.779
293,Yan Gomes,WSH,R,C,C,89,293,262,33.6,10.6,38.1,1.1,62.2,38.0,13.3,0.3,107.9,74.6,22.5,4.3,2.3,2.0,0.5,0.238,0.306,0.412,0.718
294,Steven Souza Jr.,CHC,R,OF,OF,86,290,251,37.5,13.1,42.0,4.7,60.2,34.5,11.1,1.5,113.7,84.0,32.0,3.1,2.2,1.3,2.0,0.240,0.331,0.453,0.784
295,Austin Hedges,SD,R,C,C,89,282,256,29.8,11.4,34.6,1.5,54.6,32.2,10.3,0.7,100.5,82.9,19.1,2.5,2.2,1.9,0.6,0.213,0.272,0.392,0.664
296,Jake Fraley,SEA,L,OF,OF,89,281,256,29.2,7.9,29.0,8.1,62.5,39.1,13.8,1.7,103.4,65.8,17.4,3.3,2.1,1.9,3.6,0.244,0.298,0.404,0.702
297,Ian Desmond,COL,R,OF,OF,86,277,251,35.7,10.8,41.1,4.7,66.4,41.2,12.6,1.8,115.2,67.8,20.6,2.4,2.1,1.3,1.8,0.265,0.324,0.459,0.783
298,Dwight Smith,BAL,L,OF,OF,84,276,248,32.2,9.0,32.9,3.6,64.5,41.9,12.4,1.3,106.4,54.9,22.2,2.7,2.0,1.2,1.6,0.260,0.325,0.429,0.754
299,Manuel Margot,TB,R,OF,OF,87,276,249,31.9,7.3,28.7,9.1,62.4,40.7,12.3,2.1,101.0,52.4,21.4,1.6,2.0,2.0,3.7,0.251,0.312,0.405,0.717
300,Brian Dozier,SD,R,2B,2B,86,274,237,33.0,11.2,35.8,3.3,54.3,31.0,11.6,0.6,100.7,60.2,30.4,2.7,1.9,1.7,1.3,0.229,0.321,0.425,0.745
301,Albert Almora Jr.,CHC,R,OF,OF,86,273,253,31.7,7.1,34.0,2.4,67.4,45.7,13.4,1.2,104.4,47.8,14.8,1.6,2.0,1.9,1.0,0.266,0.309,0.413,0.723
302,Matt Joyce,MIA,L,OF,OF,83,273,231,32.9,9.0,29.7,1.5,54.8,34.0,11.3,0.5,94.0,59.4,37.0,1.7,2.0,1.9,0.6,0.238,0.344,0.407,0.752
303,David Bote,CHC,R,2B/3B,2B/SS/ 3B,87,273,239,32.5,8.4,33.7,3.2,57.7,36.6,11.9,0.8,96.5,70.5,26.4,3.7,2.1,1.7,1.4,0.242,0.324,0.404,0.728
304,Kevin Pillar,BOS,R,OF,OF,85,272,254,35.6,8.2,33.4,5.7,69.5,44.0,16.4,0.8,112.3,43.0,11.5,3.1,2.0,1.3,2.1,0.274,0.311,0.442,0.753
305,Rowdy Tellez,TOR,L,1B,1B,87,272,244,34.6,12.6,36.5,1.8,61.6,34.6,14.1,0.3,114.2,66.8,22.0,2.6,2.0,1.0,0.8,0.252,0.318,0.468,0.786
306,Willi Castro,DET,S,SS,SS,86,271,249,30.0,5.3,25.5,5.5,63.9,44.1,11.8,2.6,96.8,60.0,14.0,3.6,2.0,1.9,2.3,0.256,0.303,0.389,0.692
307,Jed Lowrie,NYM,S,2B,2B,84,270,239,30.4,7.3,31.0,0.7,56.2,35.7,12.6,0.6,91.8,55.8,27.2,1.5,2.1,0.7,0.3,0.236,0.315,0.385,0.700
308,Stephen Vogt,ARI,L,C,C/OF,86,269,244,31.7,10.2,36.4,2.4,59.9,34.4,14.1,1.2,107.1,60.9,20.2,1.7,2.0,1.3,1.0,0.246,0.305,0.440,0.745
309,Austin Allen,OAK,L,C,C,87,268,245,30.5,8.3,32.1,1.0,59.3,37.0,13.6,0.4,98.9,60.0,17.0,2.5,2.0,1.7,0.4,0.242,0.296,0.404,0.701
310,Ryan Zimmerman,WSH,R,1B,1B,80,264,237,35.3,12.2,40.1,0.8,62.8,37.0,13.1,0.5,113.6,55.4,21.6,2.0,1.9,0.9,0.4,0.265,0.329,0.479,0.808
311,Enrique Hernandez,LAD,R,2B/OF,2B/SS/ OF,82,260,230,34.2,10.5,37.4,1.9,56.3,32.8,12.1,0.9,101.5,53.2,25.1,2.1,1.9,1.6,0.7,0.245,0.323,0.442,0.765
312,Hunter Pence,SF,R,OF,OF,80,260,236,29.7,8.8,31.8,3.1,61.5,40.3,11.3,1.1,101.5,60.9,18.5,1.7,1.9,1.1,1.3,0.260,0.316,0.430,0.746
313,Tyler Flowers,ATL,R,C,C,84,260,225,29.8,8.0,31.3,0.7,52.3,33.5,9.6,1.2,88.2,76.6,24.6,6.5,2.0,1.5,0.3,0.232,0.322,0.391,0.714
314,Donovan Solano,SF,R,2B,2B/SS,82,259,240,27.1,3.5,23.5,1.5,66.5,48.8,13.4,0.9,92.0,46.7,12.1,2.4,1.9,2.0,0.6,0.276,0.315,0.382,0.698
315,Greg Allen,CLE,S,OF,OF,85,258,232,29.4,4.1,24.4,9.4,57.1,40.4,10.8,1.8,83.8,56.6,16.4,6.0,1.9,1.7,3.5,0.246,0.310,0.362,0.673
316,Jon Jay,ARI,L,OF,OF,82,256,232,25.9,2.1,24.4,1.9,61.2,45.8,11.7,1.6,82.5,48.2,14.8,5.1,1.8,1.9,0.7,0.263,0.320,0.355,0.674
317,Luke Maile,PIT,R,C,C,84,255,231,22.9,4.6,23.7,2.8,50.2,34.0,10.2,1.3,77.1,66.0,17.4,2.4,2.0,2.0,1.0,0.217,0.277,0.334,0.611
318,Tyler Naquin,CLE,L,OF,OF,81,254,232,33.0,8.4,30.1,3.4,63.8,41.0,13.6,0.7,104.1,60.6,16.5,2.1,2.0,1.7,1.5,0.275,0.326,0.449,0.775
319,Sandy Leon,CLE,S,C,C,82,251,228,25.8,6.2,26.2,1.6,49.4,32.9,9.9,0.4,78.6,65.7,17.6,2.3,2.0,1.9,0.6,0.217,0.278,0.345,0.623
320,Jay Bruce,PHI,L,OF,1B/OF,78,251,226,33.3,14.1,39.7,1.3,53.1,26.8,11.7,0.5,108.0,61.4,21.0,1.3,1.9,0.8,0.6,0.235,0.302,0.479,0.781
321,Austin Romine,DET,R,C,C,84,249,229,27.1,7.6,28.9,1.7,58.9,38.0,12.6,0.7,95.8,54.7,14.1,2.0,2.0,1.8,0.7,0.257,0.303,0.418,0.721
322,Matt Duffy,TEX,R,3B,3B,76,247,220,28.3,4.2,24.4,2.7,60.4,43.7,11.8,0.8,86.4,41.7,21.0,2.9,1.8,1.3,1.1,0.275,0.344,0.393,0.737
323,Phillip Ervin,CIN,R,OF,OF,81,247,219,29.1,7.3,29.5,6.3,53.2,33.4,10.2,2.3,90.0,59.7,20.9,3.5,1.8,1.4,2.7,0.243,0.317,0.411,0.728
324,Lane Thomas,STL,R,OF,OF,80,247,222,28.6,8.5,30.2,6.5,54.4,34.1,10.2,1.6,93.2,63.9,18.8,2.4,1.9,1.6,3.0,0.245,0.309,0.420,0.729
325,Dawel Lugo,DET,R,3B,3B,81,246,232,26.1,5.2,26.3,2.4,62.3,43.6,11.2,2.3,93.6,42.9,9.5,1.6,1.9,1.3,1.1,0.269,0.300,0.404,0.704
326,Marwin Gonzalez,MIN,S,1B/3B/ OF,1B/3B/ OF,78,245,220,32.0,8.3,31.7,1.2,59.2,37.8,12.6,0.6,97.7,52.1,19.6,2.7,1.8,1.0,0.6,0.269,0.334,0.444,0.779
327,Yolmer Sanchez,SF,S,2B,2B,81,244,220,23.6,3.0,22.4,3.2,54.9,37.9,11.4,2.6,80.5,50.3,17.9,2.5,1.8,1.7,1.5,0.249,0.311,0.366,0.677
328,Ryan McBroom,KC,R,1B,1B/OF,76,243,220,27.9,7.3,26.3,1.2,56.1,37.0,11.4,0.4,90.2,63.5,17.7,2.6,1.8,1.1,0.6,0.255,0.316,0.411,0.727
329,Delino DeShields,CLE,R,OF,OF,77,241,212,27.8,3.5,20.8,11.8,49.1,34.5,10.1,1.1,71.8,59.2,24.0,1.8,1.7,1.9,3.8,0.232,0.313,0.339,0.652
330,Billy Hamilton,SF,S,OF,OF,80,240,216,22.2,1.7,17.7,14.0,49.0,36.8,8.3,2.3,66.9,56.9,19.8,0.9,1.8,1.9,3.4,0.228,0.293,0.310,0.604
331,Nate Lowe,TB,L,1B,1B,79,240,210,30.6,9.9,31.1,0.7,55.3,34.2,10.9,0.4,96.5,55.8,25.4,2.0,1.8,1.0,0.3,0.263,0.346,0.460,0.805
332,Curt Casali,CIN,R,C,C,80,239,211,26.9,7.8,28.9,1.0,49.7,31.9,9.7,0.4,83.5,57.2,21.9,2.3,1.8,1.5,0.4,0.236,0.312,0.395,0.707
333,Tony Kemp,OAK,L,2B/OF,2B/OF,81,239,212,30.1,3.8,22.9,6.1,55.5,39.6,9.6,2.4,81.2,33.7,20.3,2.5,1.8,1.8,2.5,0.261,0.331,0.383,0.713
334,Sheldon Neuse,OAK,R,2B,2B/3B,79,239,219,26.9,5.7,25.8,1.6,55.9,38.2,11.2,0.8,85.8,67.3,15.4,1.4,1.8,1.6,0.7,0.256,0.306,0.392,0.699
335,Jon Berti,MIA,R,SS/3B/ OF,SS/3B/ OF,76,238,212,24.7,4.3,21.1,10.0,51.4,36.0,9.7,1.4,76.9,53.2,19.5,3.4,1.6,2.0,3.3,0.243,0.315,0.363,0.678
336,Manny Pina,MIL,R,C,C,79,237,214,26.6,7.0,28.7,1.1,52.4,33.8,10.9,0.7,85.6,55.3,16.2,3.5,1.8,1.3,0.4,0.245,0.307,0.400,0.707
337,Victor Caratini,CHC,S,C/1B,C/1B,78,236,209,28.0,6.8,30.5,1.0,55.1,36.4,11.4,0.5,87.9,48.6,20.4,2.9,1.7,1.3,0.4,0.263,0.334,0.420,0.754
338,Alex Avila,MIN,L,C,C,77,235,193,31.0,7.8,30.3,1.2,41.3,25.4,7.6,0.4,73.2,77.3,36.8,1.7,1.8,1.6,0.5,0.214,0.342,0.380,0.722
339,Chad Pinder,OAK,R,2B/OF,2B/3B/ OF,78,233,212,28.1,8.4,27.4,1.2,52.8,32.7,11.2,0.5,90.4,59.7,14.8,3.3,1.7,1.3,0.5,0.249,0.306,0.427,0.733
340,Jake Lamb,ARI,L,1B/3B,1B/3B,75,230,196,29.0,8.8,30.1,1.6,46.0,25.8,10.0,1.3,85.0,60.4,28.2,2.9,1.7,0.8,0.7,0.234,0.336,0.433,0.769
341,Kevin Plawecki,BOS,R,C,C,77,230,204,28.1,5.9,27.0,1.4,50.1,32.6,11.1,0.6,80.1,47.0,18.7,3.9,1.8,1.5,0.6,0.246,0.319,0.393,0.712
342,Max Stassi,LAA,R,C,C,77,229,202,25.1,6.8,25.4,1.4,41.9,26.6,8.0,0.4,71.3,69.1,20.1,3.4,1.8,1.7,0.6,0.208,0.288,0.353,0.641
343,Jeff Mathis,TEX,R,C,C,79,229,208,19.6,3.4,18.8,1.5,41.1,27.8,9.3,0.6,61.8,75.5,15.3,1.6,1.8,1.8,0.6,0.197,0.255,0.296,0.552
344,Josh Rojas,ARI,L,OF,OF,73,224,199,28.2,5.7,26.4,9.0,53.0,33.6,11.9,1.8,85.6,43.9,20.2,1.6,1.6,1.2,3.8,0.266,0.336,0.429,0.765
345,Jedd Gyorko,MIL,R,3B,1B/3B,73,223,196,30.4,10.3,31.4,1.9,48.3,29.2,8.3,0.5,88.6,50.4,22.5,1.5,1.6,1.1,0.8,0.247,0.327,0.452,0.778
346,Greg Garcia,SD,L,2B,2B/SS/ 3B,75,223,189,24.5,2.8,20.4,1.9,45.7,33.1,8.4,1.4,65.3,49.1,27.0,3.3,1.6,1.7,0.7,0.242,0.344,0.345,0.689
347,Jordy Mercer,DET,R,SS,1B/2B/ SS,75,223,201,25.0,5.4,23.1,0.9,50.9,33.4,11.4,0.7,80.1,42.1,16.6,2.0,1.7,1.6,0.4,0.253,0.314,0.398,0.712
348,Austin Barnes,LAD,R,C,C,74,219,188,25.4,5.1,24.8,2.7,42.4,27.5,9.1,0.6,68.1,52.3,23.4,4.0,1.7,1.5,1.0,0.225,0.321,0.362,0.682
349,Melky Cabrera,FA,S,OF,OF,72,219,202,26.8,5.5,26.3,1.2,55.8,37.8,11.9,0.7,85.5,29.2,12.7,1.5,1.6,1.0,0.5,0.276,0.321,0.423,0.744
350,Jesus Aguilar,MIA,R,1B,1B,72,217,190,26.7,9.4,27.7,0.4,46.2,27.4,9.0,0.4,84.2,53.3,21.9,2.1,1.6,0.9,0.2,0.242,0.325,0.443,0.769
351,Robbie Grossman,OAK,S,OF,OF,70,215,183,26.8,4.1,21.6,2.8,46.5,31.3,10.1,1.0,70.8,39.7,27.7,1.2,1.6,1.3,1.3,0.254,0.353,0.387,0.740
352,Jaylin Davis,SF,R,OF,OF,73,215,194,23.3,7.8,26.0,2.9,47.0,29.9,8.6,0.6,80.2,60.8,16.0,2.3,1.6,1.3,1.3,0.242,0.305,0.413,0.718
353,Michael Perez,TB,L,C,C,74,214,192,23.2,6.1,23.5,1.3,44.2,28.5,9.1,0.5,72.4,54.1,17.3,1.5,1.7,1.6,0.6,0.230,0.296,0.377,0.672
354,Tim Locastro,ARI,R,OF,OF,69,213,190,24.9,3.4,20.4,8.3,47.5,32.3,10.4,1.4,70.8,40.8,11.7,8.6,1.6,1.5,2.6,0.250,0.321,0.373,0.694
355,Tomas Nido,NYM,R,C,C,74,211,196,20.8,5.0,22.8,0.7,44.4,29.6,9.3,0.4,69.6,49.6,10.6,1.5,1.6,1.5,0.3,0.226,0.269,0.356,0.625
356,Adeiny Hechavarria,ATL,R,2B/SS,2B/SS/ 3B,71,210,194,23.5,4.3,23.8,2.4,49.1,34.2,9.9,0.6,73.3,40.7,11.6,1.6,1.6,1.3,1.0,0.254,0.299,0.378,0.677
357,Monte Harrison,MIA,R,OF,OF,61,210,190,20.5,5.9,21.0,6.7,42.8,28.0,7.7,1.1,70.5,66.3,14.0,2.6,1.6,1.3,2.7,0.225,0.285,0.371,0.655
358,Scooter Gennett,FA,L,2B,2B,69,209,192,24.2,6.3,26.3,1.1,50.2,32.9,10.3,0.7,80.7,45.9,12.5,1.9,1.5,0.8,0.5,0.261,0.311,0.420,0.731
359,Yoenis Cespedes,NYM,R,OF,OF,67,206,184,28.9,11.1,31.7,1.7,47.1,26.1,9.3,0.6,90.9,52.8,17.8,1.7,1.5,0.7,0.8,0.255,0.324,0.494,0.818
360,Eduardo Nunez,NYM,R,2B,2B/SS/ 3B,71,206,194,22.0,5.3,25.3,4.0,50.5,34.6,10.1,0.6,77.6,30.7,8.0,1.3,1.5,1.1,1.4,0.261,0.292,0.400,0.692
361,Joe Panik,TOR,L,2B,2B,71,205,183,25.0,4.3,21.4,2.0,48.5,32.4,10.9,0.9,74.2,20.8,17.1,1.9,1.5,1.5,0.8,0.265,0.332,0.405,0.737
362,Mark Trumbo,FA,R,DH,DH,67,205,187,25.5,9.8,29.1,0.6,44.4,26.1,8.1,0.3,82.7,54.6,14.6,1.2,1.5,0.7,0.3,0.238,0.295,0.442,0.737
363,Chris Davis,BAL,L,1B,1B,71,205,179,22.9,9.5,23.6,0.6,35.6,19.8,6.0,0.3,70.6,78.0,21.6,2.0,1.5,0.9,0.2,0.198,0.290,0.394,0.684
364,Brock Holt,MIL,L,2B,1B/2B/ SS/OF,68,205,179,22.7,3.9,21.9,2.0,44.6,31.5,8.4,0.8,66.3,42.9,20.2,2.8,1.5,1.2,0.8,0.249,0.332,0.371,0.703
365,Brad Miller,STL,L,3B,2B/3B/ OF,70,203,179,25.5,8.1,26.1,1.9,42.6,24.5,8.9,1.0,78.0,55.2,20.5,1.5,1.5,1.1,0.8,0.238,0.319,0.436,0.756
366,Matt Wieters,STL,S,C,C,70,203,183,22.7,7.3,25.1,1.4,42.6,27.1,7.8,0.4,73.1,45.3,16.1,1.7,1.5,1.2,0.6,0.234,0.299,0.400,0.699
367,James McCann,CHW,R,C,C,70,201,183,22.8,6.4,23.9,1.3,43.5,28.7,8.1,0.4,71.4,55.2,13.7,2.4,1.5,0.8,0.6,0.238,0.297,0.390,0.687
368,Aledmys Diaz,HOU,R,1B/2B,1B/2B/ SS/3B,65,197,178,26.5,7.0,26.0,1.6,46.4,28.6,10.2,0.6,78.9,30.0,14.4,1.9,1.5,1.1,0.8,0.261,0.321,0.444,0.765
369,Seth Brown,OAK,L,OF,OF,66,193,176,21.7,6.2,23.1,1.8,40.9,24.8,8.5,1.5,71.1,54.3,13.0,1.2,1.5,0.9,0.7,0.233,0.288,0.403,0.691
370,Dominic Smith,NYM,L,1B/OF,1B/OF,66,192,173,23.2,7.0,24.4,1.4,42.1,25.7,9.0,0.4,73.0,45.1,14.5,1.6,1.4,1.0,0.6,0.243,0.305,0.421,0.726
371,Josh Harrison,PHI,R,2B,2B,64,182,166,19.8,4.4,20.9,2.9,40.9,27.5,8.4,0.7,63.7,36.0,9.7,3.6,1.3,1.3,1.1,0.246,0.300,0.383,0.682
372,Roman Quinn,PHI,S,OF,OF,63,179,160,19.0,4.0,20.3,8.1,38.5,26.0,6.7,1.8,60.8,48.0,14.9,1.6,1.4,1.2,2.7,0.240,0.309,0.380,0.690
373,Grayson Greiner,DET,R,C,C,65,179,160,18.1,4.3,18.4,0.6,36.2,24.1,6.9,0.8,57.7,48.4,14.3,1.4,1.4,1.2,0.3,0.225,0.292,0.359,0.652
374,Orlando Arcia,MIL,R,SS,SS,64,178,161,20.1,4.8,21.3,3.1,40.3,27.4,7.7,0.5,63.3,34.2,13.4,0.9,1.4,1.3,1.4,0.251,0.310,0.394,0.704
375,Neil Walker,PHI,S,1B/3B,1B/3B,61,178,156,23.0,5.8,21.4,0.8,37.8,24.4,7.2,0.4,63.2,39.3,18.2,1.5,1.3,0.8,0.4,0.242,0.324,0.405,0.729
376,Jason Martin,PIT,L,OF,OF,62,177,161,19.8,5.1,20.4,3.9,41.4,26.8,8.4,1.2,67.4,38.4,12.0,0.9,1.3,1.2,2.0,0.256,0.309,0.418,0.727
377,Alec Bohm,PHI,R,3B,3B,52,177,160,21.8,6.8,25.0,1.6,42.5,26.9,7.9,0.8,72.3,30.4,13.6,1.3,1.3,1.1,0.7,0.265,0.326,0.453,0.779
378,Daniel Descalso,CHC,L,2B,2B,61,177,152,20.8,4.3,19.0,1.5,33.0,21.0,6.9,0.9,54.3,47.0,21.4,1.5,1.3,1.1,0.6,0.217,0.317,0.358,0.675
379,Ryon Healy,MIL,R,3B,1B/3B,60,176,162,22.0,8.3,26.9,0.5,41.8,24.8,8.5,0.2,75.7,39.4,10.3,1.2,1.3,0.8,0.2,0.258,0.305,0.467,0.771
380,Juan Lagares,SD,R,OF,OF,62,176,160,18.5,3.2,17.5,2.6,38.5,26.5,7.8,1.0,57.8,42.7,11.8,1.7,1.3,1.2,1.1,0.241,0.298,0.363,0.660
381,Magneuris Sierra,MIA,L,OF,OF,64,176,164,16.0,1.8,15.4,7.0,41.8,31.9,6.0,2.0,57.2,33.0,7.8,1.1,1.3,1.2,3.3,0.255,0.291,0.349,0.639
382,Bubba Starling,KC,R,OF,OF,62,175,161,17.2,3.5,16.6,2.4,38.4,26.0,8.2,0.7,58.5,44.1,9.9,1.1,1.3,0.9,1.1,0.238,0.284,0.362,0.646
383,Jorge Mateo,OAK,R,SS,SS,64,175,163,19.5,3.2,16.6,6.1,37.7,24.8,7.2,2.5,59.6,48.3,8.3,1.3,1.3,1.1,2.6,0.232,0.273,0.367,0.640
384,Kyle Higashioka,NYY,R,C,C,63,175,160,21.4,8.0,24.3,0.8,35.5,20.4,6.8,0.3,66.8,45.2,11.4,1.7,1.4,1.2,0.3,0.223,0.279,0.419,0.697
385,Austin Slater,SF,R,OF,1B/OF,59,175,153,19.4,3.9,17.4,2.2,38.5,26.1,7.7,0.9,59.6,47.4,17.0,2.6,1.3,1.0,0.9,0.251,0.333,0.388,0.722
386,Mark Reynolds,FA,R,1B,1B,61,174,153,20.8,6.6,20.8,1.2,32.6,19.5,6.2,0.3,59.1,57.3,17.9,1.4,1.3,0.9,0.5,0.214,0.300,0.387,0.687
387,Isiah Kiner-Falefa,TEX,R,C/3B,C/3B,64,173,156,19.4,2.4,14.7,2.7,38.8,27.9,7.9,0.6,55.2,31.8,12.2,2.6,1.3,1.1,1.2,0.250,0.312,0.355,0.667
388,Pablo Sandoval,SF,S,1B/3B,1B/3B,60,172,157,20.3,6.6,21.6,0.8,39.3,23.9,8.5,0.3,68.3,38.2,11.2,1.1,1.3,0.8,0.3,0.251,0.303,0.435,0.738
389,Lewis Brinson,MIA,R,OF,OF,62,171,155,16.1,4.5,17.4,2.8,33.8,21.4,6.8,1.2,56.4,50.8,10.9,2.5,1.3,1.1,1.2,0.218,0.278,0.364,0.642
390,Kyle Farmer,CIN,R,2B,C/1B/ 2B/3B,62,171,156,17.9,4.0,19.1,2.0,37.0,24.0,8.5,0.5,58.4,40.6,10.3,2.0,1.3,1.1,0.8,0.236,0.290,0.374,0.664
391,Erik Gonzalez,PIT,R,SS,SS/3B/ OF,60,169,157,15.0,2.9,16.9,2.9,38.2,26.8,7.5,1.1,56.5,45.8,8.1,1.4,1.3,1.1,1.3,0.244,0.284,0.360,0.644
392,Greg Bird,TEX,L,1B,1B,59,169,147,20.4,7.6,21.0,0.8,33.6,18.2,7.2,0.5,64.7,44.1,18.0,1.8,1.2,0.8,0.3,0.229,0.318,0.441,0.759
393,Harold Ramirez,MIA,R,OF,OF,60,168,156,18.3,4.1,18.6,1.5,42.9,29.5,8.6,0.8,65.5,32.4,8.2,1.9,1.2,0.8,0.7,0.276,0.317,0.420,0.738
394,Tim Beckham,FA,R,SS,1B/2B/ SS/3B/ OF,54,166,151,19.3,5.9,20.4,1.5,36.5,22.1,7.9,0.5,63.0,46.5,11.2,1.5,1.2,0.9,0.7,0.241,0.298,0.417,0.715
395,Billy McKinney,TOR,L,OF,1B/OF,59,165,148,20.9,6.4,20.2,1.2,35.4,19.7,7.9,1.3,65.2,39.2,13.8,1.5,1.2,1.1,0.5,0.240,0.309,0.442,0.750
396,Scott Heineman,TEX,R,OF,OF,61,165,148,18.7,3.8,16.2,3.2,37.2,25.3,7.3,0.7,57.6,42.1,12.3,1.9,1.2,1.0,1.6,0.251,0.314,0.388,0.701
397,Adam Engel,CHW,R,OF,OF,60,164,149,18.5,3.6,15.7,4.0,33.1,21.8,6.6,1.1,52.8,47.5,10.3,2.7,1.3,1.2,1.5,0.222,0.283,0.355,0.638
398,Sean Rodriguez,MIA,R,3B,SS/3B/ OF,59,162,141,17.2,5.2,16.8,1.5,29.5,17.8,5.8,0.7,52.1,52.8,16.0,2.3,1.2,1.1,0.6,0.209,0.297,0.368,0.665
399,Michael A. Taylor,WSH,R,OF,OF,57,160,145,17.2,4.6,19.2,6.0,34.1,21.4,7.6,0.5,56.5,49.8,11.9,0.9,1.2,1.0,2.1,0.236,0.297,0.391,0.688
400,Dustin Garneau,HOU,R,C,C,57,160,143,18.8,5.1,19.6,0.8,29.7,17.5,6.5,0.5,52.4,43.2,12.5,2.5,1.3,1.2,0.3,0.208,0.281,0.367,0.648
401,Anthony Alford,TOR,R,OF,OF,59,159,143,16.9,3.2,14.8,6.1,32.3,21.4,7.0,0.7,50.3,47.4,11.6,2.2,1.2,1.0,2.4,0.225,0.292,0.351,0.643
402,Wilmer Difo,WSH,S,SS,SS/3B,56,158,142,16.7,2.3,15.7,3.3,34.9,25.5,6.1,1.0,49.9,32.3,12.3,0.9,1.2,1.1,1.2,0.246,0.308,0.351,0.659
403,Garrett Stubbs,HOU,L,C,C/OF,56,156,139,18.1,3.1,17.3,3.3,32.3,21.9,6.8,0.6,49.4,31.5,13.2,1.6,1.1,1.0,1.2,0.232,0.303,0.355,0.658
404,Carlos Gonzalez,SEA,L,OF,OF,55,154,138,16.3,5.6,17.9,1.3,32.0,19.3,6.8,0.4,56.3,41.2,13.2,1.0,1.1,0.5,0.6,0.232,0.301,0.409,0.710
405,Charlie Culberson,ATL,R,OF,1B/SS/ OF,55,153,141,16.6,3.7,17.6,1.7,33.6,22.3,6.6,0.9,53.2,40.0,8.3,1.4,1.2,1.0,0.7,0.239,0.286,0.378,0.664
406,Russell Martin,FA,R,C,C/3B,56,152,128,17.6,4.9,17.7,0.8,28.7,18.6,5.0,0.3,49.0,37.7,19.4,2.8,1.1,0.9,0.4,0.225,0.337,0.383,0.720
407,Michael Brosseau,TB,R,2B,2B/3B/ OF,54,151,137,17.1,4.7,17.2,1.5,34.5,22.2,7.1,0.4,56.6,33.4,9.3,2.3,1.1,0.7,0.7,0.251,0.307,0.413,0.720
408,Ben Gamel,MIL,L,OF,OF,53,150,132,17.7,2.8,16.1,1.9,34.1,23.1,7.5,0.7,51.5,36.1,14.4,1.4,1.1,1.0,0.8,0.259,0.336,0.391,0.727
409,Steve Wilkerson,BAL,S,OF,2B/OF,54,146,133,14.8,3.0,13.8,2.0,31.2,21.8,5.8,0.6,47.4,38.5,8.7,1.9,1.1,1.0,0.9,0.236,0.290,0.357,0.647
410,Travis Demeritte,DET,R,OF,OF,54,145,129,17.0,5.7,17.2,1.5,31.0,17.8,6.7,0.9,56.4,42.0,13.2,1.1,1.1,0.8,0.6,0.240,0.313,0.437,0.750
411,Matt Beaty,LAD,L,1B/OF,1B/3B/ OF,51,143,130,19.0,4.4,19.6,1.4,35.8,23.2,7.8,0.4,57.6,20.5,8.9,1.7,1.1,0.8,0.6,0.275,0.327,0.442,0.768
412,Ehire Adrianza,MIN,S,1B/SS/ 3B,1B/2B/ SS/3B/ OF,52,143,129,17.3,2.8,15.5,1.5,33.1,22.5,6.8,1.0,50.3,28.3,10.4,1.6,1.1,0.9,0.6,0.257,0.318,0.390,0.707
413,Randy Arozarena,TB,R,OF,OF,49,140,125,16.6,3.8,14.7,4.8,32.0,21.0,6.6,0.7,51.3,30.7,9.9,2.8,1.0,1.0,2.1,0.257,0.323,0.410,0.733
414,Jung Ho Kang,FA,R,3B,SS/3B,50,139,125,17.8,6.9,20.0,0.9,29.7,16.6,5.7,0.5,57.0,40.4,10.9,1.4,1.1,0.7,0.4,0.238,0.303,0.457,0.760
415,Jonathan Davis,TOR,R,OF,OF,50,139,123,15.6,3.0,13.5,3.4,28.0,18.3,6.0,0.7,44.3,34.7,11.2,3.0,1.0,0.9,1.4,0.227,0.305,0.360,0.664
416,Myles Straw,HOU,R,SS,SS/OF,49,139,122,17.0,0.8,12.6,6.6,31.9,25.1,4.9,1.2,41.6,26.1,13.5,0.8,1.1,0.9,2.2,0.261,0.336,0.340,0.676
417,Drew Butera,COL,R,C,C,50,135,120,15.6,3.3,16.2,0.9,29.5,19.3,6.4,0.6,46.8,32.7,11.0,1.3,1.1,0.9,0.3,0.245,0.312,0.389,0.701
418,Josh Fuentes,COL,R,3b,3b,49,135,126,15.8,3.9,17.7,1.1,32.9,21.4,6.8,0.8,53.0,34.8,5.7,1.0,1.0,0.8,0.5,0.261,0.296,0.420,0.717
419,Tyler Wade,NYY,L,SS,2B/3B/ OF,49,134,120,15.4,2.1,13.0,4.2,28.7,20.2,5.6,0.8,42.2,32.4,10.2,1.2,1.0,0.9,1.6,0.238,0.301,0.351,0.652
420,Vimael Machin,OAK,L,SS,SS,46,134,119,14.7,1.7,12.5,1.1,29.2,21.1,5.9,0.5,41.3,21.1,12.3,1.1,1.0,0.8,0.5,0.245,0.319,0.347,0.666
421,Jacoby Ellsbury,FA,L,OF,OF,47,132,117,14.3,2.2,13.0,2.8,27.9,19.4,5.6,0.7,41.5,25.2,11.4,1.5,1.0,0.8,1.0,0.238,0.312,0.354,0.665
422,Ke’Bryan Hayes,PIT,R,3b,3b,46,132,120,14.0,2.5,13.4,2.3,30.6,20.8,6.6,0.6,45.9,26.1,9.8,1.0,1.0,0.8,0.9,0.255,0.314,0.383,0.697
423,Daniel Robertson,TB,R,2B/3B,2B/SS/ 3B,47,131,113,14.4,2.6,12.3,1.2,26.7,18.4,5.2,0.4,40.7,31.1,13.7,2.6,1.0,0.7,0.6,0.238,0.331,0.362,0.693
424,Cole Tucker,PIT,S,SS,SS,46,130,117,13.2,2.2,12.8,3.5,29.0,20.1,5.5,1.1,43.5,27.5,9.7,1.1,1.0,0.9,1.4,0.249,0.309,0.372,0.681
425,Mike Ford,NYY,L,1B,1B,47,128,111,18.8,6.7,19.1,0.4,28.3,16.1,5.3,0.1,54.2,24.5,13.4,1.4,1.0,0.8,0.2,0.255,0.340,0.487,0.828
426,Ty France,SD,R,2B/3B,2B/3B,47,126,114,15.9,4.9,16.9,0.7,29.6,18.6,5.7,0.4,50.8,25.0,7.7,3.3,0.9,0.7,0.3,0.260,0.323,0.447,0.770
427,Cameron Gallagher,KC,R,C,C,48,125,113,13.1,2.4,12.6,0.9,28.1,19.4,5.9,0.3,41.9,22.8,9.1,1.3,1.0,0.9,0.4,0.249,0.310,0.372,0.683
428,Jarred Kelenic,SEA,L,OF,OF,33,125,114,13.7,4.4,13.8,2.8,28.0,17.5,5.5,0.6,48.0,30.4,8.1,1.0,0.9,0.8,1.1,0.245,0.299,0.420,0.719
429,Sam Travis,TEX,R,1B,1B/OF,44,120,109,13.2,3.4,13.1,1.2,27.0,18.1,5.0,0.4,43.1,29.5,9.4,0.8,0.9,0.6,0.5,0.248,0.310,0.397,0.707
430,Domingo Leyba,ARI,S,2B,2B,44,120,110,13.8,2.8,14.0,0.8,28.4,18.6,6.2,0.7,44.4,21.2,7.3,1.1,0.9,0.8,0.3,0.258,0.309,0.404,0.713
431,Rafael Ortega,ATL,L,OF,OF,44,119,106,13.5,2.5,13.8,2.8,26.7,18.2,5.4,0.7,40.8,23.2,9.9,0.6,0.9,0.9,1.1,0.251,0.317,0.384,0.701
432,Willians Astudillo,MIN,R,C,C/1B/ 3B/OF,42,119,112,16.2,3.9,16.7,1.1,33.2,23.0,5.9,0.3,51.5,7.8,3.6,1.8,0.9,0.6,0.5,0.296,0.326,0.459,0.785
433,Josh Phegley,CHC,R,C,C,45,119,108,13.5,3.8,14.9,0.8,24.9,14.9,5.9,0.3,42.8,26.0,7.1,1.8,0.9,0.9,0.3,0.231,0.287,0.396,0.682
434,Christian Arroyo,CLE,R,SS,SS,43,118,108,13.7,3.1,13.1,1.0,26.7,17.3,5.9,0.4,42.8,25.8,7.3,1.4,0.9,0.7,0.5,0.248,0.301,0.396,0.697
435,Josh Ockimey,BOS,L,1B,1B,40,117,100,15.6,4.5,14.5,0.6,22.9,12.7,5.2,0.5,42.7,36.3,14.1,1.0,0.9,0.7,0.2,0.228,0.327,0.426,0.753
436,Andrew Knapp,PHI,S,C,C,44,116,101,12.0,2.5,11.9,0.6,21.6,14.1,4.7,0.4,34.5,36.6,12.7,1.2,0.9,0.8,0.3,0.215,0.307,0.342,0.649
437,Harold Castro,DET,L,2B/OF,2B/3B/ OF,42,116,110,11.5,1.6,10.6,1.6,28.9,22.3,4.1,0.9,39.7,23.9,3.7,0.7,0.8,0.6,0.8,0.264,0.290,0.362,0.652
438,Josh VanMeter,CIN,L,OF,1B/2B/ 3B/OF,40,116,103,15.0,3.9,14.3,2.9,25.9,15.9,5.6,0.5,44.2,24.3,10.5,0.8,0.9,0.7,1.2,0.250,0.322,0.427,0.749
439,Adam Duvall,ATL,R,OF,OF,42,115,103,14.9,5.7,17.5,0.5,24.0,12.6,5.2,0.5,47.2,30.1,8.8,1.5,0.8,0.5,0.2,0.233,0.301,0.459,0.760
440,Jake Cave,MIN,L,OF,OF,42,115,104,14.8,3.5,14.1,0.9,26.8,17.1,5.4,0.8,44.4,33.3,8.1,1.3,0.9,0.7,0.4,0.257,0.316,0.427,0.743
441,Yonder Alonso,ATL,L,1B,1B,42,115,101,15.1,4.3,15.2,0.3,24.6,15.4,4.7,0.2,42.6,25.7,11.4,0.8,0.9,0.5,0.2,0.244,0.323,0.422,0.745
442,Thairo Estrada,NYY,R,SS,2B/SS,42,115,106,13.7,3.1,13.2,1.9,26.9,18.5,4.9,0.4,41.8,22.4,5.7,1.2,0.9,0.8,0.8,0.254,0.297,0.394,0.691
443,Ronny Rodriguez,MIL,R,2B/SS,1B/2B/ SS/3B,42,114,107,13.5,4.4,15.7,1.7,26.6,16.5,4.9,0.7,46.3,28.5,5.0,0.6,0.9,0.5,0.8,0.247,0.282,0.431,0.713
444,Ildemaro Vargas,ARI,S,2B,2B/3B,42,113,105,13.4,1.9,12.5,1.2,29.4,21.0,5.5,1.0,42.6,12.2,5.7,0.8,0.8,0.8,0.5,0.281,0.320,0.407,0.726
445,Matt Thaiss,LAA,L,3B,1B/3B,42,113,101,13.6,3.6,13.3,0.7,24.3,15.4,4.8,0.4,40.7,26.0,10.3,0.7,0.9,0.7,0.3,0.241,0.313,0.403,0.716
446,Adolis Garcia,TEX,R,OF,OF,40,112,104,12.2,4.3,13.0,2.3,23.6,13.8,4.8,0.7,42.6,34.9,4.4,1.2,0.8,0.7,1.1,0.226,0.263,0.408,0.671
447,Matt Adams,NYM,L,1B,1B,41,112,102,14.3,6.1,16.6,0.3,22.8,12.0,4.5,0.2,45.9,32.9,7.9,1.1,0.9,0.5,0.1,0.224,0.285,0.451,0.736
448,Luis Guillorme,NYM,L,SS,2B/SS/ 3B,42,111,98,12.1,1.6,11.1,1.2,24.5,18.1,4.6,0.2,34.4,18.1,10.4,0.8,0.8,0.7,0.5,0.250,0.324,0.351,0.675
449,Luis Rengifo,LAA,S,2B,2B/SS,42,111,99,13.3,2.3,11.3,2.7,24.6,16.7,4.8,0.8,37.9,22.2,9.7,1.1,0.9,0.8,1.3,0.249,0.320,0.384,0.704
450,Jared Oliva,PIT,R,OF,OF,36,110,100,11.4,1.9,10.6,4.4,25.4,17.8,4.9,0.7,37.5,23.6,7.2,1.4,0.8,0.7,1.8,0.255,0.311,0.376,0.687
451,Hernan Perez,CHC,R,2B/SS,1B/2B/ SS/3B/ OF,39,109,101,12.7,3.3,13.8,2.4,25.1,16.4,5.0,0.3,40.8,24.6,5.9,0.5,0.8,0.5,0.8,0.248,0.291,0.403,0.695
452,Brendan Rodgers,COL,R,2B,2B/SS,38,109,100,13.8,3.6,15.7,0.9,27.9,18.3,5.6,0.5,45.3,22.6,6.0,1.3,0.8,0.6,0.4,0.280,0.327,0.454,0.781
453,Dylan Moore,SEA,R,SS/OF,1B/2B/ SS/3B/ OF,42,109,97,11.2,2.7,10.2,3.9,21.6,13.7,4.6,0.6,35.4,27.0,8.2,1.7,0.8,0.7,1.7,0.222,0.291,0.364,0.656
454,Aaron Hicks,NYY,S,OF,OF,32,108,92,14.7,4.6,13.5,1.5,22.1,13.1,4.2,0.3,40.5,24.8,14.0,0.8,0.8,0.5,0.6,0.240,0.343,0.440,0.782
455,Meibrys Viloria,KC,L,C,C,42,108,98,10.7,1.7,10.2,0.7,23.8,16.6,5.3,0.3,34.8,25.8,7.4,0.9,0.8,0.8,0.3,0.243,0.299,0.354,0.653
456,Jonathan Lucroy,FA,R,C,C/1B,41,108,97,12.4,2.6,12.8,0.3,25.4,17.4,5.0,0.3,39.0,16.8,8.4,1.3,0.8,0.7,0.1,0.262,0.327,0.403,0.730
457,Rob Brantly,SF,L,C,C,42,107,97,10.5,2.2,10.9,0.5,23.9,16.8,4.3,0.6,35.8,19.2,6.7,1.6,0.8,0.7,0.2,0.246,0.303,0.369,0.672
458,Zack Cozart,FA,R,3B,SS/3B,39,107,95,13.5,3.2,12.1,0.6,23.3,14.5,5.0,0.6,39.1,18.0,8.8,1.3,0.8,0.7,0.2,0.245,0.314,0.410,0.725
459,Richie Martin,BAL,R,SS,SS,42,107,98,11.4,1.9,9.6,3.1,22.9,16.0,4.1,0.8,34.4,24.0,6.3,1.4,0.8,0.8,1.2,0.234,0.288,0.352,0.640
460,Steve Pearce,FA,R,1B,1B,39,107,95,13.2,3.8,13.0,0.4,22.3,13.7,4.5,0.3,39.0,26.6,9.3,1.6,0.8,0.5,0.2,0.235,0.312,0.410,0.722
461,J.T. Riddle,PIT,L,OF,SS/OF,39,106,98,11.1,2.8,11.7,0.9,24.2,16.2,4.8,0.4,38.3,22.7,5.6,0.7,0.8,0.7,0.4,0.247,0.289,0.390,0.680
462,Welington Castillo,WSH,R,C,C,40,105,96,12.4,4.3,14.2,0.4,23.4,14.7,4.3,0.1,40.8,29.1,6.5,0.9,0.8,0.5,0.2,0.244,0.295,0.424,0.719
463,Isaac Paredes,DET,R,SS,SS,37,104,93,12.1,2.4,10.8,0.8,24.6,17.0,4.9,0.3,37.4,13.5,8.0,1.3,0.8,0.6,0.3,0.265,0.329,0.402,0.731
464,Marco Hernandez,BOS,L,2B,2B,37,103,95,12.1,1.4,10.3,1.7,25.7,17.5,6.5,0.3,36.9,23.2,4.5,1.2,0.8,0.7,0.7,0.269,0.307,0.386,0.694
465,Kyle Garlick,LAD,R,OF,OF,37,100,92,12.3,4.5,13.7,0.6,20.4,11.4,4.4,0.3,38.7,35.1,6.2,1.0,0.7,0.7,0.3,0.222,0.277,0.422,0.699
466,John Hicks,ARI,R,C/1B,C/1B,38,98,91,10.2,2.9,11.5,0.6,20.8,13.2,4.4,0.3,34.6,30.4,5.4,0.6,0.7,0.5,0.3,0.228,0.274,0.380,0.654
467,Daniel Johnson,CLE,L,OF,OF,35,98,89,12.4,3.2,12.0,2.3,23.6,14.8,4.9,0.7,39.4,22.8,6.2,1.0,0.7,0.6,1.0,0.265,0.317,0.442,0.759
468,Brandon Dixon,DET,R,1B/OF,1B/OF,35,95,88,10.2,3.2,11.3,1.2,20.9,12.8,4.3,0.6,36.0,29.3,5.2,0.9,0.7,0.4,0.5,0.238,0.285,0.410,0.695
469,Taylor Ward,LAA,R,C,C,34,94,82,11.4,3.2,10.9,1.4,19.8,12.9,3.6,0.1,33.2,24.9,9.5,1.0,0.7,0.6,0.6,0.241,0.324,0.403,0.727
470,Corey Ray,MIL,L,OF,OF,34,94,85,10.1,3.0,10.5,2.3,17.8,10.6,3.8,0.3,31.4,32.7,7.0,0.7,0.7,0.6,1.0,0.209,0.272,0.368,0.640
471,Josh Naylor,SD,L,OF,OF,34,94,84,12.0,3.1,11.6,0.7,22.4,14.5,4.6,0.2,36.7,16.5,8.0,0.6,0.7,0.5,0.3,0.267,0.332,0.438,0.770
472,Austin Dean,STL,R,OF,1B/OF,34,92,84,11.3,3.1,11.7,0.9,22.7,14.6,4.7,0.3,37.4,18.8,6.0,0.7,0.7,0.6,0.4,0.270,0.321,0.444,0.765
473,Clint Frazier,NYY,R,OF,OF,33,90,81,11.8,3.7,12.1,1.0,20.1,11.7,4.5,0.3,36.3,23.0,6.9,0.9,0.7,0.5,0.4,0.248,0.311,0.447,0.757
474,Odubel Herrera,PHI,L,OF,OF,31,87,78,11.3,2.9,11.1,1.2,20.4,12.9,4.2,0.4,33.9,19.2,6.5,0.9,0.6,0.3,0.5,0.260,0.322,0.434,0.756
475,Kevin Cron,ARI,R,1B,1B,32,86,77,11.5,4.7,13.4,0.5,19.0,10.3,3.8,0.2,37.4,23.8,7.2,0.9,0.7,0.6,0.2,0.247,0.316,0.486,0.803
476,Tyler Austin,FA,R,1B/OF,1B/OF,32,85,75,10.9,3.9,11.3,0.9,16.9,9.3,3.4,0.3,32.8,28.8,7.9,0.6,0.6,0.5,0.4,0.224,0.300,0.434,0.734
477,Dustin Fowler,OAK,L,OF,OF,30,85,79,10.1,2.4,9.2,1.7,19.1,12.3,3.4,0.9,31.6,21.3,4.2,0.6,0.6,0.6,0.7,0.241,0.281,0.399,0.680
478,Arquimedes Gamboa,PHI,S,SS,SS,31,85,75,7.9,0.9,6.8,2.0,14.4,10.3,2.6,0.5,20.8,23.2,8.0,0.6,0.6,0.5,0.8,0.191,0.272,0.277,0.549
479,Jonathan Arauz,BOS,L,SS,SS,31,85,78,9.7,1.6,8.6,1.1,18.4,12.4,3.9,0.5,28.1,16.8,5.2,0.7,0.6,0.5,0.5,0.236,0.288,0.360,0.648
480,Rene Rivera,NYM,R,C,C,33,84,77,9.0,3.4,10.4,0.3,16.2,10.0,2.8,0.1,29.4,25.4,5.3,1.0,0.6,0.6,0.1,0.211,0.269,0.383,0.652
481,C.J. Chatham,BOS,R,SS,SS,30,84,79,9.6,1.1,8.4,1.0,21.4,15.8,4.3,0.2,29.3,16.8,3.5,0.6,0.6,0.5,0.4,0.272,0.305,0.372,0.678
482,Luke Raley,MIN,L,OF,OF,30,84,77,10.7,2.7,10.2,0.9,19.1,12.6,3.3,0.6,31.5,22.7,4.8,1.7,0.6,0.5,0.3,0.249,0.306,0.410,0.716
483,Troy Stokes Jr,DET,R,OF,OF,30,83,73,9.2,2.5,8.9,1.8,17.0,10.4,3.7,0.3,28.8,20.5,7.3,1.0,0.6,0.5,0.8,0.231,0.307,0.393,0.700
484,Edward Olivares,SD,R,OF,OF,30,83,76,8.7,1.8,8.6,2.7,18.1,12.6,3.3,0.4,27.8,15.9,4.4,0.9,0.6,0.5,1.2,0.237,0.285,0.363,0.648
485,Mark Mathias,MIL,R,2b,2b,30,83,74,9.2,1.7,8.6,1.4,17.1,11.0,4.1,0.3,26.8,18.4,6.8,1.0,0.6,0.5,0.5,0.230,0.302,0.361,0.663
486,Andrew Knizner,STL,R,C,C,32,83,76,9.4,2.4,10.1,0.6,19.9,13.7,3.7,0.2,31.1,14.0,5.2,1.1,0.6,0.5,0.3,0.263,0.317,0.410,0.727
487,Joe McCarthy,SF,L,OF,OF,30,82,72,8.3,1.6,7.5,0.8,15.6,10.1,3.2,0.6,24.9,23.7,8.6,0.9,0.6,0.5,0.3,0.217,0.306,0.347,0.654
488,Justin Williams,STL,L,OF,OF,30,82,75,9.4,2.6,9.7,0.7,18.7,12.4,3.5,0.2,30.5,19.3,5.4,0.6,0.6,0.5,0.3,0.249,0.303,0.407,0.710
489,Jose Siri,SEA,R,OF,OF,30,82,76,7.3,2.0,7.3,2.5,16.0,10.7,3.0,0.4,25.7,26.1,4.8,0.5,0.6,0.5,1.1,0.211,0.261,0.339,0.600
490,Luis Alexander Basabe,CHW,S,OF,OF,30,82,74,8.8,1.7,7.7,1.8,16.0,11.0,3.0,0.4,24.9,24.0,6.7,0.6,0.6,0.5,0.8,0.217,0.286,0.337,0.623
491,Santiago Espinal,TOR,R,2B,2B,30,82,75,8.9,1.2,7.8,1.5,19.1,13.7,3.9,0.3,27.2,12.8,4.9,0.5,0.6,0.5,0.7,0.253,0.301,0.361,0.662
492,Travis Jankowski,CIN,L,OF,OF,28,81,71,9.0,0.9,6.7,2.9,16.9,12.9,2.9,0.3,23.0,18.2,7.7,0.7,0.6,0.6,1.1,0.238,0.317,0.324,0.641
493,Kevin Kramer,PIT,L,2b,2b,30,81,73,8.1,1.6,8.0,1.1,17.6,11.9,3.9,0.2,26.8,22.7,5.6,0.9,0.6,0.5,0.5,0.239,0.299,0.365,0.664
494,Yairo Munoz,STL,R,3B/OF,SS/3B/ OF,30,81,74,8.9,1.9,9.0,2.1,19.1,13.2,3.6,0.3,29.1,16.1,4.9,0.7,0.6,0.5,0.9,0.256,0.306,0.391,0.697
495,Sergio Alcantara,DET,S,SS,SS,30,81,73,7.8,0.6,6.2,1.3,17.4,13.6,3.0,0.3,22.8,15.1,6.4,0.5,0.6,0.5,0.6,0.239,0.302,0.312,0.614
496,Daz Cameron,DET,R,OF,OF,30,81,72,8.7,1.9,7.8,2.1,16.4,10.5,3.2,0.8,26.8,22.3,6.6,1.1,0.6,0.5,1.0,0.226,0.298,0.371,0.669
497,Nick Heath,KC,L,OF,OF,30,81,73,8.1,1.1,6.8,5.9,16.7,12.0,2.7,0.9,24.3,24.6,6.7,0.5,0.6,0.5,2.1,0.228,0.296,0.334,0.629
498,Elias Diaz,COL,R,C,C,31,80,73,10.0,1.8,10.5,0.3,20.9,14.5,4.4,0.2,31.1,14.0,5.4,0.6,0.6,0.5,0.1,0.285,0.336,0.424,0.760
499,Kevan Smith,TB,R,C,C,31,80,73,8.6,1.8,8.5,0.5,19.0,13.3,3.7,0.2,28.5,13.7,4.8,1.2,0.6,0.5,0.2,0.261,0.315,0.392,0.707
500,Nick Delmonico,CHW,L,OF,OF,29,80,70,10.0,2.9,10.0,0.7,16.7,10.0,3.4,0.4,29.5,19.2,7.7,0.9,0.6,0.4,0.3,0.237,0.318,0.419,0.736
501,LaMonte Wade,MIN,L,OF,OF,29,80,69,10.4,1.6,8.5,1.1,17.9,12.7,3.1,0.4,26.7,13.8,8.7,0.9,0.6,0.5,0.4,0.257,0.346,0.384,0.730
502,Tres Barrera,WSH,R,C,C,30,80,73,8.6,1.7,9.0,0.5,17.6,12.1,3.7,0.1,26.8,16.0,5.2,0.9,0.6,0.4,0.2,0.243,0.299,0.369,0.668
503,Jonah Heim,OAK,S,C,C,30,79,72,8.4,1.5,8.2,0.4,17.2,11.9,3.6,0.2,25.8,13.6,5.3,0.5,0.6,0.5,0.2,0.238,0.293,0.357,0.650
504,Deivi Grullon,PHI,R,C,C,30,79,72,9.1,3.4,10.6,0.2,16.6,10.1,3.0,0.1,30.2,23.1,5.1,0.5,0.6,0.5,0.1,0.231,0.285,0.420,0.705
505,Brendan McKay,TB,L,1B,1B,29,79,70,8.6,2.8,8.6,0.6,15.1,9.3,2.8,0.2,26.6,23.3,6.8,0.8,0.6,0.5,0.2,0.216,0.290,0.380,0.671
506,Hanley Ramirez,FA,R,SS,SS,29,78,69,10.3,3.5,10.5,0.6,16.6,10.1,2.9,0.2,30.2,18.5,7.0,0.8,0.6,0.2,0.3,0.240,0.314,0.436,0.750
507,Derek Dietrich,CIN,L,1B/2B,1B/2B/ OF,29,77,67,10.0,3.1,10.0,0.4,15.9,9.2,3.2,0.4,29.3,19.8,5.7,2.9,0.6,0.4,0.2,0.237,0.321,0.437,0.758
508,Leonys Martin,FA,L,OF,OF,28,77,69,9.3,2.3,8.0,1.9,16.1,10.4,3.1,0.3,26.6,20.7,5.8,0.8,0.5,0.6,0.7,0.232,0.297,0.384,0.680
509,Jose Briceno,LAA,R,C,C,29,77,71,7.5,2.1,7.9,0.9,14.4,9.5,2.6,0.2,23.6,19.3,3.7,0.7,0.6,0.5,0.4,0.202,0.248,0.334,0.582
510,Scott Schebler,CIN,L,OF,OF,28,76,67,9.1,2.9,9.4,0.6,15.0,8.9,3.0,0.1,27.0,19.5,6.1,1.2,0.5,0.4,0.2,0.222,0.297,0.401,0.698
511,Richard Urena,BAL,S,SS,2B/SS/ 3B,29,76,71,7.7,1.3,6.7,0.6,17.0,12.1,3.3,0.4,24.9,17.1,3.6,0.4,0.6,0.5,0.3,0.241,0.281,0.352,0.633
512,Alex Jackson,ATL,R,OF,OF,30,76,69,8.7,3.4,10.1,0.2,14.4,7.9,2.9,0.2,27.9,25.6,4.5,1.5,0.6,0.5,0.1,0.207,0.269,0.403,0.672
513,Peter Bourjos,FA,R,OF,OF,29,75,69,8.0,1.6,7.7,1.1,15.8,10.0,3.4,0.8,25.5,20.2,3.9,0.7,0.6,0.5,0.5,0.227,0.273,0.367,0.641
514,Jack Mayfield,HOU,R,SS,2B/SS,26,75,69,8.8,2.4,8.9,0.7,15.7,9.6,3.5,0.2,26.6,17.6,4.2,0.6,0.6,0.5,0.3,0.228,0.275,0.387,0.662
515,Caleb Joseph,TOR,R,C,C,29,75,69,7.2,1.7,7.4,0.4,14.8,9.5,3.4,0.2,23.7,20.5,3.6,0.8,0.6,0.6,0.2,0.214,0.259,0.343,0.602
516,Juan Centeno,BOS,L,C,C,29,75,68,8.1,1.0,7.4,0.5,16.9,11.8,4.0,0.2,24.3,14.3,4.7,0.8,0.6,0.5,0.2,0.248,0.301,0.356,0.657
517,Logan Forsythe,PHI,R,1B/3B,1B/2B/ SS/3B,28,75,65,8.7,1.8,8.0,0.4,15.0,9.9,3.2,0.2,23.7,19.6,8.5,0.7,0.6,0.4,0.2,0.232,0.324,0.366,0.690
518,Dustin Pedroia,BOS,R,2B,2B,26,75,67,8.9,1.5,8.0,0.7,17.7,12.8,3.3,0.2,25.8,11.0,6.5,0.6,0.5,0.5,0.3,0.265,0.333,0.386,0.719
519,Addison Russell,FA,R,2B/SS,2B/SS,29,74,66,9.0,2.4,9.2,0.6,16.4,10.3,3.5,0.3,27.5,16.8,6.5,0.8,0.6,0.4,0.3,0.250,0.322,0.419,0.741
520,Bobby Dalbec,BOS,R,3b,3b,26,74,65,10.0,3.4,10.0,0.7,15.6,9.0,3.1,0.2,29.3,22.1,6.6,1.0,0.6,0.5,0.3,0.240,0.317,0.450,0.767
521,Nick Williams,PHI,L,OF,OF,26,73,66,8.9,2.9,9.8,0.5,16.1,9.7,3.1,0.4,28.7,21.0,4.3,1.1,0.6,0.4,0.2,0.243,0.298,0.433,0.731
522,Bobby Bradley,CLE,L,DH,1B,26,73,66,9.6,4.0,10.4,0.2,15.2,7.9,3.1,0.1,30.8,23.7,5.9,0.6,0.5,0.4,0.1,0.232,0.298,0.467,0.766
523,Chris Iannetta,NYY,R,C,C,28,73,63,9.3,2.9,9.7,0.3,13.6,7.9,2.7,0.1,25.2,22.2,7.9,1.1,0.6,0.5,0.1,0.217,0.312,0.400,0.712
524,Tyler Heineman,SF,S,C,C,29,72,64,7.1,1.4,7.3,0.7,15.9,11.0,3.2,0.4,23.9,12.8,5.3,0.7,0.5,0.5,0.3,0.246,0.308,0.372,0.680
525,Ramon Urias,STL,R,2b,2b,26,72,65,8.2,1.8,7.9,0.6,16.2,10.7,3.6,0.1,25.5,16.1,5.3,1.1,0.5,0.4,0.3,0.250,0.314,0.392,0.706
526,Eli White,TEX,R,SS,SS,27,72,65,7.3,1.2,6.4,1.4,15.0,10.4,2.9,0.5,22.5,20.0,5.0,1.0,0.5,0.5,0.6,0.230,0.292,0.345,0.637
527,Tim Lopes,SEA,R,OF,OF,26,71,65,6.9,0.9,5.8,2.8,16.3,11.7,3.4,0.2,22.9,14.6,5.0,0.5,0.5,0.5,1.2,0.251,0.307,0.353,0.660
528,Pat Valaika,BAL,R,SS,2B/SS,26,70,65,7.6,2.4,7.6,0.5,14.7,8.9,3.1,0.2,25.3,19.1,3.8,0.3,0.5,0.5,0.2,0.227,0.271,0.392,0.663
529,Tyler White,LAD,R,1B,1B,25,69,61,8.6,2.2,8.8,0.3,14.3,8.9,3.1,0.1,24.3,16.8,6.7,0.7,0.5,0.4,0.1,0.236,0.316,0.400,0.716
530,Yonathan Daza,COL,R,OF,OF,26,69,65,8.5,1.1,8.6,1.6,19.5,14.1,3.8,0.5,27.5,11.0,3.2,0.5,0.5,0.4,0.8,0.301,0.336,0.426,0.762
531,Pablo Reyes,PIT,R,OF,2B/OF,24,69,63,7.4,1.8,8.0,1.5,15.9,10.5,3.2,0.4,25.3,14.3,5.0,0.6,0.5,0.4,0.7,0.254,0.312,0.404,0.716
532,Jose Trevino,TEX,R,C,C,26,69,65,6.6,1.5,6.8,0.6,15.4,10.7,3.1,0.1,23.2,12.9,3.0,0.4,0.5,0.5,0.2,0.239,0.275,0.360,0.635
533,Rylan Bannon,BAL,R,3B,3B,25,67,60,7.6,1.5,6.8,0.8,14.9,9.9,3.1,0.3,23.2,12.7,5.6,0.7,0.5,0.4,0.3,0.249,0.318,0.388,0.706
534,Abraham Toro-Hernandez,HOU,S,3B,3B,24,66,59,8.6,2.0,8.1,0.6,14.9,9.4,3.1,0.5,24.9,12.9,5.6,0.8,0.5,0.4,0.3,0.254,0.324,0.423,0.747
535,Chris Herrmann,TB,L,C,C,25,66,57,7.1,1.9,7.3,0.4,12.0,7.6,2.2,0.3,20.6,19.8,7.0,0.4,0.5,0.5,0.1,0.208,0.297,0.358,0.654
536,Andrew Velazquez,CLE,S,SS,SS,23,65,60,7.3,1.5,6.9,2.0,14.3,9.7,2.7,0.4,22.4,16.8,3.6,0.5,0.5,0.4,0.8,0.239,0.286,0.373,0.659
537,Cedric Mullins,BAL,S,OF,OF,23,65,59,7.6,1.5,6.1,2.2,14.1,9.4,2.7,0.4,22.3,11.6,4.4,0.5,0.5,0.5,0.8,0.239,0.296,0.378,0.674
538,Robel Garcia,CHC,S,2B,2B/OF,23,64,58,8.3,3.1,8.9,0.6,12.9,7.1,2.2,0.4,25.3,22.8,5.1,0.7,0.5,0.4,0.3,0.222,0.291,0.437,0.729
539,Tyrone Taylor,MIL,R,OF,OF,23,64,59,7.0,1.8,7.2,0.7,13.3,8.6,2.7,0.2,21.8,15.3,3.6,0.7,0.5,0.4,0.3,0.225,0.275,0.369,0.644
540,Joey Bart,SF,R,C,C,24,64,59,6.4,1.9,7.1,0.7,13.8,9.0,2.6,0.4,22.8,13.9,3.3,0.7,0.5,0.4,0.3,0.236,0.282,0.388,0.670
541,Danny Mendick,CHW,R,SS,SS,23,64,57,7.5,1.6,6.8,1.4,14.0,9.7,2.6,0.1,21.7,12.8,5.3,0.6,0.5,0.4,0.6,0.244,0.311,0.377,0.689
542,Cristian Pache,ATL,R,OF,OF,23,64,59,7.4,1.4,7.3,1.1,15.0,10.0,3.2,0.5,23.2,14.9,3.7,0.4,0.5,0.4,0.6,0.254,0.299,0.391,0.690
543,Jake Noll,WSH,R,2b,2b,23,64,59,6.8,1.4,7.0,0.6,15.0,10.9,2.7,0.1,22.0,13.5,2.8,0.6,0.5,0.4,0.2,0.253,0.291,0.371,0.662
544,Rangel Ravelo,STL,R,1B,1B,23,63,56,7.3,1.7,7.4,0.3,14.9,10.0,3.0,0.2,23.4,12.2,4.6,0.8,0.5,0.4,0.1,0.265,0.326,0.415,0.741
545,Yu-Cheng Chang,CLE,R,3B,SS/3B,23,63,57,7.4,1.8,6.7,0.6,13.0,8.0,2.9,0.3,21.7,16.4,5.0,0.6,0.5,0.4,0.3,0.229,0.296,0.383,0.680
546,Skye Bolt,OAK,S,OF,OF,23,63,57,6.7,1.4,6.1,1.1,12.2,7.9,2.6,0.4,19.7,17.9,4.8,0.5,0.5,0.4,0.5,0.215,0.280,0.346,0.626
547,Edwin Rios,LAD,L,3b,1B/3B,23,63,57,7.7,2.9,9.0,0.4,13.0,7.3,2.6,0.2,24.8,22.9,3.9,0.7,0.5,0.4,0.1,0.228,0.282,0.433,0.715
548,Edmundo Sosa,STL,R,SS,SS,23,63,59,6.9,1.4,6.6,0.6,15.0,10.5,2.7,0.3,22.6,13.3,2.4,1.0,0.5,0.4,0.3,0.253,0.292,0.383,0.674
549,Brian O’Grady,TB,L,OF,OF,23,63,56,7.4,2.4,7.1,1.4,12.4,7.2,2.5,0.3,22.7,19.1,5.6,0.6,0.5,0.4,0.5,0.222,0.298,0.407,0.705
550,Patrick Wisdom,SEA,R,3b,3b,23,62,55,6.3,2.3,6.3,0.7,11.3,6.6,2.2,0.1,20.6,21.0,4.9,0.6,0.5,0.4,0.3,0.203,0.273,0.372,0.646
551,Breyvic Valera,TOR,S,2B,2B,23,62,55,7.2,1.1,6.0,1.1,14.1,10.3,2.4,0.4,20.5,7.9,4.9,0.5,0.5,0.4,0.5,0.255,0.317,0.369,0.687
552,Raudy Read,WSH,R,C,C,23,62,57,6.8,1.9,7.6,0.4,13.8,8.9,2.7,0.2,22.7,13.4,3.0,0.5,0.5,0.4,0.1,0.241,0.282,0.396,0.678
553,Donnie Walton,SEA,L,SS,SS,23,62,55,6.1,0.9,5.3,1.1,13.8,10.1,2.6,0.2,19.6,9.9,4.8,0.7,0.5,0.4,0.5,0.251,0.317,0.356,0.672
554,Abiatal Avelino,SF,R,SS,SS,23,62,58,5.9,1.1,6.0,1.5,14.0,10.0,2.3,0.7,20.8,12.2,2.9,0.3,0.5,0.4,0.6,0.243,0.280,0.361,0.642
555,Kean Wong,SF,L,2b,2b,23,62,56,5.9,0.8,5.7,0.8,14.2,10.3,2.6,0.5,20.3,14.5,3.9,0.6,0.5,0.4,0.4,0.252,0.305,0.359,0.664
556,Derek Hill,DET,R,OF,OF,23,62,57,6.4,1.4,5.9,2.2,13.1,9.0,2.3,0.5,20.5,17.0,3.9,0.7,0.5,0.4,0.9,0.231,0.286,0.361,0.647
557,Chris Owings,COL,R,2B,2B/SS/ 3B/OF,24,61,56,7.2,1.5,7.4,1.6,13.9,8.9,3.2,0.2,22.1,16.8,3.8,0.5,0.5,0.3,0.6,0.248,0.298,0.394,0.692
558,Dom Nunez,COL,L,C,C,23,61,54,7.4,2.2,7.9,0.7,12.1,7.4,2.3,0.2,21.4,16.1,5.9,0.6,0.5,0.4,0.3,0.225,0.307,0.398,0.705
559,Jacob Nottingham,MIL,R,C,C,23,61,55,6.1,1.6,6.4,0.7,11.4,7.2,2.5,0.1,18.8,19.3,4.1,1.1,0.5,0.4,0.3,0.207,0.272,0.341,0.614
560,Chris Shaw,SF,L,1B,1B,23,61,55,6.4,2.1,7.2,0.3,13.2,8.1,2.8,0.3,22.9,18.2,3.8,0.6,0.5,0.4,0.1,0.239,0.293,0.414,0.707
561,Rajai Davis,FA,R,OF,OF,23,61,56,6.5,1.3,6.0,2.5,12.8,8.9,2.3,0.3,19.6,15.5,3.2,0.7,0.4,0.4,0.8,0.228,0.275,0.348,0.622
562,Tzu-Wei Lin,BOS,L,SS,SS,22,61,55,7.0,0.7,5.7,1.2,13.5,9.2,3.2,0.4,19.6,14.1,4.5,0.4,0.5,0.4,0.5,0.246,0.304,0.358,0.662
563,Erick Mejia,KC,S,SS,SS,24,61,55,5.9,0.6,5.2,1.7,13.4,9.8,2.5,0.5,18.8,12.3,4.1,0.3,0.5,0.4,0.7,0.243,0.297,0.339,0.637
564,Seby Zavala,CHW,R,C,C,23,61,56,6.5,2.1,7.0,0.3,11.6,7.2,2.2,0.1,20.2,20.6,3.9,0.6,0.5,0.4,0.1,0.207,0.265,0.363,0.628
565,Adrian Sanchez,WSH,R,2b,2b,22,60,56,6.3,0.8,6.1,1.3,14.5,10.4,3.1,0.2,20.3,11.2,2.8,0.4,0.5,0.4,0.6,0.260,0.299,0.366,0.665
566,Eric Haase,DET,R,C,C,23,60,55,6.7,2.7,7.8,0.3,11.4,6.2,2.1,0.4,22.5,20.8,4.2,0.6,0.5,0.4,0.1,0.209,0.272,0.413,0.685
567,Luis Torrens,SD,R,C,C,23,60,55,6.2,1.2,6.5,0.4,13.1,8.9,2.7,0.2,19.9,11.2,4.3,0.5,0.5,0.4,0.1,0.239,0.297,0.365,0.662
568,Jake Rogers,DET,R,C,C,23,60,53,6.5,2.1,6.9,0.4,11.2,6.7,2.2,0.3,20.1,17.4,5.1,0.8,0.5,0.5,0.2,0.210,0.286,0.376,0.662
569,Drew Robinson,SF,L,OF,OF,24,59,51,5.8,1.4,5.6,1.2,10.4,6.5,2.2,0.4,17.6,21.5,6.4,0.4,0.4,0.4,0.5,0.204,0.295,0.344,0.639
570,Alex Blandino,CIN,R,SS,SS,21,59,50,6.8,1.2,5.8,0.4,11.3,7.5,2.5,0.1,17.8,15.9,6.4,1.2,0.4,0.4,0.2,0.225,0.325,0.354,0.678
571,Bradley Zimmer,CLE,L,OF,OF,21,59,53,7.0,1.7,6.4,1.7,12.1,7.6,2.6,0.3,20.3,18.8,5.0,0.6,0.4,0.4,0.6,0.231,0.303,0.388,0.690
572,Michael Hermosillo,LAA,R,OF,OF,22,59,53,6.6,1.7,6.0,1.3,11.4,7.4,2.0,0.3,19.0,18.8,4.4,1.2,0.4,0.4,0.6,0.215,0.289,0.359,0.648
573,Kelvin Gutierrez,KC,R,3b,3B,22,59,53,6.1,1.2,5.9,1.1,13.8,9.8,2.3,0.4,20.7,14.4,4.0,0.4,0.4,0.3,0.4,0.258,0.312,0.388,0.700
574,Andrew Stevenson,WSH,L,OF,OF,22,59,53,6.1,0.8,5.8,1.3,13.4,10.0,2.2,0.4,18.8,15.5,3.9,0.5,0.4,0.4,0.5,0.251,0.305,0.353,0.658
575,Braden Bishop,SEA,R,OF,OF,22,58,52,5.7,1.0,4.8,0.7,12.0,8.6,2.4,0.1,17.7,13.6,4.2,0.6,0.4,0.4,0.3,0.232,0.295,0.340,0.635
576,David Freitas,MIL,R,C,C,22,57,51,6.4,1.2,6.6,0.3,13.1,9.0,2.8,0.1,19.8,11.4,4.8,0.6,0.4,0.4,0.1,0.257,0.326,0.389,0.715
577,Anthony Bemboom,LAA,L,C,C,21,57,52,5.7,1.1,5.5,0.4,10.8,7.5,2.0,0.2,16.5,14.9,4.4,0.5,0.4,0.4,0.2,0.210,0.277,0.320,0.597
578,John Ryan Murphy,PIT,R,C,C,22,56,51,5.4,1.6,5.9,0.2,10.9,7.0,2.2,0.1,18.1,15.9,3.7,0.4,0.4,0.4,0.1,0.212,0.267,0.352,0.619
579,Austin Wynns,BAL,R,C,C,22,56,51,5.7,1.2,5.6,0.2,12.2,8.8,2.0,0.1,18.2,11.9,3.9,0.5,0.4,0.4,0.1,0.241,0.300,0.359,0.659
580,Chad Wallach,MIA,R,C,C,21,55,49,5.0,1.3,5.2,0.3,10.1,6.4,2.2,0.1,16.4,16.6,4.5,0.7,0.4,0.3,0.1,0.207,0.282,0.337,0.619
581,Gordon Beckham,SD,R,2B,2B/SS/ 3B,21,54,49,6.0,1.2,5.5,0.6,11.3,7.5,2.4,0.2,17.7,12.2,3.9,0.6,0.4,0.3,0.3,0.231,0.294,0.361,0.655
582,Charlie Tilson,PIT,L,OF,OF,21,53,49,5.4,0.6,4.8,1.0,12.7,9.6,2.3,0.2,17.1,10.5,3.4,0.5,0.4,0.4,0.4,0.260,0.312,0.351,0.663
583,Taylor Jones,HOU,R,1B,1B,19,52,46,6.5,1.5,5.9,0.2,10.6,6.8,2.2,0.1,17.7,13.9,4.6,0.6,0.4,0.3,0.1,0.232,0.309,0.386,0.695
584,Nick Gordon,MIN,L,SS,SS,19,52,48,6.0,0.7,5.2,1.4,12.1,8.5,2.6,0.3,17.5,10.6,2.7,0.5,0.4,0.3,0.6,0.254,0.298,0.367,0.665
585,Zach McKinstry,LAD,L,2b,2b,19,52,47,6.1,1.2,6.0,0.7,11.3,7.5,2.2,0.3,17.8,11.0,3.5,0.5,0.4,0.3,0.3,0.241,0.298,0.379,0.678
586,DJ Peters,LAD,R,OF,OF,19,52,46,6.1,1.8,6.2,0.2,9.8,5.9,1.9,0.1,17.5,17.2,4.0,0.9,0.4,0.3,0.1,0.213,0.287,0.380,0.667
587,Marcus Wilson,BOS,R,OF,OF,19,52,47,6.1,1.5,5.9,1.0,11.0,7.0,2.3,0.1,18.2,16.0,4.2,0.3,0.4,0.3,0.4,0.233,0.298,0.386,0.684
588,Wyatt Mathisen,ARI,R,3b,3b,19,51,45,6.0,1.7,6.0,0.3,10.5,6.5,2.1,0.2,18.0,13.7,4.1,1.1,0.4,0.3,0.1,0.234,0.312,0.403,0.715
589,Elehuris Montero,STL,R,3b,3b,19,51,47,5.3,1.3,5.4,0.3,10.8,7.1,2.2,0.1,17.3,13.1,2.7,0.4,0.4,0.3,0.1,0.232,0.278,0.371,0.649
590,Tyler Nevin,COL,R,3B,3B,19,51,46,6.9,1.4,6.7,0.5,13.0,8.8,2.5,0.2,20.2,9.0,4.2,0.3,0.4,0.3,0.2,0.282,0.344,0.440,0.784
591,Travis Blankenhorn,MIN,L,2b,2b,19,51,48,6.3,1.5,6.1,0.7,11.8,7.7,2.3,0.3,19.1,11.9,2.5,0.6,0.4,0.3,0.3,0.247,0.289,0.400,0.689
592,Estevan Florial,NYY,L,OF,OF,19,51,46,5.3,1.3,5.0,1.0,9.3,6.4,1.5,0.2,15.1,16.9,3.5,0.3,0.4,0.3,0.5,0.202,0.260,0.327,0.587
593,Gilberto Celestino,MIN,R,OF,OF,19,51,48,5.5,1.0,5.0,0.8,10.7,7.9,1.7,0.1,15.6,10.6,2.5,0.3,0.4,0.3,0.3,0.224,0.266,0.326,0.592
594,Andres Gimenez,NYM,L,SS,SS,19,51,47,5.1,0.9,4.9,2.0,10.6,7.3,2.2,0.3,16.0,11.1,2.4,0.8,0.4,0.3,0.9,0.228,0.276,0.343,0.619
595,Zack Short,CHC,R,SS,SS,19,51,45,5.8,1.2,5.4,0.6,9.4,5.8,2.1,0.2,15.6,14.0,5.4,0.5,0.4,0.3,0.3,0.209,0.300,0.348,0.649
596,Andy Young,ARI,R,2b,2b,19,51,46,6.1,1.8,6.3,0.3,11.1,7.0,2.0,0.3,19.2,12.5,2.9,1.3,0.4,0.3,0.2,0.244,0.305,0.420,0.725
597,Lucius Fox,TB,S,SS,SS,19,50,45,4.8,0.4,3.8,2.1,9.6,7.1,1.6,0.4,13.3,11.6,4.1,0.6,0.4,0.3,0.9,0.215,0.288,0.299,0.587
598,Mark Payton,CIN,L,OF,OF,19,50,45,6.0,1.7,6.1,0.7,10.8,6.9,1.9,0.2,18.3,11.5,4.1,0.3,0.4,0.3,0.3,0.241,0.307,0.409,0.715
599,Luis Barrera,OAK,L,OF,OF,19,50,46,5.8,0.8,5.2,1.5,11.8,8.2,1.9,0.9,18.1,9.6,2.7,0.4,0.4,0.3,0.7,0.256,0.300,0.390,0.690
600,Will Craig,PIT,R,3b,3b,19,50,46,5.5,1.6,5.7,0.3,10.7,6.9,2.1,0.1,18.0,13.3,3.3,0.8,0.4,0.3,0.2,0.235,0.296,0.394,0.690
601,Micker Adolfo,CHW,R,OF,OF,19,50,45,5.5,1.4,5.2,0.5,9.8,6.2,2.0,0.1,16.3,17.1,3.7,0.6,0.4,0.3,0.2,0.217,0.282,0.361,0.644
602,Kevin Padlo,TB,R,3b,3b,19,50,43,5.8,1.7,5.4,0.7,9.4,5.4,2.1,0.1,16.9,14.6,5.1,0.5,0.4,0.3,0.3,0.215,0.303,0.388,0.691
603,Sam Haggerty,SEA,S,2b,2b,19,50,44,4.4,0.5,3.9,1.8,9.5,6.6,2.0,0.4,13.8,13.9,4.6,0.4,0.4,0.3,0.7,0.215,0.293,0.312,0.605
604,Jared Walsh,LAA,L,1B,1B,19,50,45,6.2,2.1,6.3,0.1,10.6,6.2,2.3,0.1,19.3,16.0,4.0,0.5,0.4,0.3,0.1,0.237,0.305,0.430,0.735
605,Oneil Cruz,PIT,L,3b,3b,19,50,46,5.2,1.1,5.2,0.9,11.3,7.7,2.2,0.3,17.5,12.4,3.1,0.3,0.4,0.3,0.4,0.245,0.296,0.379,0.674
606,Jeison Guzman,KC,L,SS,SS,19,50,47,4.2,0.4,3.6,1.1,9.6,7.4,1.5,0.3,13.0,10.8,1.9,0.4,0.4,0.3,0.5,0.205,0.240,0.278,0.518
607,Jazz Chisholm,MIA,L,SS,SS,19,50,45,5.0,1.6,5.2,1.0,9.6,6.1,1.5,0.4,16.6,15.4,3.6,0.5,0.4,0.3,0.4,0.212,0.276,0.370,0.645
608,Blake Rutherford,CHW,L,OF,OF,19,50,46,5.5,1.0,5.0,0.7,10.8,7.6,1.9,0.3,16.4,12.1,3.2,0.3,0.4,0.3,0.3,0.235,0.286,0.357,0.643
609,Seth Beer,ARI,L,OF,OF,19,50,45,6.1,1.9,6.9,0.2,11.6,7.3,2.3,0.1,19.9,11.5,3.2,1.1,0.4,0.3,0.1,0.260,0.323,0.446,0.769
610,Jorge Ona,SD,R,OF,OF,19,50,46,5.4,1.3,5.3,0.4,10.5,7.1,1.9,0.2,16.7,13.5,3.4,0.5,0.4,0.3,0.2,0.229,0.288,0.363,0.651
611,Jake Cronenworth,SD,L,SS,SS,19,49,44,5.4,0.7,4.8,1.0,11.2,8.0,2.2,0.2,16.0,8.8,4.0,0.5,0.4,0.3,0.4,0.253,0.319,0.362,0.682
612,Zack Collins,CHW,L,DH,C,19,49,41,6.2,1.8,5.7,0.2,8.9,5.1,1.7,0.2,16.5,15.2,6.7,0.4,0.4,0.3,0.1,0.215,0.326,0.399,0.725
613,Lewin Diaz,MIA,L,1B,1B,19,49,45,5.3,1.8,5.9,0.2,10.9,6.8,2.2,0.2,18.9,9.7,2.3,0.4,0.4,0.3,0.1,0.240,0.282,0.416,0.698
614,Keibert Ruiz,LAD,S,C,C,19,49,44,5.6,1.0,5.8,0.2,11.0,7.9,2.0,0.1,16.3,5.0,3.0,0.5,0.4,0.3,0.1,0.249,0.302,0.367,0.669
615,Anderson Tejeda,TEX,L,SS,SS,19,49,45,4.6,1.1,4.3,1.0,9.2,6.3,1.6,0.2,14.4,15.3,2.9,0.4,0.4,0.3,0.4,0.202,0.255,0.318,0.573
616,Jesus Sanchez,MIA,L,OF,OF,19,49,45,5.0,1.2,5.0,0.5,10.9,7.5,2.0,0.2,16.9,10.9,2.9,0.4,0.4,0.3,0.2,0.244,0.293,0.378,0.671
617,Ryan McKenna,BAL,R,OF,OF,19,49,44,5.3,0.9,4.6,1.3,10.6,7.4,2.0,0.3,15.9,11.1,3.9,0.5,0.4,0.3,0.5,0.241,0.308,0.362,0.670
618,Leody Taveras,TEX,S,OF,OF,19,49,45,5.0,0.7,4.4,1.6,10.8,7.9,1.7,0.4,15.5,10.7,3.4,0.2,0.4,0.3,0.7,0.239,0.294,0.346,0.641
619,Sherten Apostel,TEX,R,3B,3B,19,49,45,4.8,1.2,4.5,0.3,9.1,6.3,1.4,0.1,14.5,14.1,3.3,0.4,0.4,0.3,0.1,0.202,0.261,0.322,0.583
620,Yusniel Diaz,BAL,R,OF,OF,19,49,44,5.8,1.5,5.4,0.7,11.1,7.3,2.0,0.3,18.0,10.4,4.3,0.3,0.4,0.3,0.4,0.252,0.320,0.410,0.730
621,Yermin Mercedes,CHW,R,C,C,19,48,43,6.0,1.9,6.5,0.3,11.2,7.2,2.0,0.1,18.9,10.0,3.6,0.3,0.4,0.3,0.1,0.257,0.317,0.435,0.752
622,Ali Sanchez,NYM,R,C,C,19,48,44,4.4,0.6,4.4,0.3,9.8,7.1,2.0,0.1,13.6,8.7,2.7,0.4,0.4,0.3,0.1,0.223,0.272,0.312,0.584
623,Ronaldo Hernandez,TB,R,C,C,19,48,45,4.4,1.1,4.5,0.5,9.6,6.8,1.5,0.2,14.7,9.4,1.8,0.5,0.4,0.3,0.2,0.213,0.249,0.326,0.575
624,William Contreras,ATL,R,C,C,19,48,44,5.0,0.9,5.2,0.2,10.4,7.2,2.2,0.1,15.5,10.6,2.9,0.4,0.4,0.3,0.1,0.236,0.288,0.351,0.638
625,Tyler Stephenson,CIN,R,C,C,19,48,43,5.1,1.1,5.3,0.2,10.2,6.9,2.1,0.1,15.8,10.0,3.7,0.6,0.4,0.3,0.1,0.239,0.306,0.370,0.676
626,Miguel Amaya,CHC,R,C,C,19,48,44,4.9,1.2,5.1,0.2,8.8,6.0,1.6,0.1,14.1,10.5,3.5,0.6,0.4,0.3,0.1,0.203,0.270,0.325,0.596
627,Bryan Holaday,BAL,R,C,C,18,43,39,4.9,1.2,4.9,0.3,9.8,6.5,2.0,0.1,15.6,7.6,3.1,0.6,0.3,0.3,0.1,0.252,0.315,0.401,0.716
628,Andrew Vaughn,CHW,R,1B,1B,16,43,39,4.6,1.2,4.3,0.3,8.3,5.7,1.4,0.1,13.3,9.6,2.8,0.5,0.3,0.3,0.1,0.212,0.271,0.340,0.612
629,Jorge Bonifacio,DET,R,OF,OF,15,41,37,4.5,1.3,4.5,0.4,8.6,5.3,1.7,0.3,14.8,10.9,3.2,0.3,0.3,0.2,0.2,0.234,0.299,0.405,0.704
630,Vidal Brujan,TB,S,2b,2b,14,39,35,4.1,0.5,3.5,2.2,8.8,6.4,1.6,0.3,12.5,6.3,2.6,0.4,0.3,0.2,0.9,0.248,0.303,0.353,0.656
631,Matt Kemp,MIA,R,OF,OF,14,36,33,4.2,1.4,4.5,0.1,8.3,5.1,1.7,0.1,14.3,8.9,2.2,0.2,0.3,0.1,0.0,0.249,0.297,0.430,0.727
632,Nolan Jones,CLE,L,3B,3B,13,35,30,4.3,1.1,3.9,0.3,7.3,4.7,1.4,0.1,12.1,10.3,4.0,0.3,0.3,0.2,0.1,0.244,0.336,0.406,0.741
633,Drew Waters,ATL,S,OF,OF,13,35,33,4.0,0.7,3.9,0.7,8.3,5.5,1.9,0.3,12.8,10.1,2.0,0.2,0.3,0.2,0.3,0.257,0.303,0.394,0.697
634,Jacob Robson,DET,L,OF,OF,13,34,30,3.7,0.7,3.3,1.1,7.5,5.2,1.4,0.2,11.5,9.1,2.9,0.2,0.3,0.2,0.5,0.251,0.319,0.384,0.703
635,J.J. Bleday,MIA,L,OF,OF,13,33,31,2.9,0.8,3.2,0.2,6.4,4.5,1.0,0.1,9.9,8.0,1.7,0.3,0.2,0.2,0.1,0.208,0.255,0.324,0.579
636,Jahmai Jones,LAA,R,OF,OF,11,30,27,3.1,0.4,2.6,0.6,6.0,4.3,1.1,0.1,8.7,6.2,2.1,0.2,0.2,0.2,0.3,0.224,0.285,0.323,0.608
637,Jonathan India,CIN,R,3B,3B,11,30,26,3.4,0.8,3.3,0.4,6.2,4.0,1.2,0.1,10.0,7.5,2.5,0.5,0.2,0.2,0.2,0.232,0.305,0.378,0.684
638,Alex Kirilloff,MIN,L,OF,OF,11,30,28,3.9,0.8,3.7,0.4,7.6,5.1,1.5,0.2,12.0,5.7,1.6,0.3,0.2,0.2,0.2,0.277,0.321,0.434,0.755
639,Taylor Trammell,SD,L,OF,OF,11,30,26,3.1,0.6,2.9,0.8,5.9,4.1,1.1,0.2,9.1,7.5,2.8,0.2,0.2,0.2,0.4,0.226,0.304,0.347,0.651
640,Alek Thomas,ARI,L,OF,OF,11,30,27,3.1,0.6,3.0,0.5,6.4,4.6,1.0,0.2,9.6,7.3,1.7,0.3,0.2,0.2,0.2,0.232,0.280,0.349,0.629
641,Josh Lowe,TB,L,3b,3b,11,29,26,3.2,0.8,3.0,0.9,5.9,3.8,1.1,0.1,9.7,8.1,2.4,0.2,0.2,0.2,0.4,0.226,0.294,0.376,0.670
642,Heliot Ramos,SF,R,OF,OF,11,29,27,3.0,0.8,3.0,0.4,6.4,4.2,1.3,0.1,10.2,8.0,2.0,0.3,0.2,0.2,0.2,0.239,0.298,0.382,0.680
643,Josh Jung,TEX,R,3B,3B,11,29,27,2.5,0.5,2.3,0.3,5.3,4.0,0.8,0.1,7.7,6.8,1.4,0.3,0.2,0.2,0.1,0.200,0.246,0.291,0.537
644,Wander Franco,TB,S,SS,SS,11,29,26,3.1,0.5,2.7,0.6,6.6,4.9,1.0,0.2,9.4,3.3,1.8,0.2,0.2,0.2,0.3,0.249,0.301,0.355,0.655
645,Julio Rodriguez,SEA,R,OF,OF,11,28,26,2.7,0.7,2.7,0.2,6.1,4.2,1.0,0.1,9.5,7.0,1.3,0.3,0.2,0.2,0.1,0.230,0.272,0.359,0.631
646,Aramis Garcia,SF,R,C,C/1B,11,27,25,2.5,0.8,2.8,0.1,5.3,3.4,1.0,0.1,8.8,8.8,1.7,0.3,0.2,0.2,0.0,0.211,0.265,0.351,0.615
647,Cheslor Cuthbert,CHW,R,1B/3B,1B/3B,9,25,23,3.0,0.9,3.2,0.1,5.6,3.6,1.1,0.0,9.5,5.8,1.8,0.2,0.2,0.1,0.0,0.248,0.306,0.415,0.721
648,Jett Bandy,BOS,R,C,C,9,25,22,2.7,0.8,2.8,0.2,5.0,3.2,1.0,0.0,8.3,6.5,1.3,0.5,0.2,0.2,0.1,0.223,0.280,0.371,0.651
649,Rusney Castillo,BOS,R,OF,OF,9,25,23,3.1,0.6,2.8,0.4,6.4,4.5,1.2,0.0,9.4,4.2,1.1,0.2,0.2,0.2,0.2,0.279,0.317,0.412,0.730
650,Esteban Quiroz,SD,L,SS,SS,9,25,22,2.9,0.7,2.8,0.2,5.0,3.2,1.1,0.0,8.4,5.9,2.6,0.3,0.2,0.2,0.1,0.234,0.320,0.391,0.711
651,Kahlil Lee,KC,L,OF,OF,10,25,22,2.7,0.5,2.3,1.2,5.2,3.5,1.0,0.1,8.0,6.8,2.3,0.3,0.2,0.2,0.5,0.237,0.315,0.366,0.681
652,Logan Morrison,MIL,L,OF,OF,9,25,22,3.5,1.4,3.9,0.1,5.3,2.8,1.0,0.0,10.6,5.9,2.4,0.3,0.2,0.1,0.0,0.238,0.318,0.480,0.798
653,Humberto Arteaga,KC,R,SS,SS,9,24,22,2.3,0.2,2.0,0.4,5.8,4.4,1.0,0.1,7.6,4.1,1.0,0.2,0.2,0.2,0.2,0.258,0.292,0.341,0.633
654,Dairon Blanco,KC,R,OF,OF,9,24,22,2.4,0.4,2.2,1.0,5.3,3.6,1.0,0.3,8.0,6.2,1.4,0.2,0.2,0.1,0.4,0.242,0.291,0.367,0.658
655,Devon Travis,FA,R,2B,2B,9,21,19,2.6,0.6,2.5,0.3,5.1,3.3,1.1,0.1,8.3,3.8,1.0,0.2,0.2,0.1,0.1,0.263,0.305,0.425,0.730
656,Daulton Varsho,ARI,L,C,C,9,21,19,2.6,0.7,2.8,0.5,5.0,3.2,1.0,0.2,8.4,3.6,1.4,0.2,0.2,0.1,0.2,0.267,0.324,0.445,0.769
657,Nick Martini,PHI,L,OF,OF,7,20,17,2.5,0.3,1.8,0.1,4.1,2.9,0.8,0.1,6.1,4.7,2.2,0.2,0.1,0.1,0.0,0.240,0.329,0.354,0.683
658,Christian Kelley,PIT,R,C,C,7,16,14,1.4,0.3,1.4,0.1,3.0,2.1,0.5,0.1,4.4,4.2,1.0,0.2,0.1,0.1,0.0,0.207,0.265,0.306,0.571
659,Royce Lewis,MIN,R,SS,SS,6,16,14,1.8,0.3,1.7,0.4,3.5,2.4,0.7,0.1,5.3,3.3,0.8,0.1,0.1,0.1,0.2,0.242,0.286,0.370,0.656
660,Rocky Gale,LAD,R,C,C,6,15,14,1.4,0.2,1.5,0.1,3.1,2.4,0.6,0.0,4.3,3.4,0.7,0.1,0.1,0.1,0.0,0.221,0.258,0.303,0.560
661,Phil Gosselin,PHI,R,2B,SS/OF,6,15,14,1.6,0.3,1.6,0.1,3.3,2.3,0.7,0.1,5.0,3.5,1.2,0.1,0.1,0.1,0.0,0.247,0.309,0.369,0.678
662,Mike Freeman,CLE,L,2B,2B/SS/ 3B/OF,6,15,14,1.6,0.2,1.4,0.2,3.3,2.4,0.6,0.0,4.6,4.0,1.2,0.2,0.1,0.1,0.1,0.242,0.309,0.342,0.650
663,Blake Swihart,TEX,S,C,C/OF,6,15,13,1.5,0.4,1.4,0.2,2.8,1.9,0.5,0.1,4.6,4.4,1.2,0.1,0.1,0.1,0.1,0.213,0.281,0.345,0.625
664,Matt Reynolds,KC,R,SS,SS,6,15,13,1.7,0.2,1.4,0.2,3.2,2.1,0.8,0.1,4.9,3.7,1.4,0.1,0.1,0.1,0.1,0.243,0.318,0.372,0.690
665,Erik Kratz,NYY,R,C,C,6,15,14,1.8,0.5,1.9,0.1,3.2,2.1,0.6,0.0,5.4,3.2,0.9,0.3,0.1,0.1,0.0,0.233,0.289,0.389,0.678
666,Christian Lopes,MIA,R,2b,2b,6,15,13,1.5,0.2,1.3,0.3,3.0,2.0,0.7,0.0,4.5,2.9,1.4,0.2,0.1,0.1,0.1,0.232,0.312,0.345,0.657
667,Beau Taylor,CLE,L,C,C,6,15,13,1.7,0.3,1.5,0.1,2.8,1.9,0.6,0.0,4.4,4.6,1.7,0.1,0.1,0.1,0.0,0.215,0.310,0.332,0.642
668,Trevor Larnach,MIN,L,OF,OF,6,15,14,2.0,0.4,1.8,0.1,3.7,2.5,0.7,0.0,5.8,3.7,1.2,0.1,0.1,0.1,0.0,0.266,0.325,0.417,0.741
669,Brandon Marsh,LAA,L,OF,OF,6,15,14,1.8,0.3,1.5,0.3,3.4,2.3,0.6,0.1,5.1,3.9,1.3,0.1,0.1,0.1,0.1,0.243,0.310,0.366,0.676
670,Austin Jackson,FA,R,OF,OF,6,15,14,1.6,0.2,1.4,0.2,3.2,2.2,0.7,0.1,4.8,4.5,1.2,0.1,0.1,0.1,0.1,0.239,0.304,0.352,0.656
671,Jeter Downs,LAD,R,SS,SS,5,14,13,1.7,0.4,1.6,0.3,3.0,1.9,0.7,0.0,4.8,2.9,1.0,0.2,0.1,0.1,0.2,0.231,0.291,0.371,0.662
672,Oscar Hernandez,STL,R,C,C,5,11,10,1.1,0.3,1.2,0.1,2.1,1.3,0.5,0.0,3.5,2.8,0.7,0.1,0.1,0.1,0.0,0.207,0.263,0.346,0.609
673,Ian Rice,CHC,R,C,C,5,11,10,1.2,0.3,1.2,0.1,2.0,1.3,0.4,0.0,3.3,3.0,1.1,0.1,0.1,0.1,0.0,0.209,0.297,0.344,0.641
674,Ben Deluzio,ARI,R,OF,OF,5,11,10,1.2,0.1,1.1,0.4,2.5,1.7,0.5,0.1,3.6,2.7,0.7,0.1,0.1,0.1,0.2,0.248,0.307,0.363,0.670
675,Donnie Dewees,CHC,L,OF,OF,5,11,10,1.3,0.3,1.3,0.2,2.4,1.6,0.5,0.1,3.8,2.1,0.8,0.1,0.1,0.1,0.1,0.241,0.297,0.378,0.675
676,Austin Bossart,NYM,R,C,C,5,11,10,1.1,0.2,1.1,0.1,2.1,1.4,0.4,0.0,3.2,2.6,0.8,0.1,0.1,0.1,0.0,0.209,0.272,0.323,0.595
677,Brent Rooker,MIN,R,OF,OF,5,11,10,1.6,0.5,1.5,0.1,2.5,1.4,0.5,0.0,4.5,3.5,0.9,0.1,0.1,0.1,0.0,0.245,0.314,0.449,0.763
678,Ronnie Dawson,HOU,L,OF,OF,5,11,10,1.3,0.3,1.2,0.3,2.1,1.4,0.4,0.0,3.5,3.5,0.8,0.2,0.1,0.1,0.1,0.203,0.269,0.336,0.605
679,Chas McCormick,HOU,R,OF,OF,5,11,10,1.5,0.3,1.3,0.2,2.4,1.7,0.4,0.1,3.8,2.0,1.0,0.1,0.1,0.1,0.1,0.244,0.318,0.380,0.698
680,Jace Peterson,MIL,L,2B,2B/3B/ OF,3,9,8,1.1,0.2,1.0,0.2,1.9,1.3,0.4,0.1,3.0,1.9,0.9,0.1,0.1,0.1,0.1,0.242,0.327,0.380,0.707
681,Yadiel Hernandez,WSH,L,OF,OF,3,9,8,1.1,0.3,1.2,0.1,2.2,1.5,0.4,0.0,3.5,2.2,0.8,0.0,0.1,0.1,0.0,0.266,0.333,0.434,0.767
682,Keon Broxton,MIL,R,OF,OF,3,9,8,0.9,0.3,0.9,0.4,1.5,0.9,0.3,0.0,2.7,3.6,0.8,0.1,0.1,0.1,0.1,0.192,0.275,0.340,0.616
683,Lucas Duda,FA,L,1B,1B,3,6,5,0.8,0.3,0.8,0.0,1.2,0.6,0.3,0.0,2.4,1.8,0.5,0.1,0.0,0.0,0.0,0.226,0.303,0.442,0.746
684,Laz Rivera,CHW,R,2B,2B,2,5,5,0.5,0.1,0.5,0.1,1.1,0.8,0.2,0.0,1.6,1.0,0.2,0.1,0.0,0.0,0.1,0.244,0.278,0.342,0.620