#,Name,Team,POS,R/L,G,GS,QS,TBF,IP,W,L,SV,HLD,ERA,SIERA,WHIP,K,BB,H,HBP,ER,R,HR,GB%,FB%,LD%,BABIP
1,Jacob deGrom,NYM,SP,R,11.4,11.4,7.8,315.2,77.5,5.2,3.8,0,0,3.29,2.82,1.09,93.5,18.9,65.4,2.4,28.4,30.9,9,42.7,34.4,20.2,0.292
2,Aaron Nola,PHI,SP,R,11.4,11.4,6.7,310.2,73.0,4.4,4.1,0,0,3.97,3.53,1.28,77.5,24.7,68.4,3.0,32.6,35.3,10,46.9,30.5,19.9,0.296
3,Max Scherzer,WSH,SP,R,10.8,10.8,7.1,294.3,72.4,4.9,3.5,0,0,3.39,2.69,1.06,93.0,17.7,59.2,3.2,27.6,29.6,10,34.1,42.5,20.7,0.285
4,Zack Wheeler,PHI,SP,R,11.4,11.4,6.3,303.2,71.8,4.1,4.2,0,0,4.29,3.55,1.26,69.9,20.2,70.4,2.5,34.5,37.1,11,42.0,35.4,19.9,0.291
5,Trevor Bauer,CIN,SP,R,11.4,11.4,6.5,305.5,71.8,4.1,4.2,0,0,4.06,3.42,1.27,80.6,27.0,64.2,3.8,32.8,35.3,10,42.0,35.3,20.1,0.295
6,Gerrit Cole,NYY,SP,R,11.4,11.4,7.3,288.6,71.8,5.8,2.7,0,0,3.23,2.40,1.04,99.4,19.2,55.2,2.2,26.1,28.2,10,40.8,39.1,20.1,0.286
7,Zack Greinke,HOU,SP,R,11.4,11.4,6.4,302.7,71.8,5.1,3.3,0,0,4.16,3.66,1.23,65.9,16.2,71.9,1.9,34.0,36.6,12,43.4,36.5,20.1,0.295
8,Corey Kluber,TEX,SP,R,11.0,11.0,6.6,297.8,71.5,4.8,3.7,0,0,3.98,3.26,1.21,72.6,18.8,67.5,2.5,31.4,33.8,11,43.5,36.0,20.5,0.296
9,Mike Clevinger,CLE,SP,R,11.4,11.4,6.8,294.5,70.7,5.3,3.2,0,0,3.59,3.17,1.17,85.5,22.8,60.0,2.1,28.8,31.1,9,41.1,38.2,20.7,0.289
10,Madison Bumgarner,ARI,SP,L,11.4,11.4,5.9,303.4,70.7,3.6,4.5,0,0,4.70,3.83,1.31,63.3,19.7,72.8,3.0,36.9,39.3,12,36.5,39.7,21.1,0.295
11,Kyle Gibson,TEX,SP,R,11.4,11.4,6.3,297.9,69.5,4.6,3.8,0,0,4.20,3.70,1.36,63.7,25.7,68.7,2.5,32.1,35.0,9,51.0,28.5,20.5,0.303
12,Joe Musgrove,PIT,SP,R,11.4,11.4,6.0,297.3,69.5,3.6,4.5,0,0,4.48,3.78,1.31,60.1,18.0,73.2,3.3,34.0,36.6,10,42.0,33.9,21.4,0.304
13,Patrick Corbin,WSH,SP,L,11.4,11.4,6.7,292.3,69.5,4.6,3.7,0,0,3.67,3.38,1.25,75.6,22.6,64.1,2.0,28.7,31.3,9,46.0,30.6,20.7,0.300
14,Kyle Hendricks,CHC,SP,R,11.4,11.4,5.8,291.9,68.4,3.9,4.1,0,0,4.45,3.90,1.31,53.0,16.4,73.1,2.9,34.3,36.9,10,43.1,33.5,20.7,0.299
15,Jose Berrios,MIN,SP,R,11.4,11.4,5.9,291.6,68.4,4.7,3.3,0,0,4.35,3.64,1.27,66.7,20.0,67.1,3.6,33.9,36.3,11,41.0,38.2,20.8,0.295
16,Tanner Roark,TOR,SP,R,11.4,11.4,5.3,299.7,68.4,3.7,4.4,0,0,5.16,4.16,1.38,58.1,20.3,74.2,3.7,39.3,41.8,13,40.5,39.1,20.4,0.297
17,Dallas Keuchel,CHW,SP,L,11.4,11.4,5.9,299.3,68.4,4.3,3.7,0,0,4.40,4.13,1.41,52.3,23.1,73.5,2.5,33.4,36.6,9,55.5,24.4,20.1,0.306
18,Stephen Strasburg,WSH,SP,R,11.4,11.4,6.4,280.1,67.3,4.3,3.5,0,0,3.69,3.16,1.19,73.8,18.9,61.5,2.9,28.0,30.3,9,44.0,32.6,20.7,0.298
19,Walker Buehler,LAD,SP,R,11.4,11.4,6.6,277.8,67.3,4.8,3.2,0,0,3.53,3.09,1.15,73.8,17.9,59.2,2.6,26.7,29.0,9,44.2,33.4,19.8,0.292
20,Justin Verlander,HOU,SP,R,10.8,10.8,6.6,271.0,67.0,5.5,2.5,0,0,3.38,2.62,1.03,88.4,15.4,53.4,2.3,25.8,27.6,10,34.0,45.9,20.1,0.281
21,Shane Bieber,CLE,SP,R,11.4,11.4,6.4,271.5,66.1,4.9,2.9,0,0,3.55,3.03,1.12,72.1,12.7,61.2,2.0,26.7,28.9,9,45.7,33.6,20.7,0.296
22,Clayton Kershaw,LAD,SP,L,10.8,10.8,6.4,274.5,65.9,4.5,3.2,0,0,3.64,3.50,1.18,62.6,14.9,62.8,1.6,26.9,29.4,9,45.2,32.3,19.8,0.290
23,Marco Gonzales,SEA,SP,L,11.4,11.4,5.5,281.5,65.0,3.3,4.2,0,0,4.65,4.28,1.35,48.9,18.2,69.8,2.5,33.3,35.8,11,43.5,36.5,20.0,0.294
24,Rick Porcello,NYM,SP,R,11.4,11.4,5.3,281.4,65.0,3.4,4.3,0,0,4.83,4.04,1.34,54.5,17.4,69.6,3.1,34.8,37.2,11,40.7,36.5,20.2,0.297
25,Jon Lester,CHC,SP,L,11.4,11.4,5.2,285.6,65.0,3.5,4.2,0,0,4.85,4.32,1.41,53.8,22.0,69.6,2.3,35.5,38.0,10,41.4,35.2,20.7,0.298
26,Blake Snell,TB,SP,L,11.0,11.0,6.5,268.7,64.9,4.9,3.1,0,0,3.35,3.10,1.17,80.9,23.3,52.4,1.5,24.5,26.6,8,42.4,37.1,20.5,0.288
27,Mike Minor,TEX,SP,L,11.4,11.4,5.6,270.7,63.8,3.9,3.5,0,0,4.40,3.67,1.28,59.8,19.7,61.8,2.5,30.9,33.1,11,38.7,40.8,20.5,0.288
28,Brandon Woodruff,MIL,SP,R,11.4,11.4,5.7,271.8,63.8,3.8,3.7,0,0,4.15,3.51,1.30,65.9,22.8,60.2,2.9,29.7,32.1,9,44.7,31.9,20.7,0.301
29,Mike Fiers,OAK,SP,R,11.4,11.4,4.8,279.5,63.8,3.6,3.9,0,0,5.17,4.34,1.40,48.0,19.9,69.1,3.2,36.9,39.3,12,40.1,39.5,20.4,0.292
30,German Marquez,COL,SP,R,10.8,10.8,5.6,269.5,63.7,3.8,3.7,0,0,4.28,3.32,1.28,62.0,17.9,64.0,2.6,30.6,32.9,10,44.7,30.6,22.0,0.309
31,Reynaldo Lopez,CHW,SP,R,10.8,10.8,5.1,276.1,63.7,3.8,3.8,0,0,4.94,4.01,1.34,60.0,22.3,63.1,2.7,35.0,37.1,12,35.4,44.5,20.1,0.285
32,Johnny Cueto,SF,SP,R,10.8,10.8,5.5,275.5,63.7,3.1,4.3,0,0,4.52,4.21,1.34,49.8,20.0,65.6,3.0,31.3,33.7,10,42.4,34.8,20.1,0.294
33,Dylan Bundy,LAA,SP,R,11.4,11.4,5.4,266.6,62.7,4.2,3.4,0,0,4.44,3.66,1.26,62.4,19.1,59.8,2.5,31.2,33.2,11,37.8,42.2,20.0,0.287
34,Matthew Boyd,DET,SP,L,11.4,11.4,5.5,263.6,62.7,3.8,3.6,0,0,4.36,3.28,1.23,68.6,18.6,58.3,2.7,30.2,32.0,12,34.8,44.5,20.7,0.288
35,Luis Castillo,CIN,SP,R,11.4,11.4,5.8,265.1,62.7,3.7,3.7,0,0,3.92,3.40,1.27,67.0,22.8,57.0,2.4,27.7,30.1,8,47.3,29.9,20.1,0.297
36,Charlie Morton,TB,SP,R,11.4,11.4,6.3,260.7,62.7,4.5,3.0,0,0,3.46,3.05,1.18,71.6,19.9,54.0,3.7,24.4,26.6,7,48.5,31.0,20.5,0.297
37,Chris Paddack,SD,SP,R,11.0,11.0,5.8,261.7,62.7,3.7,3.7,0,0,4.00,3.34,1.19,63.0,16.3,58.0,2.8,27.7,29.8,9,39.3,37.7,20.3,0.289
38,Frankie Montas,OAK,SP,R,10.8,10.8,5.7,264.8,62.6,4.3,3.1,0,0,4.07,3.58,1.29,58.5,20.6,59.9,2.5,28.6,31.0,8,46.8,32.8,20.4,0.297
39,Mike Soroka,ATL,SP,R,10.8,10.8,5.6,267.6,62.6,3.7,3.6,0,0,4.18,3.82,1.32,51.6,17.1,65.5,2.6,29.2,31.8,8,48.7,27.6,21.0,0.302
40,Kyle Freeland,COL,SP,L,10.2,10.2,4.7,278.8,62.2,3.2,4.3,0,0,5.20,4.54,1.52,46.8,24.6,70.0,2.3,36.3,38.9,10,44.3,31.0,22.0,0.309
41,Mike Foltynewicz,ATL,SP,R,10.8,10.8,4.9,268.4,61.6,3.3,4.0,0,0,4.86,4.11,1.38,54.8,20.9,64.1,2.5,33.4,35.6,11,37.8,38.5,21.0,0.293
42,James Paxton,NYY,SP,L,10.8,10.8,5.8,254.7,61.6,4.7,2.9,0,0,3.81,3.01,1.18,72.1,18.6,54.0,1.6,26.5,28.4,10,41.1,38.9,20.1,0.290
43,Sandy Alcantara,MIA,SP,R,10.8,10.8,4.9,272.7,61.6,2.6,4.4,0,0,4.94,4.52,1.48,47.8,26.5,64.6,3.1,33.5,36.0,9,43.5,33.9,19.9,0.296
44,Jack Flaherty,STL,SP,R,11.4,11.4,5.9,256.8,61.6,3.8,3.4,0,0,3.72,3.20,1.20,69.7,20.6,53.2,2.7,25.6,27.6,8,39.6,37.1,20.6,0.288
45,Andrew Heaney,LAA,SP,L,10.2,10.2,5.6,255.2,61.2,4.4,3.1,0,0,3.99,3.25,1.18,66.1,17.2,55.1,2.7,27.3,29.3,10,39.7,40.3,20.0,0.286
46,Sean Manaea,OAK,SP,L,10.2,10.2,5.2,261.8,61.2,4.0,3.4,0,0,4.50,3.88,1.33,49.9,18.2,63.0,2.8,30.8,33.1,10,43.1,36.4,20.4,0.296
47,Cole Hamels,ATL,SP,L,10.2,10.2,5.3,265.9,61.2,3.6,3.8,0,0,4.39,3.98,1.36,56.4,21.1,61.9,3.5,30.0,32.4,9,44.5,31.8,21.0,0.299
48,Jon Gray,COL,SP,R,10.8,10.8,5.2,259.5,60.5,3.5,3.6,0,0,4.45,3.57,1.36,57.6,21.3,60.7,2.3,30.2,32.5,9,45.4,30.0,22.0,0.308
49,Jake Arrieta,PHI,SP,R,10.8,10.8,4.8,264.9,60.5,3.1,4.1,0,0,4.91,4.20,1.44,46.7,22.0,65.1,2.8,33.3,35.9,9,47.8,29.6,19.9,0.299
50,Miles Mikolas,STL,SP,R,9.6,9.6,5.3,256.7,60.5,3.3,3.8,0,0,4.36,3.81,1.29,44.4,12.3,65.5,2.9,29.3,31.7,8,46.0,30.7,20.6,0.301
51,Kevin Gausman,SF,SP,R,10.2,10.2,5.3,257.3,60.2,3.2,4.0,0,0,4.36,3.93,1.31,51.8,19.2,59.6,2.3,28.5,30.8,9,42.8,34.4,20.1,0.294
52,Pablo Lopez,MIA,SP,R,10.2,10.2,5.3,257.4,60.2,3.1,4.0,0,0,4.32,3.86,1.32,48.4,17.5,62.2,3.4,28.6,31.0,8,46.7,30.7,19.9,0.298
53,Carlos Carrasco,CLE,SP,R,9.6,9.6,5.6,247.3,59.5,4.3,2.8,0,0,3.74,3.15,1.16,65.3,13.9,55.2,2.3,25.3,27.4,9,45.2,34.2,20.7,0.296
54,Trevor Williams,PIT,SP,R,10.8,10.8,4.5,263.3,59.4,2.6,4.4,0,0,5.27,4.50,1.45,44.8,19.3,67.1,2.6,34.2,36.4,10,38.5,37.4,21.4,0.303
55,Danny Duffy,KC,SP,L,10.8,10.8,4.9,256.0,59.4,3.3,3.6,0,0,4.77,4.00,1.36,51.7,20.6,60.1,2.5,31.2,33.2,10,37.4,41.9,20.7,0.291
56,Max Fried,ATL,SP,L,10.8,10.8,5.8,252.8,59.4,4.0,3.2,0,0,3.67,3.52,1.31,58.8,21.4,56.5,2.7,24.3,26.8,6,51.6,24.7,21.0,0.304
57,Dylan Cease,CHW,SP,R,10.8,10.8,5.1,259.7,59.4,3.9,3.3,0,0,4.42,4.02,1.39,63.4,27.9,54.9,2.3,29.2,31.5,9,47.1,32.8,20.1,0.295
58,Robbie Ray,ARI,SP,L,11.4,11.4,5.2,256.6,59.3,3.5,3.7,0,0,4.32,3.68,1.36,68.6,28.3,52.3,2.2,28.5,30.5,9,38.0,38.2,21.1,0.293
59,Lucas Giolito,CHW,SP,R,10.8,10.8,5.2,247.9,58.3,3.9,3.0,0,0,4.24,3.43,1.26,67.4,22.4,51.3,2.6,27.4,29.4,9,40.9,39.0,20.1,0.289
60,Kenta Maeda,MIN,SP,R,10.8,10.8,4.8,252.1,58.3,4.0,3.2,0,0,4.59,3.86,1.33,58.9,20.6,56.9,2.3,30.5,32.5,10,38.7,40.5,20.8,0.292
61,Dakota Hudson,STL,SP,R,10.8,10.8,4.9,258.3,58.3,3.0,3.9,0,0,4.61,4.33,1.53,40.8,27.3,62.1,2.9,30.0,32.7,6,53.7,22.9,20.6,0.307
62,Lance Lynn,TEX,SP,R,11.4,11.4,5.6,243.3,58.1,4.0,2.9,0,0,3.84,3.27,1.23,63.0,19.9,51.8,2.4,24.6,26.6,8,43.2,36.3,20.5,0.295
63,Yusei Kikuchi,SEA,SP,L,11.4,11.4,4.7,250.4,58.1,3.1,3.9,0,0,4.77,4.02,1.38,46.7,19.6,60.7,2.1,30.5,32.7,10,44.0,36.0,20.0,0.296
64,Masahiro Tanaka,NYY,SP,R,9.9,9.9,4.9,244.8,57.4,3.8,3.1,0,0,4.50,3.73,1.29,50.4,13.0,60.8,1.9,29.1,31.3,10,46.6,33.4,20.1,0.297
65,Hyun-Jin Ryu,TOR,SP,L,10.8,10.8,5.1,242.2,57.2,3.6,3.1,0,0,4.28,3.65,1.26,51.0,12.8,59.5,1.9,27.3,29.5,9,46.6,33.0,20.4,0.300
66,John Means,BAL,SP,L,10.4,10.4,4.3,249.5,57.2,2.7,3.9,0,0,5.30,4.35,1.38,44.9,16.5,62.4,2.3,33.3,35.3,13,34.8,44.7,20.6,0.285
67,Zac Gallen,ARI,SP,R,10.8,10.8,5.1,244.2,57.2,3.3,3.5,0,0,4.29,3.62,1.31,58.7,21.5,53.3,2.4,27.2,29.3,8,40.5,35.7,21.1,0.294
68,Alex Cobb,BAL,SP,R,10.2,10.2,4.4,249.5,57.1,2.8,3.9,0,0,5.20,4.18,1.43,41.2,16.6,65.3,2.1,32.6,35.0,11,47.2,32.3,20.6,0.303
69,Yu Darvish,CHC,SP,R,11.4,11.4,5.3,237.9,57.0,3.6,3.1,0,0,3.99,3.10,1.22,64.3,19.4,50.4,2.6,25.6,27.4,8,41.3,35.3,20.7,0.295
70,Joey Lucchesi,SD,SP,L,11.4,11.4,4.9,247.7,57.0,3.1,3.7,0,0,4.50,4.10,1.37,50.3,20.8,57.2,2.0,28.3,30.5,8,43.1,33.9,20.3,0.296
71,Julio Teheran,LAA,SP,R,9.9,9.9,4.2,252.9,56.4,3.2,3.5,0,0,5.28,4.65,1.46,48.6,24.1,58.1,3.0,33.3,35.3,11,36.8,43.2,20.0,0.286
72,Dinelson Lamet,SD,SP,R,10.8,10.8,5.3,237.2,56.2,3.6,3.3,0,0,3.90,3.28,1.24,66.4,22.3,47.2,2.6,24.2,26.1,8,39.3,37.7,20.3,0.291
73,Anthony DeSclafani,CIN,SP,R,10.2,10.2,4.6,240.1,56.1,3.0,3.7,0,0,4.63,3.72,1.32,51.8,16.7,57.1,1.9,29.3,31.3,10,40.4,36.8,20.1,0.297
74,Anibal Sanchez,WSH,SP,R,10.2,10.2,4.2,246.4,56.1,2.8,3.9,0,0,5.16,4.31,1.42,45.9,19.1,60.6,2.0,32.6,34.7,11,38.2,38.4,20.7,0.294
75,Josh Lindblom,MIL,SP,R,10.2,10.2,4.6,240.5,56.1,2.9,3.5,0,0,4.68,3.74,1.32,51.4,16.6,57.3,2.3,29.5,31.4,10,39.6,37.0,20.7,0.296
76,Jakob Junis,KC,SP,R,9.5,9.5,4.6,241.8,56.1,3.1,3.5,0,0,4.80,3.86,1.34,49.9,17.1,57.9,3.2,29.7,31.7,10,42.1,37.2,20.7,0.298
77,Sonny Gray,CIN,SP,R,11.4,11.4,5.1,239.3,55.9,3.3,3.4,0,0,4.04,3.59,1.33,57.1,21.9,52.6,2.2,25.5,27.7,7,48.8,28.4,20.1,0.303
78,Steven Matz,NYM,SP,L,10.8,10.8,4.6,238.1,55.1,3.1,3.6,0,0,4.56,3.91,1.35,50.0,18.4,56.0,2.5,27.9,30.0,8,44.1,33.1,20.2,0.298
79,Tyler Glasnow,TB,SP,R,10.8,10.8,5.4,229.9,55.1,4.0,2.8,0,0,3.60,3.11,1.20,68.6,21.2,45.2,1.9,22.3,24.2,7,45.2,34.3,20.5,0.294
80,Mitch Keller,PIT,SP,R,10.8,10.8,5.0,237.4,55.1,3.1,3.6,0,0,4.26,3.74,1.35,56.1,21.1,53.3,2.4,25.7,27.7,7,44.2,31.7,21.4,0.305
81,Lance McCullers Jr.,HOU,SP,R,9.6,9.6,5.3,230.9,54.7,4.3,2.4,0,0,3.64,3.30,1.27,60.8,21.2,48.1,2.6,22.7,24.8,6,52.0,27.9,20.1,0.303
82,Adam Plutko,CLE,SP,R,9.6,9.6,3.8,241.2,54.7,3.0,3.7,0,0,5.56,4.54,1.40,42.8,15.7,60.8,1.8,34.6,36.4,13,31.7,47.7,20.7,0.284
83,Aaron Civale,CLE,SP,R,9.6,9.6,4.5,235.3,54.7,3.5,3.1,0,0,4.58,4.09,1.31,43.4,13.5,58.3,2.0,28.5,30.7,9,44.2,35.1,20.7,0.293
84,Zach Eflin,PHI,SP,R,10.2,10.2,4.0,237.0,54.1,2.6,3.8,0,0,5.20,4.27,1.41,41.7,16.3,60.1,2.3,31.5,33.6,10,41.0,36.4,19.9,0.294
85,Martin Perez,BOS,SP,L,10.8,10.8,4.5,237.2,54.0,3.6,2.9,0,0,4.53,4.30,1.43,43.0,18.9,58.4,1.7,27.8,30.1,8,49.0,29.8,21.2,0.306
86,Jose Urena,MIA,SP,R,9.6,9.6,4.3,236.4,53.8,2.5,3.9,0,0,4.87,4.40,1.43,39.0,18.1,59.0,2.9,28.9,31.1,8,44.4,33.0,19.9,0.300
87,Carlos Martinez,STL,SP,R,9.6,9.6,4.6,234.2,53.8,2.9,3.5,0,0,4.43,4.04,1.42,46.0,22.8,53.8,2.9,26.6,28.8,7,47.1,29.5,20.6,0.301
88,Antonio Senzatela,COL,SP,R,9.6,9.6,3.7,243.1,53.8,2.6,4.0,0,0,5.59,4.68,1.60,32.5,21.9,64.2,2.1,33.7,36.1,9,47.9,27.4,22.0,0.313
89,Ivan Nova,DET,SP,R,9.6,9.6,3.9,237.0,53.8,2.5,3.8,0,0,5.49,4.42,1.45,33.6,13.2,64.9,2.3,32.6,34.8,11,45.6,33.7,20.7,0.306
90,Rich Hill,MIN,SP,L,9.6,9.6,4.7,229.3,53.8,4.0,2.8,0,0,4.29,3.53,1.28,57.0,18.8,50.0,2.9,26.3,28.1,9,39.2,40.0,20.8,0.290
91,Merrill Kelly,ARI,SP,R,9.6,9.6,4.2,235.2,53.8,2.7,3.7,0,0,5.04,4.17,1.42,43.8,18.6,57.8,1.9,30.1,32.1,9,40.4,35.8,21.1,0.302
92,J.A. Happ,NYY,SP,L,9.6,9.6,4.4,231.9,53.8,3.6,3.1,0,0,4.70,3.86,1.33,49.9,16.7,55.1,2.0,28.5,30.4,10,41.3,38.6,20.1,0.293
93,Nathan Eovaldi,BOS,SP,R,10.2,10.2,4.7,225.3,53.0,3.9,2.7,0,0,4.15,3.63,1.30,52.2,17.0,51.8,1.9,25.0,27.0,8,45.2,33.7,21.2,0.300
94,Zack Godley,BOS,SP,R,9.6,9.6,3.9,236.1,52.8,3.2,3.2,0,0,5.12,4.55,1.51,42.0,22.3,57.3,2.6,30.7,32.9,9,45.4,33.4,21.2,0.303
95,Wade LeBlanc,BAL,SP,L,9.6,9.6,3.5,236.6,52.8,2.3,4.0,0,0,5.85,4.78,1.52,35.8,18.2,62.2,1.6,34.0,36.0,12,39.0,40.4,20.6,0.295
96,Zach Plesac,CLE,SP,R,9.6,9.6,4.1,230.6,52.8,3.2,3.2,0,0,4.87,4.26,1.37,43.8,16.3,55.9,2.1,29.2,31.2,10,40.4,38.9,20.7,0.291
97,Asher Wojciechowski,BAL,SP,R,10.2,10.2,3.4,229.3,52.0,2.3,3.8,0,0,5.78,4.28,1.43,45.8,19.6,54.8,2.7,33.0,34.7,13,30.5,49.0,20.6,0.281
98,Derek Holland,PIT,SP,L,9.6,9.6,4.0,232.8,51.8,2.4,3.8,0,0,5.20,4.59,1.52,45.1,23.6,55.2,2.1,29.4,31.4,9,38.3,37.6,21.4,0.301
99,Caleb Smith,MIA,SP,L,10.8,10.8,4.2,226.3,51.8,2.4,3.7,0,0,4.82,4.20,1.36,51.0,20.5,50.0,2.2,27.5,29.1,10,29.7,47.7,19.9,0.280
100,Jake Odorizzi,MIN,SP,R,10.1,10.1,4.3,221.0,51.5,3.6,2.7,0,0,4.48,3.74,1.30,54.1,17.8,48.9,1.8,26.3,27.9,9,33.9,45.3,20.8,0.288
101,Eduardo Rodriguez,BOS,SP,L,9.5,9.5,4.6,220.0,51.3,3.7,2.5,0,0,4.09,3.71,1.30,55.0,18.5,48.4,1.9,23.9,25.7,8,42.1,36.7,21.2,0.296
102,Jeff Samardzija,SF,SP,R,11.4,11.4,3.9,223.5,51.3,2.2,3.7,0,0,5.09,4.40,1.39,37.2,16.1,55.1,1.9,28.4,30.3,9,37.3,39.9,20.1,0.293
103,Adrian Houser,MIL,SP,R,10.2,10.2,4.3,221.9,51.0,3.0,3.3,0,0,4.52,3.92,1.41,44.2,19.6,52.2,2.4,25.9,28.0,7,49.2,27.5,20.7,0.305
104,Julio Urias,LAD,SP,L,9.6,9.6,4.6,218.7,50.9,3.4,2.9,0,0,4.09,3.86,1.32,50.7,20.7,46.3,2.4,23.4,25.3,7,40.9,36.6,19.8,0.286
105,Freddy Peralta,MIL,SP,R,9.6,9.6,4.2,220.7,50.9,2.9,3.3,0,0,4.62,3.67,1.39,57.4,25.9,45.0,2.1,26.4,28.1,8,35.2,41.4,20.7,0.289
106,Michael Wacha,NYM,SP,R,9.0,9.0,4.0,222.4,50.4,2.6,3.5,0,0,5.00,4.37,1.47,40.2,20.2,54.1,1.6,27.9,30.0,8,44.8,32.4,20.2,0.301
107,Jose Quintana,CHC,SP,L,9.3,9.3,4.3,216.3,50.2,3.0,3.1,0,0,4.44,4.02,1.36,41.4,15.9,52.3,1.6,25.1,27.0,7,42.7,33.9,20.7,0.299
108,Chris Bassitt,OAK,SP,R,9.6,9.6,4.3,213.2,49.9,3.3,2.8,0,0,4.42,3.77,1.32,44.3,17.5,48.2,3.0,24.7,26.6,7,43.2,36.4,20.4,0.292
109,Luke Weaver,ARI,SP,R,9.6,9.6,4.3,213.6,49.9,2.9,3.2,0,0,4.41,3.73,1.31,48.1,16.6,49.0,1.8,24.5,26.2,8,40.5,35.7,21.1,0.297
110,Griffin Canning,LAA,SP,R,9.6,9.6,4.4,213.7,49.9,3.5,2.7,0,0,4.26,3.73,1.27,51.2,16.9,46.6,2.5,23.8,25.5,8,41.1,38.9,20.0,0.290
111,Shohei Ohtani,LAA,SP,R,9.6,9.6,4.9,209.5,49.9,3.8,2.4,0,0,3.67,3.24,1.21,61.6,19.5,40.8,2.1,20.5,22.1,7,41.9,38.1,20.0,0.288
112,Jordan Lyles,TEX,SP,R,8.4,8.4,3.9,216.0,49.6,2.9,3.2,0,0,4.99,4.02,1.42,44.1,19.6,50.6,1.8,27.3,29.1,9,40.7,38.8,20.5,0.296
113,Alex Wood,LAD,SP,L,9.0,9.0,4.4,212.6,49.5,3.2,2.8,0,0,4.21,4.03,1.32,39.1,14.0,51.1,2.2,23.5,25.4,7,46.3,31.3,19.8,0.295
114,Zach Davies,SD,SP,R,9.6,9.6,3.6,220.5,49.0,2.3,3.6,0,0,5.26,4.98,1.49,30.7,16.4,56.7,1.9,28.5,30.6,8,43.2,33.8,20.3,0.300
115,Ross Stripling,LAD,SP,R,9.6,9.6,4.4,208.3,49.0,3.3,2.9,0,0,4.18,3.84,1.27,42.0,13.0,49.5,1.4,23.1,25.0,7,45.5,32.1,19.8,0.293
116,Steven Brault,PIT,SP,L,9.6,9.6,3.8,219.5,49.0,2.4,3.6,0,0,5.03,4.59,1.55,39.7,24.4,51.4,2.6,26.9,28.9,7,43.2,32.7,21.4,0.303
117,Glenn Sparkman,KC,SP,R,9.6,9.6,3.3,217.8,49.0,2.4,3.5,0,0,5.66,4.75,1.49,30.2,15.3,57.7,1.9,30.5,32.4,10,41.1,38.2,20.7,0.299
118,Trevor Richards,TB,SP,R,9.6,9.6,3.9,214.1,49.0,2.9,3.1,0,0,4.78,4.16,1.37,44.4,18.0,49.4,2.1,26.3,28.0,9,38.7,40.9,20.5,0.290
119,Gio Gonzalez,CHW,SP,L,9.6,9.6,3.9,218.2,49.0,3.0,3.0,0,0,4.88,4.55,1.47,42.3,20.9,50.9,1.6,26.6,28.6,8,44.5,35.5,20.1,0.298
120,Wade Miley,CIN,SP,L,10.2,10.2,4.1,217.1,49.0,2.7,3.3,0,0,4.56,4.37,1.46,39.5,19.6,52.0,2.0,25.2,27.3,7,49.3,27.9,20.1,0.304
121,Adam Wainwright,STL,SP,R,9.6,9.6,4.0,209.8,48.0,2.5,3.2,0,0,4.64,4.23,1.43,37.6,17.6,50.8,2.0,24.8,26.8,7,45.4,31.3,20.6,0.301
122,Spencer Turnbull,DET,SP,R,9.6,9.6,4.0,208.5,48.0,2.8,3.0,0,0,4.61,3.86,1.39,43.7,18.3,48.4,3.1,24.4,26.3,7,48.0,31.3,20.7,0.304
123,Jaime Barria,LAA,SP,R,9.6,9.6,3.6,210.0,48.0,2.9,3.0,0,0,5.15,4.36,1.36,40.0,15.0,50.3,1.9,27.6,29.2,10,34.4,45.6,20.0,0.283
124,Brendan McKay,TB,SP,L,9.6,9.6,4.6,201.7,48.0,3.4,2.6,0,0,3.82,3.42,1.21,52.4,15.2,43.0,1.7,20.6,22.2,7,41.0,38.6,20.5,0.288
125,Trent Thornton,TOR,SP,R,9.6,9.6,3.7,209.2,48.0,2.9,3.1,0,0,5.00,4.08,1.38,42.9,16.0,50.2,1.9,26.7,28.5,9,40.5,39.0,20.4,0.295
126,Taylor Clarke,ARI,SP,R,9.6,9.6,3.4,212.3,48.0,2.4,3.5,0,0,5.35,4.49,1.47,36.1,18.9,51.6,2.0,28.5,30.3,9,38.6,37.6,21.1,0.292
127,Brad Keller,KC,SP,R,8.1,8.1,4.0,209.7,47.8,2.7,3.0,0,0,4.74,4.28,1.47,36.6,20.2,50.2,2.0,25.0,27.0,6,49.5,29.8,20.7,0.304
128,Jorge Lopez,KC,SP,R,9.6,9.6,3.6,206.4,47.0,2.7,3.1,0,0,5.01,4.25,1.45,37.6,18.2,49.9,2.3,25.9,27.8,7,45.9,33.4,20.7,0.301
129,Jordan Montgomery,NYY,SP,L,10.2,10.2,3.8,202.2,46.9,3.1,2.7,0,0,4.68,3.83,1.34,44.7,15.4,47.5,1.5,24.8,26.4,9,40.4,39.5,20.1,0.294
130,Nate Pearson,TOR,SP,R,9.0,9.0,3.7,202.9,46.8,2.7,2.9,0,0,4.89,3.99,1.35,43.7,15.6,47.5,1.9,25.5,27.1,9,40.3,39.3,20.4,0.291
131,Jesus Luzardo,OAK,SP,L,9.0,9.0,4.4,197.1,46.8,3.4,2.3,0,0,3.85,3.49,1.26,46.9,16.1,42.8,1.9,20.2,21.9,6,45.7,33.8,20.4,0.293
132,Spencer Howard,PHI,SP,R,9.0,9.0,3.8,204.5,46.8,2.5,3.1,0,0,4.74,4.09,1.40,45.2,19.6,45.9,2.0,24.9,26.7,8,42.1,35.3,19.9,0.289
133,Vince Velasquez,PHI,SP,R,9.6,9.6,3.5,200.5,46.1,2.6,3.2,0,0,4.95,3.91,1.37,45.3,17.1,45.9,2.2,25.6,27.2,9,35.5,41.9,19.9,0.286
134,Ryan Yarbrough,TB,SP,L,9.6,9.6,3.9,198.2,46.1,2.9,2.7,0,0,4.42,4.06,1.31,37.3,12.5,47.8,2.4,22.9,24.7,7,43.4,36.2,20.5,0.293
135,Mike Montgomery,KC,SP,L,9.0,9.0,3.6,202.7,45.9,2.6,3.0,0,0,4.90,4.42,1.48,32.0,17.8,50.3,2.4,24.8,26.8,6,49.6,29.7,20.7,0.304
136,Brett Anderson,MIL,SP,L,9.6,9.6,3.7,196.2,45.1,2.5,2.9,0,0,4.62,4.04,1.45,27.1,13.3,52.1,1.5,23.4,25.5,6,53.2,23.4,20.7,0.312
137,Erick Fedde,WSH,SP,R,9.6,9.6,3.4,195.6,44.2,2.4,3.0,0,0,4.90,4.45,1.50,30.3,16.8,49.4,1.6,24.4,26.3,6,48.9,27.6,20.7,0.305
138,Garrett Richards,SD,SP,R,9.2,9.2,4.1,189.3,44.2,2.7,2.7,0,0,4.05,3.73,1.34,42.7,17.9,41.3,1.6,19.8,21.5,5,48.1,28.9,20.3,0.300
139,Michael Fulmer,DET,SP,R,8.4,8.4,3.7,187.8,43.7,2.5,2.7,0,0,4.61,3.82,1.35,37.6,13.5,45.5,2.0,22.2,23.9,7,46.1,33.3,20.7,0.302
140,Tyler Chatwood,CHC,SP,R,9.0,9.0,3.5,194.3,43.2,2.5,2.8,0,0,4.70,4.56,1.58,37.2,25.1,43.2,2.0,22.9,24.8,5,50.6,26.0,20.7,0.305
141,Austin Voth,WSH,SP,R,8.4,8.4,3.6,184.6,42.8,2.5,2.7,0,0,4.55,4.02,1.35,37.6,14.8,43.2,1.7,21.9,23.5,7,40.5,36.1,20.7,0.291
142,Carlos Rodon,CHW,SP,L,12.0,6.0,3.0,183.6,42.6,2.6,2.4,0,1,4.58,3.72,1.35,42.6,17.0,40.5,2.0,21.7,23.2,7,42.9,37.0,20.1,0.295
143,Trevor Cahill,SF,SP,R,8.0,8.0,3.5,186.1,42.4,2.1,3.0,0,0,4.72,4.25,1.45,33.5,17.9,43.6,2.0,21.7,23.6,6,49.1,28.1,20.1,0.303
144,Drew Smyly,SF,SP,L,8.4,8.4,3.4,182.2,42.0,2.1,3.0,0,0,4.80,4.09,1.36,39.2,16.6,40.7,1.3,21.9,23.3,8,33.9,43.3,20.1,0.286
145,Justus Sheffield,SEA,SP,L,8.4,8.4,3.5,185.3,42.0,2.2,2.8,0,0,4.69,4.36,1.49,36.7,20.8,41.8,1.5,21.7,23.4,6,47.0,33.0,20.0,0.297
146,Logan Webb,SF,SP,R,8.4,8.4,3.7,182.9,42.0,2.2,2.9,0,0,4.41,4.21,1.42,33.8,17.4,42.2,1.6,20.1,21.9,5,49.3,27.9,20.1,0.300
147,Kendall Graveman,SEA,SP,R,8.4,8.4,3.3,180.1,41.2,2.1,2.8,0,0,4.81,4.20,1.41,30.8,12.6,45.4,1.9,21.8,23.6,7,49.3,30.7,20.0,0.303
148,Ryan Weber,BOS,SP,R,7.8,7.8,3.2,178.9,40.6,2.6,2.4,0,0,4.81,4.38,1.43,26.9,11.4,46.6,2.1,22.2,24.1,6,50.8,28.0,21.2,0.306
149,Justin Dunn,SEA,SP,R,7.8,7.8,3.2,178.7,40.6,2.2,2.8,0,0,4.97,4.25,1.44,36.8,18.0,40.3,2.0,22.2,23.8,7,42.1,37.9,20.0,0.291
150,Elieser Hernandez,MIA,SP,R,9.6,9.6,3.1,176.2,40.3,1.9,3.0,0,0,4.99,4.18,1.38,36.2,15.0,40.5,2.4,22.1,23.5,8,33.5,43.9,19.9,0.285
151,Josh James,HOU,SP,R,7.8,7.8,3.6,170.6,39.8,3.0,1.9,0,0,4.04,3.53,1.31,48.9,19.2,32.8,1.9,18.3,19.7,6,42.0,37.9,20.1,0.289
152,Daniel Norris,DET,SP,L,8.8,8.8,3.1,172.0,39.6,2.3,2.7,0,0,4.95,4.02,1.40,34.3,13.6,41.8,1.4,21.7,23.1,7,40.7,38.6,20.7,0.300
153,Matt Shoemaker,TOR,SP,R,9.0,9.0,3.0,172.2,39.6,2.3,2.5,0,0,5.00,4.04,1.35,35.4,11.7,41.9,1.7,22.0,23.5,8,40.0,39.5,20.4,0.295
154,Brian Johnson,BOS,SP,L,8.4,8.4,2.7,177.2,39.5,2.4,2.5,0,0,5.32,4.72,1.51,31.5,16.6,43.0,1.3,23.9,25.4,8,38.9,39.9,21.2,0.295
155,Taijuan Walker,SEA,SP,R,7.8,7.8,3.0,169.9,39.0,2.0,2.7,0,0,4.97,4.09,1.39,33.4,13.5,40.6,1.9,21.4,22.8,7,41.9,38.1,20.0,0.295
156,Jeff Hoffman,COL,SP,R,7.8,7.8,2.7,174.3,39.0,2.0,2.8,0,0,5.45,4.30,1.52,33.0,17.4,41.8,2.0,23.8,25.3,7,40.1,35.2,22.0,0.303
157,Yonny Chirinos,TB,SP,R,8.4,8.4,3.4,164.3,38.6,2.5,2.2,0,0,4.30,3.81,1.29,32.9,10.4,39.5,1.4,18.6,20.1,6,46.1,33.5,20.5,0.296
158,Sean Newcomb,ATL,SP,L,12.0,6.0,2.7,168.3,38.4,2.2,2.3,0,1,4.47,4.17,1.42,36.9,17.1,37.6,1.4,19.2,20.6,5,41.9,34.3,21.0,0.296
159,Chad Kuhl,PIT,SP,R,12.0,6.0,2.6,164.3,37.8,1.9,2.5,0,1,4.72,3.91,1.39,35.7,13.8,38.6,1.6,19.5,20.8,6,39.0,36.9,21.4,0.303
160,Alec Mills,CHC,SP,R,10.8,4.8,1.9,158.8,36.5,1.9,2.2,0,1,4.72,4.09,1.38,29.9,12.8,37.7,1.8,19.4,20.8,6,41.7,34.9,20.7,0.294
161,Jose Urquidy,HOU,SP,R,7.0,7.0,3.2,153.1,36.4,2.7,1.8,0,0,4.25,3.50,1.22,36.6,9.6,34.7,1.2,17.6,18.9,6,40.0,39.9,20.1,0.289
162,Corbin Burnes,MIL,SP,R,10.8,4.8,2.1,146.4,34.0,1.8,2.1,0,1,4.45,3.69,1.37,32.4,13.9,32.9,1.4,17.0,18.3,5,45.3,31.3,20.7,0.298
163,Jordan Yamamoto,MIA,SP,R,6.4,6.4,2.7,146.4,33.3,1.6,2.4,0,0,4.85,4.25,1.43,29.6,14.0,33.5,1.9,17.8,19.0,5,39.9,37.5,19.9,0.293
164,Eric Lauer,MIL,SP,L,6.5,6.5,2.5,141.7,32.5,1.8,2.2,0,0,4.88,4.07,1.42,27.8,12.7,33.5,1.3,17.8,19.0,6,38.8,37.8,20.7,0.295
165,Brady Singer,KC,SP,R,6.0,6.0,2.5,136.5,31.2,1.8,2.0,0,0,4.80,4.24,1.44,22.5,11.2,33.7,1.7,16.5,17.8,4,50.3,29.0,20.7,0.302
166,Dean Kremer,BAL,SP,R,6.0,6.0,2.2,138.2,31.2,1.5,2.2,0,0,5.43,4.35,1.49,27.0,13.9,32.6,1.2,18.6,19.8,6,40.3,39.1,20.6,0.291
167,Tommy Milone,BAL,SP,L,9.6,3.6,1.3,135.7,31.1,1.4,2.0,0,1,5.42,4.15,1.40,24.6,8.8,34.7,1.0,18.5,19.6,7,36.7,42.8,20.6,0.291
168,Marcus Stroman,NYM,SP,R,5.7,5.7,2.8,132.1,30.8,1.8,1.8,0,0,4.06,3.72,1.37,24.8,10.2,32.1,0.9,13.9,15.3,3,55.0,22.2,20.2,0.309
169,Patrick Sandoval,LAA,SP,L,10.8,4.8,2.1,129.2,30.0,2.0,1.6,0,1,4.09,3.90,1.35,29.4,12.8,27.7,1.1,13.7,14.9,4,46.5,33.5,20.0,0.291
170,Tyler Alexander,DET,SP,L,10.8,4.8,2.0,125.8,29.2,1.6,1.8,0,1,4.87,4.02,1.34,22.3,7.0,32.0,1.5,15.7,16.8,5,41.8,37.5,20.7,0.297
171,Tyler Duffey,MIN,RP,R,22.2,0.0,0.0,120.6,28.9,1.7,1.2,0,4,3.73,2.96,1.20,32.4,8.2,26.4,1.2,12.3,13.3,4,44.0,35.2,20.8,0.299
172,Jesse Chavez,TEX,RP,R,24.0,0.0,0.0,123.9,28.8,1.4,1.4,1,4,4.47,3.67,1.31,26.4,8.4,29.4,1.0,14.2,15.2,5,42.3,37.2,20.5,0.296
173,Junior Guerra,ARI,RP,R,24.0,0.0,0.0,125.9,28.8,1.3,1.5,0,5,4.67,3.92,1.41,26.5,12.0,28.6,1.1,14.9,16.0,4,39.3,36.9,21.1,0.296
174,Jonathan Loaisiga,NYY,SP,R,10.2,4.2,1.8,121.6,28.8,1.9,1.5,0,1,4.13,3.26,1.26,31.8,10.1,26.3,1.2,13.4,14.4,4,45.1,34.9,20.1,0.295
175,Eric Skoglund,KC,SP,L,6.6,4.8,1.7,126.9,28.6,1.3,2.0,0,0,5.54,4.75,1.49,17.1,9.8,32.9,1.4,17.4,18.6,5,40.1,39.2,20.7,0.294
176,Chase Anderson,TOR,SP,R,5.4,5.4,2.0,126.2,28.6,1.5,2.0,0,0,5.48,4.33,1.41,24.4,9.7,30.7,1.3,17.5,18.4,6,34.5,45.0,20.4,0.289
177,Tyler Mahle,CIN,SP,R,12.0,3.0,1.2,120.2,28.2,1.5,1.6,0,1,4.27,3.48,1.28,28.2,8.6,27.4,1.2,13.6,14.6,4,42.6,34.6,20.1,0.297
178,Chris Stratton,PIT,RP,R,16.2,1.2,0.5,120.0,27.5,1.2,1.6,0,1,4.66,3.99,1.42,23.3,9.7,29.3,0.8,14.0,15.1,4,42.9,33.0,21.4,0.306
179,Sam Gaviglio,TOR,RP,R,21.0,0.0,0.0,117.3,27.3,1.4,1.3,0,3,4.53,3.61,1.31,24.3,6.8,28.9,1.2,13.8,14.8,4,46.3,33.2,20.4,0.302
180,Kwang-Hyun Kim,STL,RP,L,21.0,0.0,0.0,112.6,27.3,1.4,1.3,4,3,3.53,2.99,1.17,27.7,6.6,25.3,0.8,10.7,11.7,3,42.2,34.5,20.6,0.295
181,Seth Lugo,NYM,RP,R,22.2,0.0,0.0,111.1,26.6,1.3,1.2,1,4,3.73,3.07,1.19,29.0,7.1,24.5,1.1,11.0,11.9,4,41.5,35.7,20.2,0.297
182,Mychal Givens,BAL,RP,R,24.0,0.0,0.0,111.1,26.4,1.3,1.2,4,2,4.05,3.05,1.27,30.9,10.8,22.7,1.2,11.8,12.6,4,39.6,39.8,20.6,0.288
183,John Gant,STL,RP,R,24.0,0.0,0.0,113.6,26.4,1.2,1.3,1,5,4.14,3.77,1.38,24.0,11.0,25.3,0.9,12.2,13.2,3,44.3,32.4,20.6,0.295
184,Nick Wittgren,CLE,RP,R,24.0,0.0,0.0,113.6,26.4,1.4,1.2,0,5,4.41,3.70,1.31,25.3,8.5,26.1,0.9,13.2,14.1,4,39.6,39.7,20.7,0.292
185,Raisel Iglesias,CIN,RP,R,24.0,0.0,0.0,111.2,26.4,1.3,1.3,11,0,4.02,3.10,1.24,29.6,9.5,23.4,1.0,12.0,12.8,4,38.0,39.2,20.1,0.289
186,Diego Castillo,TB,RP,R,24.0,0.0,0.0,108.9,26.4,1.5,1.1,4,6,3.19,2.78,1.16,32.1,9.2,21.4,1.1,9.5,10.4,3,47.8,31.7,20.5,0.294
187,Richard Bleier,BAL,RP,L,24.0,0.0,0.0,113.7,26.4,1.3,1.3,0,4,4.42,3.68,1.41,16.6,7.3,29.9,1.2,12.8,14.0,3,54.9,24.5,20.6,0.309
188,Shun Yamaguchi,TOR,RP,R,16.8,1.8,0.7,112.2,25.7,1.3,1.4,0,1,4.76,3.84,1.38,25.3,9.7,25.7,1.3,13.6,14.5,4,42.3,37.2,20.4,0.297
189,Nick Pivetta,PHI,SP,R,9.6,3.6,1.5,109.4,25.6,1.4,1.5,0,1,4.43,3.55,1.33,26.1,9.2,24.7,1.0,12.7,13.6,4,42.8,34.6,19.9,0.294
190,Erik Swanson,SEA,RP,R,16.2,1.2,0.5,107.4,25.5,1.2,1.4,0,1,4.40,3.40,1.25,24.7,7.4,24.4,0.9,12.4,13.2,5,38.5,41.6,20.0,0.285
191,Brad Peacock,HOU,SP,R,4.8,4.8,2.0,111.0,25.4,1.4,1.7,0,0,4.75,3.99,1.39,25.9,11.0,24.3,1.1,13.7,14.6,4,40.0,39.9,20.1,0.294
192,Josh Hader,MIL,RP,L,21.0,0.0,0.0,101.9,25.2,1.4,1.0,11,1,3.04,2.08,1.06,39.2,10.2,16.6,1.0,8.6,9.2,3,31.3,45.3,20.7,0.277
193,Yusmeiro Petit,OAK,RP,R,21.0,0.0,0.0,108.6,25.2,1.3,1.2,0,5,4.71,3.97,1.30,21.6,6.6,26.1,0.7,13.3,14.1,5,34.2,45.4,20.4,0.287
194,A.J. Puk,OAK,SP,L,4.8,4.8,2.3,107.0,25.0,1.8,1.3,0,0,4.04,3.68,1.32,26.8,11.1,22.0,1.1,11.3,12.2,3,42.8,36.8,20.4,0.290
195,Shaun Anderson,SF,SP,R,4.8,4.8,2.1,109.0,25.0,1.5,1.6,0,0,4.70,4.42,1.41,18.0,9.3,26.1,0.9,12.7,13.8,4,45.0,32.2,20.1,0.294
196,Tanner Houck,BOS,SP,R,4.8,4.8,1.8,112.9,25.0,1.5,1.5,0,0,5.13,4.76,1.54,19.9,12.0,26.4,1.5,14.6,15.6,4,46.6,32.2,21.2,0.298
197,Logan Allen,CLE,SP,L,6.6,3.6,1.5,108.4,24.7,1.5,1.4,0,0,4.55,4.22,1.39,22.1,9.8,24.6,1.2,12.8,13.7,4,43.9,35.4,20.7,0.291
198,Roenis Elias,WSH,RP,L,20.4,0.0,0.0,106.2,24.5,1.2,1.2,1,3,4.41,3.88,1.37,21.8,9.1,24.3,1.2,12.2,13.0,4,39.4,37.2,20.7,0.291
199,Scott Barlow,KC,RP,R,22.2,0.0,0.0,104.4,24.4,1.2,1.1,2,4,4.13,3.46,1.33,27.0,11.0,21.3,1.1,11.1,11.9,3,40.3,39.0,20.7,0.290
200,Shane Greene,ATL,RP,R,24.0,0.0,0.0,103.4,24.0,1.2,1.1,1,4,4.18,3.65,1.33,23.1,8.0,23.9,1.1,11.2,12.1,3,43.1,33.2,21.0,0.299
201,Tommy Kahnle,NYY,RP,R,24.0,0.0,0.0,100.1,24.0,1.4,1.0,0,6,3.57,2.86,1.20,30.3,9.0,19.8,0.9,9.7,10.4,3,44.9,35.1,20.1,0.293
202,Kyle Ryan,CHC,RP,L,24.0,0.0,0.0,105.3,24.0,1.2,1.2,0,4,4.18,4.01,1.46,19.9,10.9,24.1,1.0,11.3,12.3,3,50.7,25.9,20.7,0.303
203,Hansel Robles,LAA,RP,R,24.0,0.0,0.0,102.7,24.0,1.3,1.1,9,1,4.21,3.53,1.28,25.7,8.9,21.7,0.9,11.3,12.1,4,37.0,43.0,20.0,0.285
204,Adam Ottavino,NYY,RP,R,24.0,0.0,0.0,104.0,24.0,1.3,1.1,0,6,4.32,3.45,1.35,29.3,11.8,20.5,1.2,11.7,12.5,4,40.6,39.3,20.1,0.292
205,Jairo Diaz,COL,RP,R,24.0,0.0,0.0,104.1,24.0,1.2,1.2,1,4,4.30,3.56,1.40,23.3,10.2,23.5,1.0,11.6,12.5,3,47.3,28.1,22.0,0.308
206,Matt Barnes,BOS,RP,R,24.0,0.0,0.0,101.2,24.0,1.4,0.9,1,6,3.33,3.02,1.23,33.5,10.8,18.7,0.9,9.1,9.9,3,45.5,33.4,21.2,0.298
207,Alex Claudio,MIL,RP,L,24.0,0.0,0.0,105.3,24.0,1.1,1.2,0,5,4.28,3.92,1.45,15.6,8.3,26.6,1.1,11.5,12.6,3,55.5,21.2,20.7,0.310
208,Taylor Rogers,MIN,RP,L,24.0,0.0,0.0,99.5,24.0,1.4,0.9,11,0,3.37,2.79,1.16,28.5,6.9,21.0,1.2,9.2,10.0,3,46.6,32.6,20.8,0.301
209,Brandon Brennan,SEA,RP,R,24.0,0.0,0.0,104.1,24.0,1.1,1.2,0,4,4.16,3.80,1.41,22.8,11.2,22.6,0.9,11.0,12.0,3,51.0,29.0,20.0,0.298
210,Roberto Osuna,HOU,RP,R,24.0,0.0,0.0,99.2,24.0,1.4,0.9,11,0,3.55,2.87,1.12,28.4,6.4,20.4,1.1,9.7,10.4,3,40.2,39.7,20.1,0.288
211,Scott Oberg,COL,RP,R,24.0,0.0,0.0,104.0,24.0,1.2,1.2,3,4,4.40,3.61,1.41,21.6,9.5,24.3,0.9,11.8,12.8,3,48.0,27.4,22.0,0.309
212,Amir Garrett,CIN,RP,L,24.0,0.0,0.0,102.4,24.0,1.2,1.2,0,5,3.97,3.26,1.32,27.9,11.0,20.7,1.0,10.7,11.6,3,42.7,34.5,20.1,0.295
213,Jose Leclerc,TEX,RP,R,24.0,0.0,0.0,101.0,24.0,1.4,1.0,7,0,3.50,2.90,1.23,32.9,12.2,17.4,1.2,9.2,9.9,3,36.6,42.9,20.5,0.282
214,Carlos Estevez,COL,RP,R,24.0,0.0,0.0,103.1,24.0,1.2,1.2,1,4,4.41,3.40,1.35,24.7,9.6,22.8,1.0,11.9,12.7,4,40.1,35.2,22.0,0.301
215,Edwin Diaz,NYM,RP,R,24.0,0.0,0.0,97.5,24.0,1.3,1.0,9,0,3.03,2.30,1.07,35.0,8.6,17.1,1.2,8.1,8.8,3,39.9,37.2,20.2,0.287
216,Buck Farmer,DET,RP,R,24.0,0.0,0.0,103.9,24.0,1.2,1.2,0,5,4.46,3.67,1.36,24.0,9.3,23.3,1.0,11.8,12.7,4,42.3,37.0,20.7,0.297
217,Michael Lorenzen,CIN,RP,R,24.0,0.0,0.0,104.0,24.0,1.1,1.2,2,5,4.35,3.69,1.38,22.1,9.3,23.8,1.0,11.8,12.7,3,46.6,30.7,20.1,0.301
218,Zack Britton,NYY,RP,L,24.0,0.0,0.0,102.8,24.0,1.4,1.0,3,6,3.36,3.26,1.38,22.8,10.5,22.6,0.9,9.1,10.2,2,63.7,16.3,20.1,0.311
219,Pedro Baez,LAD,RP,R,24.0,0.0,0.0,103.2,24.0,1.2,1.1,0,5,4.38,3.77,1.30,23.0,9.0,22.3,1.0,11.8,12.6,4,35.1,42.4,19.8,0.279
220,Anthony Bass,TOR,RP,R,24.0,0.0,0.0,103.1,24.0,1.2,1.1,2,4,4.26,3.64,1.32,22.9,7.8,24.0,0.8,11.4,12.3,3,47.4,32.2,20.4,0.300
221,Ty Buttrey,LAA,RP,R,24.0,0.0,0.0,100.2,24.0,1.4,1.0,1,6,3.51,3.07,1.20,27.3,8.7,20.1,1.1,9.4,10.2,3,45.9,34.1,20.0,0.289
222,Nick Anderson,TB,RP,R,24.0,0.0,0.0,97.7,24.0,1.4,1.0,6,2,3.19,2.46,1.07,32.6,7.6,18.1,0.9,8.6,9.2,3,36.3,43.2,20.5,0.281
223,Jose Cisnero,DET,RP,R,24.0,0.0,0.0,105.0,24.0,1.1,1.2,0,4,4.69,3.78,1.42,24.4,11.2,22.9,1.1,12.4,13.3,4,40.7,38.6,20.7,0.296
224,Emilio Pagan,SD,RP,R,24.0,0.0,0.0,98.9,24.0,1.2,1.1,1,5,3.69,2.81,1.12,28.6,7.1,19.8,0.9,9.8,10.4,4,32.3,44.7,20.3,0.280
225,Adam Cimber,CLE,RP,R,24.0,0.0,0.0,104.6,24.0,1.2,1.1,0,5,4.42,3.97,1.38,17.8,7.4,25.8,1.3,12.0,13.1,3,51.0,28.3,20.7,0.301
226,Jalen Beeks,TB,RP,L,10.2,1.2,0.5,103.1,24.0,1.3,1.2,0,1,4.05,3.75,1.32,22.7,8.8,22.8,1.1,10.9,11.8,3,44.9,34.6,20.5,0.291
227,Alex Colome,CHW,RP,R,24.0,0.0,0.0,103.4,24.0,1.2,1.1,9,0,4.27,3.60,1.33,24.2,8.7,23.2,1.0,11.4,12.3,4,44.7,35.2,20.1,0.299
228,Ian Kennedy,KC,RP,R,24.0,0.0,0.0,101.7,24.0,1.2,1.1,7,1,4.42,3.35,1.26,24.5,7.2,23.0,0.9,11.7,12.4,4,35.8,43.5,20.7,0.290
229,Daniel Hudson,WSH,RP,R,24.0,0.0,0.0,104.5,24.0,1.1,1.2,4,4,4.47,3.80,1.38,23.5,10.0,23.0,1.3,12.1,12.9,4,38.4,38.2,20.7,0.292
230,Kirby Yates,SD,RP,R,24.0,0.0,0.0,99.3,24.0,1.3,1.1,11,0,3.39,2.73,1.12,30.5,7.7,19.1,1.3,9.0,9.7,3,39.4,37.5,20.3,0.288
231,Brad Hand,CLE,RP,L,24.0,0.0,0.0,100.5,24.0,1.4,1.0,11,0,3.63,2.92,1.18,29.6,8.2,20.2,1.3,9.9,10.6,3,40.2,39.1,20.7,0.290
232,Matt Strahm,SD,RP,L,19.8,0.0,0.0,99.8,23.8,1.2,1.1,0,4,3.97,3.20,1.20,24.2,6.7,21.8,1.2,10.4,11.2,4,36.8,40.2,20.3,0.288
233,Chad Green,NYY,RP,R,19.8,0.0,0.0,96.6,23.8,1.4,0.9,0,3,3.43,2.35,1.07,31.8,6.5,18.9,0.9,9.2,9.8,4,37.4,42.6,20.1,0.284
234,Lucas Sims,CIN,RP,R,17.4,0.6,0.3,98.6,23.3,1.2,1.2,0,3,3.99,3.08,1.24,28.5,9.6,19.3,1.2,10.5,11.2,4,35.0,42.2,20.1,0.283
235,Marcus Walden,BOS,RP,R,21.0,0.0,0.0,99.8,23.1,1.2,1.0,1,3,4.12,3.70,1.37,21.5,8.8,22.7,1.1,10.8,11.8,3,50.1,28.7,21.2,0.303
236,Keynan Middleton,LAA,RP,R,21.0,0.0,0.0,100.9,23.1,1.2,1.1,0,2,4.60,3.95,1.39,22.4,10.3,21.8,0.9,11.9,12.7,4,38.9,41.1,20.0,0.286
237,Trevor Gott,SF,RP,R,22.8,0.0,0.0,98.3,22.8,1.0,1.2,1,4,3.99,3.76,1.34,21.8,9.3,21.2,1.1,9.9,10.8,3,46.1,31.1,20.1,0.296
238,Luis Cessa,NYY,RP,R,14.3,1.1,0.4,98.8,22.7,1.2,1.2,0,2,4.73,3.83,1.38,20.5,7.9,23.5,0.9,12.1,13.0,4,45.3,34.6,20.1,0.297
239,Kevin McCarthy,KC,RP,R,20.4,0.0,0.0,97.8,22.4,1.1,1.1,0,3,4.53,4.01,1.47,14.4,8.1,24.8,0.8,11.2,12.2,3,54.7,24.6,20.7,0.308
240,Miguel Castro,BAL,RP,R,20.4,0.0,0.0,98.7,22.4,1.0,1.1,1,3,4.83,4.02,1.50,20.9,11.4,22.1,0.9,11.9,12.8,3,45.8,33.6,20.6,0.298
241,Blake Treinen,LAD,RP,R,22.2,0.0,0.0,93.2,22.2,1.2,1.0,1,4,3.56,3.21,1.27,22.3,8.3,19.8,0.8,8.9,9.7,2,50.7,26.9,19.8,0.297
242,Rafael Montero,TEX,RP,R,22.2,0.0,0.0,93.9,22.2,1.2,1.0,1,4,3.97,3.22,1.28,24.1,8.5,19.9,0.9,9.7,10.5,3,42.8,36.7,20.5,0.295
243,Robert Stephenson,CIN,RP,R,22.2,0.0,0.0,95.3,22.2,1.1,1.1,0,3,4.21,3.37,1.32,26.0,10.1,19.2,0.8,10.5,11.2,3,35.4,41.8,20.1,0.286
244,Sean Doolittle,WSH,RP,L,22.2,0.0,0.0,93.8,22.2,1.1,1.1,7,0,4.17,3.41,1.22,23.5,6.6,20.6,0.8,10.4,11.0,4,30.1,46.4,20.7,0.282
245,Kenley Jansen,LAD,RP,R,22.2,0.0,0.0,92.5,22.2,1.2,1.0,11,0,3.97,3.15,1.15,23.9,6.0,19.6,0.9,9.9,10.6,4,34.3,43.3,19.8,0.278
246,Matt Magill,SEA,RP,R,22.2,0.0,0.0,94.6,22.2,1.1,1.1,4,3,4.25,3.37,1.30,23.6,8.7,20.2,0.9,10.4,11.1,4,39.8,40.2,20.0,0.290
247,Pedro Strop,CIN,RP,R,22.2,0.0,0.0,96.7,22.2,1.0,1.1,1,3,4.33,3.71,1.39,21.6,9.6,21.3,1.2,10.8,11.7,3,45.7,31.6,20.1,0.300
248,Jeurys Familia,NYM,RP,R,22.2,0.0,0.0,96.2,22.2,1.1,1.1,0,4,4.11,3.68,1.41,22.3,10.7,20.6,0.9,10.1,11.0,2,48.3,28.9,20.2,0.303
249,Tyler Rogers,SF,RP,R,22.2,0.0,0.0,97.4,22.2,1.0,1.2,2,4,4.29,4.06,1.47,16.0,9.8,22.7,1.2,10.3,11.4,2,54.5,22.7,20.1,0.304
250,Kevin Ginkel,ARI,RP,R,22.2,0.0,0.0,94.5,22.2,1.1,1.1,0,3,4.02,3.26,1.30,25.4,9.5,19.3,0.9,9.9,10.6,3,38.3,37.9,21.1,0.293
251,Josh Taylor,BOS,RP,L,22.2,0.0,0.0,95.1,22.2,1.3,0.9,0,3,3.76,3.49,1.31,25.1,9.3,19.7,0.9,9.5,10.3,3,44.8,34.0,21.2,0.295
252,Ryan Helsley,STL,RP,R,22.2,0.0,0.0,95.3,22.2,1.1,1.1,2,5,4.15,3.62,1.35,22.6,9.6,20.2,0.7,10.3,11.0,3,39.3,37.3,20.6,0.289
253,Austin Pruitt,HOU,SP,R,10.8,1.8,0.7,94.4,22.0,1.3,1.1,0,1,4.35,3.76,1.32,18.8,6.1,22.8,0.8,10.9,11.8,3,48.1,31.8,20.1,0.302
254,Robbie Erlin,PIT,RP,L,10.2,1.2,0.5,93.7,21.8,1.0,1.2,0,1,4.41,3.85,1.35,17.0,5.9,23.6,0.8,10.5,11.3,3,44.5,31.4,21.4,0.307
255,Cody Reed,CIN,RP,L,16.8,0.0,0.0,93.0,21.8,1.1,1.0,0,2,3.85,3.34,1.33,22.2,8.9,20.1,1.0,9.5,10.3,3,49.6,27.6,20.1,0.301
256,T.J. McFarland,OAK,RP,L,16.8,0.0,0.0,96.9,21.8,1.1,1.0,0,3,4.47,4.34,1.53,12.7,8.5,24.8,0.8,10.9,12.0,2,56.1,23.5,20.4,0.310
257,Clay Holmes,PIT,RP,R,16.8,0.0,0.0,97.1,21.8,1.0,1.1,0,2,4.26,4.01,1.52,20.6,11.7,21.4,1.3,10.2,11.1,2,53.0,22.9,21.4,0.313
258,Ranger Suarez,PHI,RP,L,16.8,0.0,0.0,93.1,21.8,1.1,1.0,0,3,4.02,3.59,1.33,18.6,6.9,22.1,0.9,9.8,10.7,3,49.8,27.6,19.9,0.297
259,Brandon Workman,BOS,RP,R,24.0,0.0,0.0,93.0,21.6,1.2,0.9,9,1,3.80,3.49,1.31,26.5,9.8,18.6,0.8,9.3,10.1,3,44.1,34.7,21.2,0.298
260,Archie Bradley,ARI,RP,R,24.0,0.0,0.0,93.1,21.6,1.0,1.0,9,1,4.13,3.55,1.35,22.1,8.9,20.3,0.9,9.9,10.7,3,44.0,32.2,21.1,0.302
261,Kyle Crick,PIT,RP,R,24.0,0.0,0.0,95.0,21.6,1.0,1.1,2,4,4.57,3.82,1.44,22.7,10.7,20.3,1.3,10.8,11.5,3,39.1,36.9,21.4,0.300
262,Joe Jimenez,DET,RP,R,24.0,0.0,0.0,91.6,21.6,1.1,1.0,9,1,4.19,3.13,1.27,25.2,8.5,18.9,1.0,10.0,10.7,3,36.1,43.2,20.7,0.290
263,Tony Watson,SF,RP,L,24.0,0.0,0.0,92.0,21.6,1.0,1.1,4,4,4.16,3.73,1.30,18.1,7.0,21.1,1.0,9.8,10.6,3,42.3,34.9,20.1,0.292
264,Will Harris,WSH,RP,R,24.0,0.0,0.0,90.9,21.6,1.1,1.0,0,6,3.65,3.24,1.26,21.5,6.6,20.6,0.7,8.9,9.7,2,49.6,26.9,20.7,0.303
265,Liam Hendriks,OAK,RP,R,24.0,0.0,0.0,87.4,21.6,1.3,0.8,11,0,3.17,2.43,1.08,27.7,6.7,16.7,0.7,7.7,8.3,2,38.5,41.1,20.4,0.288
266,Richard Rodriguez,PIT,RP,R,24.0,0.0,0.0,92.8,21.6,1.0,1.1,0,5,4.52,3.56,1.33,21.4,7.6,21.1,1.0,10.6,11.3,3,35.6,40.4,21.4,0.296
267,Jace Fry,CHW,RP,L,24.0,0.0,0.0,93.3,21.6,1.2,0.9,0,4,3.84,3.52,1.38,25.2,11.3,18.4,0.9,9.2,10.0,2,49.6,30.3,20.1,0.300
268,Steve Cishek,CHW,RP,R,24.0,0.0,0.0,95.6,21.6,1.1,1.0,1,4,4.73,4.02,1.42,20.6,9.2,21.4,1.4,11.4,12.2,3,44.2,35.7,20.1,0.297
269,Andrew Miller,STL,RP,L,24.0,0.0,0.0,91.6,21.6,1.1,1.0,2,5,3.78,3.23,1.28,23.7,8.9,18.8,1.3,9.1,9.8,3,42.2,34.4,20.6,0.293
270,Ryan Pressly,HOU,RP,R,24.0,0.0,0.0,88.6,21.6,1.3,0.8,1,6,3.29,2.65,1.14,26.3,6.8,17.9,0.8,8.1,8.8,2,47.2,32.7,20.1,0.298
271,Craig Stammen,SD,RP,R,24.0,0.0,0.0,92.5,21.6,1.0,1.1,0,6,4.15,3.65,1.30,19.1,6.3,21.7,0.8,9.9,10.7,3,46.0,31.0,20.3,0.301
272,Joe Kelly,LAD,RP,R,24.0,0.0,0.0,91.4,21.6,1.2,0.9,0,4,3.53,3.31,1.27,22.6,8.6,18.9,1.0,8.6,9.4,2,50.1,27.5,19.8,0.295
273,Sergio Romo,MIN,RP,R,24.0,0.0,0.0,94.6,21.6,1.1,1.0,1,5,4.85,4.00,1.36,20.0,7.1,22.3,0.8,12.0,12.7,4,36.8,42.4,20.8,0.291
274,Felix Pena,LAA,SP,R,7.8,1.8,0.8,92.7,21.5,1.2,1.2,0,1,4.46,3.76,1.32,20.5,7.6,20.8,1.1,10.7,11.5,4,42.1,37.9,20.0,0.291
275,Kohl Stewart,BAL,SP,R,6.6,3.0,1.1,96.3,21.5,1.0,1.4,0,0,5.26,4.45,1.56,15.3,9.8,23.7,1.3,12.4,13.4,3,51.3,28.2,20.6,0.305
276,Devin Smeltzer,MIN,SP,L,7.8,1.8,0.7,91.7,21.4,1.3,1.1,0,1,4.55,3.81,1.31,18.3,5.9,22.1,0.9,11.1,11.8,4,39.5,39.7,20.8,0.291
277,Will Smith,ATL,RP,L,21.2,0.0,0.0,88.3,21.2,1.1,0.9,2,4,3.50,2.90,1.19,26.3,7.3,17.9,0.7,8.3,8.9,3,39.5,36.8,21.0,0.293
278,Nick Goody,TEX,RP,R,21.0,0.0,0.0,90.9,21.0,1.0,1.0,0,3,4.67,3.56,1.36,22.9,9.8,18.8,0.9,10.8,11.4,4,31.8,47.7,20.5,0.282
279,Daniel Ponce De Leon,STL,SP,R,7.8,1.8,0.7,92.1,21.0,1.0,1.2,0,1,4.51,4.07,1.40,20.9,10.0,19.4,1.0,10.6,11.3,3,36.0,40.6,20.6,0.282
280,Mark Melancon,ATL,RP,R,21.0,0.0,0.0,89.7,21.0,1.1,1.0,7,1,3.83,3.51,1.32,18.5,6.3,21.5,0.8,9.0,9.9,2,51.4,24.9,21.0,0.307
281,Luke Farrell,TEX,RP,R,15.0,0.0,0.0,91.1,21.0,1.0,1.0,0,1,4.79,3.68,1.38,21.1,9.3,19.8,0.8,11.1,11.7,4,34.4,45.1,20.5,0.286
282,Lou Trivino,OAK,RP,R,21.0,0.0,0.0,90.1,21.0,1.1,0.9,0,4,4.15,3.60,1.36,20.6,9.3,19.3,0.8,9.8,10.5,3,45.6,33.9,20.4,0.295
283,Craig Kimbrel,CHC,RP,R,21.0,0.0,0.0,88.3,21.0,1.1,0.9,9,0,3.70,2.88,1.23,27.5,9.4,16.5,1.0,8.8,9.4,3,35.6,41.0,20.7,0.287
284,James Karinchak,CLE,RP,R,21.0,0.0,0.0,89.4,21.0,1.2,0.9,1,4,3.44,3.15,1.26,29.6,10.7,15.7,0.8,8.2,8.9,2,41.5,37.8,20.7,0.291
285,MacKenzie Gore,SD,SP,L,4.0,4.0,1.8,90.0,20.8,1.2,1.3,0,0,4.36,4.00,1.34,19.8,8.4,19.5,0.9,10.0,10.8,3,40.3,36.7,20.3,0.288
286,Keegan Akin,BAL,SP,L,4.0,4.0,1.4,93.7,20.8,0.9,1.5,0,0,5.63,4.62,1.56,18.8,11.4,21.1,0.8,12.9,13.6,4,35.2,44.2,20.6,0.284
287,Cam Bedrosian,LAA,RP,R,22.8,0.0,0.0,87.8,20.5,1.1,0.9,0,3,4.04,3.60,1.30,20.5,7.6,19.2,0.8,9.3,10.0,3,45.1,34.9,20.0,0.295
288,Joakim Soria,OAK,RP,R,22.8,0.0,0.0,86.6,20.5,1.1,0.9,0,5,3.91,3.36,1.25,21.1,7.0,18.6,0.8,9.0,9.7,3,42.3,37.3,20.4,0.290
289,Luke Jackson,ATL,RP,R,20.4,0.0,0.0,86.3,20.4,1.1,0.9,1,4,3.58,3.19,1.27,23.8,8.0,17.9,0.8,8.2,8.9,2,46.4,29.9,21.0,0.301
290,Michael Feliz,PIT,RP,R,20.4,0.0,0.0,88.1,20.4,0.9,1.0,0,3,4.32,3.48,1.35,23.3,8.9,18.6,0.8,9.6,10.3,3,36.1,39.8,21.4,0.296
291,Sam Coonrod,SF,RP,R,20.4,0.0,0.0,88.5,20.4,0.9,1.1,0,2,4.26,3.87,1.39,19.0,9.7,18.7,1.1,9.4,10.2,3,43.8,33.4,20.1,0.292
292,Giovanny Gallegos,STL,RP,R,18.5,0.0,0.0,85.7,20.4,1.0,1.0,2,4,3.84,3.19,1.21,22.6,6.5,18.1,0.8,8.7,9.4,3,35.9,40.8,20.6,0.286
293,Dellin Betances,NYM,RP,R,20.4,0.0,0.0,84.7,20.4,1.1,0.9,0,4,3.22,2.74,1.18,27.8,8.9,15.2,1.1,7.3,8.0,2,46.0,31.1,20.2,0.293
294,Gregory Soto,DET,RP,L,20.4,0.0,0.0,90.3,20.4,1.0,1.0,0,3,4.73,4.05,1.51,18.8,10.8,20.0,0.9,10.7,11.4,3,45.4,33.9,20.7,0.301
295,Noe Ramirez,LAA,RP,R,16.8,0.0,0.0,86.5,20.2,1.1,0.9,0,3,4.21,3.53,1.27,21.0,7.0,18.6,1.0,9.5,10.2,3,40.5,39.5,20.0,0.287
296,Pierce Johnson,SD,RP,R,16.8,0.0,0.0,88.7,20.2,0.9,1.0,0,2,4.54,4.04,1.41,19.2,9.4,19.1,0.8,10.1,10.9,3,40.1,36.9,20.3,0.290
297,Ken Giles,TOR,RP,R,22.2,0.0,0.0,82.9,20.0,1.1,0.8,9,0,3.60,2.81,1.16,25.1,6.4,16.8,0.7,8.0,8.6,3,41.7,37.8,20.4,0.294
298,Ray Black,MIL,RP,R,22.2,0.0,0.0,85.0,20.0,1.0,0.9,0,3,3.94,3.05,1.29,25.6,9.5,16.3,0.8,8.8,9.5,3,36.4,40.2,20.7,0.291
299,Keone Kela,PIT,RP,R,20.0,0.0,0.0,84.2,20.0,1.0,1.0,6,2,3.83,3.08,1.26,23.8,7.9,17.3,0.8,8.4,9.0,3,38.7,37.3,21.4,0.297
300,Hector Rondon,ARI,RP,R,22.2,0.0,0.0,85.8,20.0,0.9,1.0,0,4,4.30,3.54,1.34,19.0,7.2,19.6,0.8,9.6,10.3,3,44.7,31.5,21.1,0.303
301,Tanner Rainey,WSH,RP,R,22.2,0.0,0.0,87.8,20.0,1.0,0.9,0,3,3.84,3.72,1.43,25.8,12.7,15.8,1.0,8.6,9.4,2,42.8,33.8,20.7,0.294
302,Brandon Kintzler,MIA,RP,R,22.2,0.0,0.0,86.5,20.0,0.9,1.0,6,3,4.20,3.90,1.38,15.1,6.3,21.2,1.0,9.2,10.1,2,49.5,27.9,19.9,0.303
303,Zack Littell,MIN,RP,R,15.0,0.0,0.0,83.2,19.5,1.1,0.8,0,1,4.16,3.51,1.30,19.2,6.7,18.6,0.9,9.3,10.0,3,43.5,35.7,20.8,0.294
304,Drew Pomeranz,SD,RP,L,24.0,0.0,0.0,80.5,19.2,1.0,0.9,0,4,3.58,3.06,1.21,22.4,7.1,16.2,0.7,7.6,8.2,2,40.8,36.2,20.3,0.292
305,Jose Álvarez,PHI,RP,L,24.0,0.0,0.0,82.8,19.2,0.9,0.9,0,5,4.24,3.81,1.35,17.0,6.6,19.4,0.7,9.1,9.9,3,45.2,32.3,19.9,0.294
306,Rowan Wick,CHC,RP,R,24.0,0.0,0.0,83.3,19.2,0.9,0.9,0,4,4.19,3.76,1.40,19.0,9.1,17.8,0.8,9.1,9.8,2,44.9,31.7,20.7,0.296
307,Chaz Roe,TB,RP,R,24.0,0.0,0.0,82.8,19.2,1.0,0.9,0,5,4.04,3.58,1.33,20.5,8.2,17.3,1.0,8.7,9.4,2,45.3,34.2,20.5,0.295
308,Hector Neris,PHI,RP,R,21.2,0.0,0.0,80.6,19.1,0.9,0.9,8,0,4.03,3.07,1.23,22.9,7.0,16.6,0.9,8.6,9.2,3,38.0,39.4,19.9,0.285
309,Matt Andriese,LAA,SP,R,10.8,1.8,0.7,80.8,18.9,1.1,1.0,0,1,4.37,3.73,1.31,17.0,6.2,18.6,0.7,9.2,9.9,3,44.8,35.1,20.0,0.293
310,Brent Suter,MIL,RP,L,12.6,0.6,0.3,79.9,18.8,0.9,1.0,0,2,4.33,3.58,1.28,16.4,4.9,19.2,0.7,9.1,9.8,3,39.9,36.7,20.7,0.294
311,Randy Dobnak,MIN,RP,R,13.2,1.2,0.5,81.1,18.8,1.1,0.9,0,1,4.44,3.88,1.36,13.7,5.1,20.4,0.8,9.5,10.3,3,50.1,29.1,20.8,0.302
312,Ryan Brasier,BOS,RP,R,18.6,0.0,0.0,79.4,18.6,1.0,0.8,0,3,4.19,3.47,1.27,19.7,6.2,17.5,0.8,8.9,9.5,3,38.1,40.7,21.2,0.291
313,David McKay,DET,RP,R,18.6,0.0,0.0,82.1,18.6,0.9,0.9,0,2,4.76,3.83,1.44,19.9,9.6,17.3,1.1,9.8,10.4,3,39.1,40.2,20.7,0.294
314,Jeff Brigham,MIA,RP,R,18.6,0.0,0.0,80.0,18.6,0.8,1.0,0,3,4.43,3.70,1.33,18.0,7.0,17.7,0.9,9.1,9.7,3,35.6,41.8,19.9,0.286
315,Jeremy Jeffress,CHC,RP,R,18.6,0.0,0.0,80.8,18.6,0.9,0.9,0,3,4.26,3.75,1.42,15.5,7.5,18.9,0.8,8.9,9.7,2,50.0,26.6,20.7,0.305
316,Hunter Harvey,BAL,RP,R,18.5,0.0,0.0,79.7,18.5,0.9,0.9,1,4,4.55,3.52,1.35,19.3,7.5,17.5,0.9,9.2,9.9,3,41.0,38.4,20.6,0.292
317,Darwinzon Hernandez,BOS,RP,L,18.5,0.0,0.0,81.3,18.5,1.0,0.8,0,3,3.85,3.75,1.41,24.2,11.7,14.4,1.3,8.1,8.8,2,42.7,36.1,21.2,0.289
318,Oliver Drake,TB,RP,R,16.8,0.0,0.0,77.2,18.5,1.0,0.8,0,3,3.42,3.03,1.20,21.4,6.5,15.8,0.6,7.1,7.8,2,47.1,32.4,20.5,0.295
319,Ryan Tepera,CHC,RP,R,20.4,0.0,0.0,80.5,18.4,0.9,0.9,0,3,4.61,3.94,1.42,16.3,7.8,18.3,1.0,9.6,10.2,3,42.3,34.3,20.7,0.294
320,Yimi Garcia,MIA,RP,R,20.4,0.0,0.0,79.7,18.4,0.8,1.0,0,3,4.73,3.86,1.32,16.9,5.9,18.5,1.0,9.6,10.2,3,32.6,44.8,19.9,0.286
321,Chris Devenski,HOU,RP,R,20.4,0.0,0.0,78.2,18.4,1.0,0.8,0,3,4.26,3.36,1.24,19.9,6.0,16.9,0.8,8.9,9.5,3,36.3,43.6,20.1,0.287
322,Paul Fry,BAL,RP,L,20.4,0.0,0.0,80.7,18.4,0.9,0.9,1,3,4.34,3.79,1.45,17.6,8.8,17.9,1.1,8.8,9.5,2,51.2,28.3,20.6,0.304
323,Wade Davis,COL,RP,R,20.4,0.0,0.0,82.9,18.4,0.8,1.0,4,3,5.25,4.26,1.54,16.9,9.4,18.9,0.8,10.8,11.5,3,38.6,36.7,22.0,0.302
324,Andrew Suarez,SF,RP,L,10.2,1.2,0.5,79.0,18.3,0.8,1.1,0,1,4.35,4.05,1.37,13.7,6.1,19.0,0.7,8.6,9.4,2,46.8,30.4,20.1,0.298
325,Bryan Garcia,DET,RP,R,18.0,0.0,0.0,79.5,18.0,0.8,0.9,0,2,4.86,4.04,1.47,17.0,8.6,17.8,0.7,9.7,10.3,3,42.4,36.9,20.7,0.297
326,Chance Adams,KC,RP,R,9.0,0.0,0.0,79.4,18.0,0.8,0.9,0,1,4.91,4.18,1.44,16.1,8.2,17.8,0.9,9.7,10.4,3,39.2,40.1,20.7,0.288
327,Josh Tomlin,ATL,RP,R,15.0,0.0,0.0,77.7,18.0,0.8,0.9,0,2,4.98,4.02,1.31,13.1,2.5,21.1,0.6,10.0,10.6,4,37.2,39.1,21.0,0.297
328,Justin Wilson,NYM,RP,L,22.2,0.0,0.0,75.7,17.8,0.9,0.8,0,4,3.84,3.30,1.32,20.4,8.2,15.3,0.6,7.6,8.2,2,42.4,34.8,20.2,0.295
329,Aaron Bummer,CHW,RP,L,22.2,0.0,0.0,75.2,17.8,1.0,0.7,1,6,3.43,3.11,1.31,18.6,7.3,15.9,0.7,6.8,7.5,2,57.4,22.5,20.1,0.306
330,Trevor May,MIN,RP,R,22.2,0.0,0.0,75.7,17.8,1.0,0.8,0,4,4.03,3.21,1.27,21.0,7.0,15.5,0.8,8.2,8.7,3,38.1,41.0,20.8,0.292
331,Dustin May,LAD,SP,R,8.0,2.0,0.9,74.4,17.6,1.1,0.9,0,1,3.85,3.49,1.25,15.0,4.8,17.2,1.1,7.6,8.3,2,50.6,27.0,19.8,0.295
332,J.B. Wendelken,OAK,RP,R,13.2,0.0,0.0,74.2,17.2,0.9,0.8,0,1,4.28,3.71,1.35,17.0,7.2,16.0,0.7,8.3,8.9,2,41.1,38.5,20.4,0.291
333,Hunter Wood,CLE,RP,R,13.2,0.0,0.0,73.7,17.2,0.9,0.8,0,2,4.30,3.62,1.29,17.1,5.7,16.4,0.6,8.4,9.0,3,38.9,40.4,20.7,0.287
334,Casey Mize,DET,SP,R,3.0,3.0,1.3,75.1,17.1,0.9,1.2,0,0,5.25,4.29,1.43,13.0,5.6,18.8,0.9,9.9,10.6,3,42.7,36.6,20.7,0.297
335,Brett Martin,TEX,RP,L,17.0,0.0,0.0,71.6,17.0,0.9,0.7,0,3,3.76,3.26,1.29,16.5,6.1,15.8,0.6,7.0,7.7,2,49.7,29.8,20.5,0.299
336,Andrew Chafin,ARI,RP,L,24.0,0.0,0.0,71.7,16.8,0.9,0.8,0,5,3.73,3.40,1.33,17.7,7.2,15.1,0.7,7.0,7.6,2,47.0,29.2,21.1,0.301
337,Adam Conley,MIA,RP,L,16.8,0.0,0.0,73.0,16.8,0.7,0.9,0,3,4.45,3.97,1.38,14.7,6.5,16.7,0.8,8.2,8.8,3,38.8,38.6,19.9,0.290
338,Duane Underwood Jr.,CHC,RP,R,16.8,0.0,0.0,72.5,16.8,0.8,0.8,0,2,4.26,3.70,1.36,15.8,6.8,16.1,0.8,8.1,8.7,2,44.2,32.4,20.7,0.295
339,Oliver Perez,CLE,RP,L,24.0,0.0,0.0,71.5,16.8,0.9,0.7,0,5,3.99,3.33,1.24,18.2,5.6,15.3,1.0,7.6,8.2,2,39.3,40.0,20.7,0.289
340,Ryne Stanek,MIA,RP,R,24.0,0.0,0.0,71.1,16.8,0.8,0.8,2,5,3.78,3.23,1.26,20.2,7.2,14.0,0.5,7.0,7.5,2,35.9,41.5,19.9,0.286
341,Darren O’Day,ATL,RP,R,16.8,0.0,0.0,72.4,16.8,0.8,0.8,0,2,4.23,3.60,1.30,17.8,6.1,15.8,0.8,7.9,8.5,3,38.0,38.3,21.0,0.291
342,Jake Diekman,OAK,RP,L,24.0,0.0,0.0,71.7,16.8,1.0,0.7,0,6,3.54,3.30,1.32,19.7,8.6,13.5,1.1,6.7,7.3,2,46.9,32.7,20.4,0.293
343,Jordan Romano,TOR,RP,R,16.8,0.0,0.0,72.6,16.8,0.8,0.8,0,3,4.62,3.63,1.32,16.8,6.1,16.1,1.0,8.6,9.2,3,39.3,40.2,20.4,0.288
344,David Phelps,MIL,RP,R,16.8,0.0,0.0,73.5,16.8,0.8,0.8,0,3,4.56,3.80,1.42,16.6,7.6,16.3,0.6,8.6,9.2,3,40.8,35.9,20.7,0.298
345,Jonathan Hernandez,TEX,RP,R,12.0,0.0,0.0,72.9,16.8,0.9,0.8,0,1,4.27,3.73,1.40,16.5,7.8,15.8,0.7,7.9,8.5,2,47.4,32.1,20.5,0.298
346,Bryan Abreu,HOU,RP,R,16.8,0.0,0.0,73.0,16.8,0.9,0.7,0,2,4.01,3.59,1.37,20.5,9.0,13.9,0.8,7.7,8.3,2,43.0,36.9,20.1,0.292
347,Framber Valdez,HOU,SP,L,7.8,1.8,0.9,71.2,16.8,1.2,0.7,0,1,3.42,3.22,1.33,18.4,7.9,14.4,0.9,6.6,7.3,1,58.0,21.9,20.1,0.306
348,Chris Martin,ATL,RP,R,18.6,0.0,0.0,68.8,16.7,0.9,0.7,0,4,3.47,2.84,1.15,18.0,3.5,15.6,0.6,6.5,7.0,2,45.6,30.7,21.0,0.301
349,Tyler Clippard,MIN,RP,R,18.6,0.0,0.0,73.0,16.7,0.8,0.8,0,3,4.90,3.94,1.34,17.0,6.1,16.2,0.8,9.3,9.8,3,28.8,50.4,20.8,0.281
350,Kelvin Herrera,CHW,RP,R,18.6,0.0,0.0,71.8,16.7,0.8,0.8,0,3,4.55,3.59,1.31,16.6,5.7,16.2,0.6,8.4,9.0,3,41.1,38.8,20.1,0.293
351,Jesse Hahn,KC,SP,R,9.0,1.8,0.8,72.0,16.6,0.9,0.9,0,1,4.57,3.99,1.42,13.6,6.7,16.9,0.6,8.3,9.0,2,48.3,31.0,20.7,0.302
352,Brad Wieck,CHC,RP,L,20.4,0.0,0.0,69.3,16.3,0.9,0.7,0,3,3.76,3.16,1.27,20.2,7.4,13.4,0.7,6.9,7.4,2,36.9,39.7,20.7,0.288
353,Brad Boxberger,MIA,RP,R,18.0,0.0,0.0,72.2,16.2,0.7,0.9,0,3,4.78,4.29,1.50,15.3,8.5,15.7,0.7,8.5,9.1,2,39.9,37.5,19.9,0.292
354,Casey Sadler,CHC,RP,R,9.0,0.0,0.0,69.4,16.2,0.8,0.8,0,1,4.17,3.63,1.32,14.1,5.2,16.3,0.8,7.6,8.2,2,46.0,30.6,20.7,0.298
355,Dereck Rodriguez,SF,RP,R,9.0,0.0,0.0,69.6,16.2,0.7,0.9,0,1,4.48,3.93,1.32,12.8,4.8,16.6,0.7,7.9,8.5,2,40.9,36.3,20.1,0.293
356,Jose Alvarado,TB,RP,L,18.0,0.0,0.0,68.4,16.2,0.9,0.7,1,3,3.24,3.18,1.27,20.5,7.9,12.7,0.5,5.9,6.5,2,47.8,31.7,20.5,0.296
357,David Hale,NYY,RP,R,9.0,0.0,0.0,70.1,16.2,0.8,0.8,0,1,4.73,3.82,1.36,12.9,4.5,17.5,0.7,8.6,9.3,3,46.3,33.7,20.1,0.297
358,Aroldis Chapman,NYY,RP,L,17.5,0.0,0.0,64.4,15.8,1.0,0.6,8,0,2.99,2.39,1.11,22.9,6.4,11.1,0.6,5.3,5.8,2,43.7,36.3,20.1,0.287
359,Yoshihisa Hirano,SEA,RP,R,17.5,0.0,0.0,69.1,15.8,0.7,0.8,2,3,4.68,3.99,1.41,14.1,6.4,15.9,0.6,8.1,8.7,3,43.2,36.8,20.0,0.295
360,Cal Quantrill,SD,SP,R,5.4,1.8,0.7,67.6,15.7,0.8,0.9,0,0,4.50,3.96,1.33,12.7,4.8,16.1,0.6,7.8,8.4,2,43.9,33.1,20.3,0.296
361,Evan Marshall,CHW,RP,R,22.2,0.0,0.0,67.5,15.5,0.8,0.7,0,4,4.39,3.82,1.40,14.2,6.2,15.4,0.6,7.6,8.2,2,49.8,30.2,20.1,0.301
362,Adam Morgan,PHI,RP,L,22.2,0.0,0.0,66.8,15.5,0.7,0.8,1,4,4.57,3.72,1.34,14.7,5.4,15.4,0.6,8.0,8.5,3,39.2,38.2,19.9,0.289
363,Tim Hill,SD,RP,L,22.2,0.0,0.0,65.6,15.5,0.8,0.7,0,3,3.60,3.31,1.30,13.9,5.4,14.7,0.7,6.2,6.8,1,53.1,23.9,20.3,0.302
364,Austin Gomber,STL,SP,L,7.8,1.8,0.8,66.3,15.4,0.8,0.9,0,1,4.28,3.92,1.36,14.1,6.1,14.8,0.6,7.3,7.9,2,39.9,36.8,20.6,0.289
365,Burch Smith,OAK,RP,R,9.0,0.0,0.0,67.2,15.3,0.8,0.7,0,1,4.71,3.98,1.42,14.5,7.1,14.6,0.8,8.1,8.6,2,39.1,40.4,20.4,0.290
366,Jeffrey Springs,BOS,RP,L,9.0,0.0,0.0,65.8,15.3,0.8,0.7,0,1,4.15,3.51,1.31,17.1,6.3,13.8,0.6,7.2,7.7,2,37.0,41.8,21.2,0.289
367,Dan Altavilla,SEA,RP,R,16.8,0.0,0.0,65.1,15.1,0.7,0.7,0,2,4.15,3.48,1.36,17.7,7.8,12.7,0.7,6.9,7.4,2,40.7,39.3,20.0,0.289
368,Shawn Armstrong,BAL,RP,R,15.0,0.0,0.0,65.2,15.0,0.7,0.8,1,2,4.93,3.67,1.41,15.1,6.8,14.4,0.7,8.1,8.6,3,37.3,42.2,20.6,0.289
369,Randy Rosario,KC,RP,L,15.0,0.0,0.0,65.8,15.0,0.7,0.7,0,1,4.54,4.13,1.48,11.3,6.6,15.7,0.6,7.5,8.1,2,50.4,28.9,20.7,0.303
370,Luis Perdomo,SD,RP,R,15.0,0.0,0.0,64.5,15.0,0.7,0.7,0,2,4.10,3.63,1.34,12.1,4.5,15.5,0.6,6.8,7.4,2,51.1,25.9,20.3,0.307
371,Corey Knebel,MIL,RP,R,15.0,0.0,0.0,63.3,15.0,0.8,0.7,1,2,3.65,2.97,1.25,19.5,6.9,11.9,0.6,6.1,6.6,2,40.8,35.8,20.7,0.293
372,Wander Suero,WSH,RP,R,15.0,0.0,0.0,64.4,15.0,0.7,0.7,0,3,4.19,3.61,1.33,14.7,5.6,14.4,0.7,7.1,7.6,2,40.6,35.9,20.7,0.294
373,Stefan Crichton,ARI,RP,R,15.0,0.0,0.0,64.5,15.0,0.7,0.7,0,2,4.20,3.59,1.37,13.2,5.6,14.9,0.7,7.0,7.6,2,48.6,27.6,21.1,0.305
374,Taylor Guilbeau,SEA,RP,L,15.0,0.0,0.0,65.0,15.0,0.7,0.7,0,2,4.17,3.79,1.40,13.1,6.3,14.8,0.7,6.9,7.5,2,50.9,29.2,20.0,0.300
375,Brusdar Graterol,LAD,RP,R,15.0,0.0,0.0,63.3,15.0,0.8,0.7,0,2,3.58,3.30,1.24,15.4,5.4,13.3,0.8,6.0,6.6,2,48.9,28.7,19.8,0.292
376,Tony Gonsolin,LAD,SP,R,4.8,1.8,0.7,64.5,15.0,0.8,0.8,0,0,4.43,3.90,1.31,14.2,5.6,14.1,0.5,7.5,8.0,2,38.6,38.9,19.8,0.282
377,Rony Garcia,DET,RP,R,15.0,0.0,0.0,66.1,15.0,0.7,0.8,0,1,5.26,4.12,1.43,12.3,5.5,15.9,0.8,8.7,9.2,3,37.4,41.9,20.7,0.290
378,Nick Burdi,PIT,RP,R,21.0,0.0,0.0,63.2,14.7,0.7,0.7,2,4,3.98,3.42,1.32,17.2,6.3,13.1,0.6,6.4,6.9,2,40.2,35.7,21.4,0.300
379,Yency Almonte,COL,RP,R,13.2,0.0,0.0,65.2,14.5,0.6,0.8,0,1,5.30,4.25,1.55,12.4,7.3,15.3,0.7,8.6,9.2,2,41.0,34.3,22.0,0.303
380,Collin McHugh,BOS,RP,R,12.0,0.0,0.0,60.9,14.4,0.8,0.6,0,2,3.92,3.28,1.24,15.7,4.5,13.3,0.6,6.4,6.9,2,39.7,39.2,21.2,0.294
381,Corey Oswalt,NYM,SP,R,4.8,1.8,0.6,59.3,13.7,0.7,0.8,0,0,4.65,3.98,1.36,11.6,4.3,14.3,0.6,7.1,7.6,2,43.1,34.1,20.2,0.297
382,Scott Alexander,LAD,RP,L,15.0,0.0,0.0,57.8,13.5,0.7,0.6,0,2,3.48,3.46,1.36,11.0,5.3,13.1,0.5,5.3,5.9,1,59.4,18.1,19.8,0.305
383,Matt Wisler,MIN,RP,R,9.0,0.0,0.0,57.4,13.5,0.7,0.6,0,1,4.48,3.51,1.27,12.6,3.5,13.7,0.4,6.9,7.3,2,38.1,41.1,20.8,0.293
384,Tyler Webb,STL,RP,L,15.0,0.0,0.0,58.7,13.5,0.6,0.7,0,2,4.42,3.98,1.41,11.6,5.7,13.3,0.6,6.7,7.2,2,40.9,35.8,20.6,0.291
385,Yoan Lopez,ARI,RP,R,15.0,0.0,0.0,58.8,13.5,0.6,0.7,0,3,4.65,3.86,1.41,12.1,5.6,13.5,0.5,7.0,7.5,2,41.6,34.6,21.1,0.298
386,Edinson Volquez,TEX,RP,R,9.0,0.0,0.0,58.5,13.5,0.7,0.6,0,1,4.48,3.76,1.40,12.4,5.6,13.3,0.5,6.7,7.2,2,45.7,33.8,20.5,0.301
387,David Hess,BAL,RP,R,9.0,0.0,0.0,58.2,13.5,0.6,0.7,0,1,5.01,3.63,1.35,12.8,4.5,13.7,0.5,7.4,7.9,3,35.5,44.0,20.6,0.288
388,Dillon Tate,BAL,RP,R,9.0,0.0,0.0,58.8,13.5,0.6,0.7,0,1,4.71,3.84,1.42,10.5,4.8,14.4,0.8,7.0,7.5,2,50.2,29.3,20.6,0.301
389,Brad Brach,NYM,RP,R,15.0,0.0,0.0,58.4,13.5,0.6,0.7,0,2,4.29,3.76,1.38,13.4,5.9,12.8,0.4,6.4,6.9,2,42.2,34.9,20.2,0.296
390,Grant Dayton,ATL,RP,L,13.2,0.0,0.0,56.1,13.2,0.7,0.6,0,1,4.11,3.36,1.28,14.2,4.7,12.2,0.5,6.1,6.5,2,36.0,40.3,21.0,0.288
391,Mike Mayers,LAA,RP,R,13.2,0.0,0.0,56.8,13.2,0.7,0.6,0,1,4.41,3.78,1.32,12.3,4.7,12.7,0.5,6.5,7.0,2,40.9,39.1,20.0,0.288
392,Francisco Liriano,PIT,RP,L,12.0,0.0,0.0,57.9,13.2,0.6,0.7,0,2,4.39,3.89,1.45,12.5,6.0,13.0,0.6,6.3,6.9,2,45.6,30.4,21.4,0.305
393,Sterling Sharp,MIA,RP,R,13.2,0.0,0.0,56.9,13.2,0.6,0.7,0,1,4.05,3.74,1.39,9.8,4.4,13.8,0.6,5.9,6.5,1,54.1,23.3,19.9,0.304
394,Tanner Scott,BAL,RP,L,13.2,0.0,0.0,56.5,13.2,0.7,0.6,0,2,3.75,3.29,1.37,16.1,7.0,11.1,0.5,5.4,5.9,2,49.4,30.1,20.6,0.301
395,Cody Stashak,MIN,RP,R,13.2,0.0,0.0,56.1,13.2,0.7,0.6,0,2,4.47,3.49,1.25,13.1,3.6,12.8,0.5,6.7,7.1,2,33.3,45.9,20.8,0.284
396,Peter Fairbanks,TB,RP,R,13.2,0.0,0.0,55.3,13.2,0.7,0.6,0,2,3.50,3.06,1.22,15.9,5.2,11.0,0.5,5.2,5.6,2,45.1,34.4,20.5,0.294
397,Walker Lockett,NYM,SP,R,5.4,1.8,0.7,56.5,13.0,0.7,0.8,0,0,4.70,4.13,1.38,9.5,3.7,14.3,0.6,6.8,7.3,2,46.8,30.4,20.2,0.301
398,Austin Adams,SEA,RP,R,18.2,0.0,0.0,53.1,12.7,0.7,0.6,2,3,3.30,2.88,1.23,17.3,6.2,9.4,0.6,4.6,5.0,1,44.8,35.2,20.0,0.290
399,Dennis Santana,LAD,RP,R,6.6,0.6,0.3,54.6,12.7,0.7,0.6,0,1,3.94,3.66,1.31,12.9,5.2,11.4,0.8,5.6,6.1,2,46.1,31.5,19.8,0.289
400,Robert Dugger,MIA,SP,R,5.4,1.8,0.7,55.5,12.6,0.5,0.9,0,0,5.04,4.46,1.44,9.5,4.7,13.4,0.7,7.0,7.5,2,39.8,37.6,19.9,0.291
401,Sixto Sanchez,MIA,SP,R,2.4,2.4,1.1,54.2,12.5,0.6,0.9,0,0,4.61,4.24,1.40,8.9,4.0,13.5,0.5,6.3,6.9,2,47.1,30.3,19.9,0.299
402,Colin Rea,CHC,SP,R,4.8,1.8,0.7,55.2,12.4,0.6,0.8,0,0,5.11,4.58,1.52,9.1,5.5,13.3,0.5,7.1,7.6,2,43.8,32.8,20.7,0.296
403,Anthony Kay,TOR,SP,L,4.8,1.8,0.7,55.1,12.4,0.7,0.8,0,0,5.08,4.34,1.45,11.3,5.4,12.5,0.7,7.0,7.5,2,39.5,40.0,20.4,0.289
404,Michael King,NYY,SP,R,4.8,1.8,0.7,53.5,12.4,0.7,0.7,0,0,4.71,3.92,1.35,9.6,3.4,13.4,0.6,6.6,7.1,2,48.5,31.4,20.1,0.297
405,David Peterson,NYM,SP,L,7.2,1.2,0.6,52.6,12.2,1.7,1.5,0,0,3.97,3.74,1.37,10.6,4.5,12.3,0.6,5.4,5.9,1,52.3,24.9,20.2,0.305
406,James Pazos,COL,RP,L,15.0,0.0,0.0,53.3,12.0,0.5,0.6,0,2,4.90,4.08,1.52,9.8,5.8,12.5,0.6,6.6,7.1,2,45.3,30.0,22.0,0.306
407,Wandy Peralta,SF,RP,L,15.0,0.0,0.0,52.4,12.0,0.5,0.6,0,2,4.40,4.11,1.45,9.3,5.4,12.0,0.5,5.7,6.2,1,46.9,30.3,20.1,0.298
408,Justin Anderson,LAA,RP,R,12.0,0.0,0.0,52.5,12.0,0.6,0.5,0,2,4.19,3.89,1.42,12.7,6.5,10.5,0.6,5.6,6.1,2,44.3,35.7,20.0,0.289
409,Bryse Wilson,ATL,SP,R,4.8,1.8,0.8,51.2,12.0,0.7,0.7,0,0,4.17,3.72,1.30,11.2,3.7,11.9,0.5,5.6,6.0,2,44.3,32.0,21.0,0.295
410,Greg Holland,KC,RP,R,15.0,0.0,0.0,53.9,12.0,0.5,0.6,0,2,5.11,4.48,1.55,10.7,6.6,12.0,0.4,6.8,7.2,2,40.0,39.3,20.7,0.294
411,Heath Hembree,BOS,RP,R,13.2,0.0,0.0,51.6,11.9,0.6,0.5,0,2,4.60,3.71,1.34,12.5,4.5,11.4,0.5,6.2,6.6,2,35.2,43.6,21.2,0.290
412,Carl Edwards Jr.,SEA,RP,R,13.2,0.0,0.0,51.8,11.9,0.5,0.6,0,2,4.53,3.71,1.41,12.8,6.3,10.6,0.5,5.9,6.3,2,39.2,40.8,20.0,0.288
413,Robert Gsellman,NYM,RP,R,9.9,0.0,0.0,51.6,11.9,0.6,0.6,0,1,4.35,3.77,1.37,10.6,4.2,12.1,0.6,5.8,6.2,2,45.3,31.8,20.2,0.301
414,Jimmy Cordero,CHW,RP,R,13.2,0.0,0.0,52.0,11.9,0.6,0.5,0,2,4.31,3.82,1.43,11.4,5.7,11.3,0.6,5.7,6.2,1,51.8,28.1,20.1,0.301
415,Adam Kolarek,LAD,RP,L,16.8,0.0,0.0,50.3,11.8,0.6,0.5,0,3,3.60,3.47,1.31,9.2,3.7,11.8,0.6,4.8,5.3,1,56.3,21.3,19.8,0.302
416,A.J. Cole,TOR,RP,R,9.0,0.0,0.0,50.8,11.7,0.6,0.6,0,1,4.75,3.71,1.34,12.1,4.2,11.5,0.4,6.2,6.6,2,37.0,42.6,20.4,0.291
417,Jarlin Garcia,SF,RP,L,9.0,0.0,0.0,50.9,11.7,0.5,0.6,0,1,4.56,4.12,1.40,9.3,4.6,11.8,0.5,5.8,6.2,2,40.8,36.4,20.1,0.293
418,Carson Fulmer,CHW,RP,R,9.0,0.0,0.0,52.5,11.7,0.6,0.6,0,1,5.01,4.22,1.50,12.0,6.4,11.1,0.6,6.5,7.0,2,40.6,39.4,20.1,0.292
419,Alex Young,ARI,SP,L,6.6,1.2,0.5,50.1,11.5,0.6,0.7,0,1,4.46,4.05,1.39,9.8,4.3,11.7,0.5,5.7,6.2,2,44.1,32.1,21.1,0.299
420,Andrew Kittredge,TB,RP,R,11.4,0.0,0.0,47.2,11.4,0.6,0.5,0,2,3.40,2.96,1.17,12.6,3.3,10.1,0.4,4.4,4.8,1,47.2,32.3,20.5,0.294
421,Dany Jimenez,SF,RP,R,11.4,0.0,0.0,49.4,11.4,0.5,0.6,0,1,4.21,3.87,1.38,11.0,5.3,10.4,0.5,5.2,5.6,1,42.6,34.6,20.1,0.292
422,Yohan Ramirez,SEA,RP,R,11.4,0.0,0.0,51.2,11.4,0.5,0.6,0,1,4.49,4.20,1.53,12.4,7.5,9.9,0.8,5.6,6.1,2,46.2,33.8,20.0,0.293
423,Tommy Hunter,PHI,RP,R,11.2,0.0,0.0,47.8,11.2,0.5,0.6,0,1,4.34,3.56,1.32,9.9,3.4,11.4,0.5,5.5,5.9,2,45.2,32.2,19.9,0.296
424,Jefry Rodriguez,CLE,SP,R,4.8,1.2,0.4,49.6,11.2,0.6,0.6,0,0,4.89,4.30,1.48,9.2,5.0,11.6,0.4,6.2,6.7,2,45.5,33.8,20.7,0.298
425,Paul Sewald,NYM,RP,R,9.0,0.0,0.0,46.8,10.8,0.5,0.6,0,1,4.74,3.86,1.34,10.1,3.8,10.7,0.5,5.7,6.0,2,33.8,43.3,20.2,0.286
426,Trey Wingenter,SD,RP,R,12.0,0.0,0.0,46.6,10.8,0.5,0.5,0,2,3.91,3.45,1.32,12.8,5.4,8.9,0.6,4.7,5.0,1,41.1,35.8,20.3,0.292
427,Nestor Cortes,SEA,RP,L,9.0,0.0,0.0,46.4,10.8,0.5,0.5,0,1,4.43,3.70,1.32,10.6,4.1,10.2,0.4,5.3,5.6,2,37.1,42.9,20.0,0.283
428,Bryan Shaw,FA,RP,R,12.0,0.0,0.0,47.5,10.8,0.5,0.5,0,2,4.77,4.04,1.46,8.9,4.4,11.3,0.4,5.7,6.2,2,47.4,32.1,20.5,0.302
429,Matt Hall,BOS,SP,L,3.0,1.5,0.7,45.9,10.5,0.7,0.5,0,0,4.27,4.07,1.39,10.2,4.3,10.3,0.4,5.1,5.5,1,46.6,32.2,21.2,0.299
430,David Robertson,PHI,RP,R,10.5,0.0,0.0,44.6,10.5,0.5,0.5,0,1,3.84,3.24,1.27,12.8,4.3,9.0,0.4,4.5,4.9,1,42.2,35.2,19.9,0.291
431,Ian Anderson,ATL,SP,R,2.0,2.0,0.9,46.1,10.4,0.6,0.7,0,0,4.68,4.35,1.48,10.1,5.2,10.1,0.4,5.4,5.8,2,43.4,32.9,21.0,0.296
432,Matt Manning,DET,SP,R,2.0,2.0,0.8,46.0,10.4,0.5,0.7,0,0,5.07,4.33,1.48,9.0,4.6,10.8,0.4,5.8,6.2,2,44.4,34.9,20.7,0.298
433,Dan Winkler,CHC,RP,R,11.4,0.0,0.0,45.7,10.3,0.5,0.5,0,2,4.81,4.14,1.48,9.5,5.1,10.1,0.5,5.6,6.0,2,39.8,36.8,20.7,0.292
434,Ryan Borucki,TOR,SP,L,1.8,1.8,0.8,45.3,10.3,0.6,0.6,0,0,4.92,4.31,1.43,8.3,3.7,11.0,0.4,5.6,6.1,2,45.5,34.0,20.4,0.299
435,Hector Santiago,DET,RP,L,6.0,0.0,0.0,44.8,10.2,0.5,0.5,0,1,4.97,4.00,1.42,9.6,4.4,10.0,0.4,5.6,5.9,2,32.6,46.7,20.7,0.285
436,Daniel Mengden,OAK,SP,R,1.8,1.8,0.8,44.6,10.1,0.6,0.6,0,0,5.22,4.60,1.46,6.9,3.6,11.2,0.4,5.9,6.3,2,41.7,37.9,20.4,0.294
437,Tyler Anderson,SF,SP,L,1.8,1.8,0.9,42.5,9.9,0.5,0.7,0,0,4.39,3.99,1.32,8.8,3.4,9.7,0.3,4.7,5.1,2,40.0,37.2,20.1,0.291
438,Alex Reyes,STL,RP,R,9.0,0.0,0.0,42.8,9.9,0.5,0.5,0,1,3.97,3.60,1.37,11.4,5.2,8.4,0.4,4.4,4.7,1,39.4,37.2,20.6,0.290
439,Austin Brice,BOS,RP,R,9.0,0.0,0.0,43.3,9.9,0.5,0.5,0,1,4.63,3.88,1.38,9.1,3.5,10.1,0.6,5.2,5.6,2,42.9,35.9,21.2,0.298
440,Cody Carroll,BAL,RP,R,9.0,0.0,0.0,43.9,9.9,0.4,0.5,0,1,5.01,3.98,1.50,10.1,5.3,9.5,0.5,5.5,5.8,2,40.6,38.8,20.6,0.293
441,Austin Davis,PHI,RP,L,9.0,0.0,0.0,42.9,9.9,0.5,0.5,0,1,4.34,3.68,1.37,10.5,4.4,9.1,0.4,4.8,5.2,2,40.7,36.7,19.9,0.287
442,Phil Maton,CLE,RP,R,9.0,0.0,0.0,42.7,9.9,0.5,0.5,0,1,4.36,3.66,1.33,9.8,3.6,9.5,0.4,4.9,5.3,2,41.9,37.4,20.7,0.292
443,Javy Guerra,WSH,RP,R,9.0,0.0,0.0,43.5,9.9,0.4,0.5,0,1,4.88,4.15,1.43,8.0,3.6,10.5,0.4,5.4,5.8,2,38.7,37.9,20.7,0.295
444,Wilmer Font,TOR,RP,R,7.5,0.0,0.0,41.2,9.8,0.5,0.4,0,1,4.19,3.11,1.22,11.2,3.0,8.9,0.4,4.6,4.9,2,37.9,41.6,20.4,0.289
445,Phillips Valdez,BOS,SP,R,4.2,1.2,0.5,43.6,9.8,0.5,0.6,0,0,4.77,4.33,1.48,7.5,4.0,10.5,0.6,5.3,5.8,1,51.5,27.4,21.2,0.306
446,Rogelio Armenteros,HOU,SP,R,4.8,1.2,0.5,42.2,9.8,0.6,0.6,0,0,4.52,3.78,1.33,9.8,3.7,9.3,0.3,5.0,5.4,2,39.7,40.2,20.1,0.289
447,Jake McGee,FA,RP,L,12.0,0.0,0.0,41.9,9.6,0.4,0.5,0,2,4.93,3.97,1.39,8.3,3.4,10.0,0.4,5.3,5.6,2,36.9,42.6,20.5,0.293
448,Enyel De Los Santos,PHI,SP,R,1.8,1.8,0.7,42.0,9.5,0.5,0.7,0,0,5.21,4.39,1.46,7.9,3.9,10.0,0.5,5.5,5.9,2,40.9,36.5,19.9,0.287
449,Homer Bailey,MIN,SP,R,1.8,1.8,0.7,41.3,9.5,0.6,0.6,0,0,4.88,4.10,1.39,7.7,3.0,10.2,0.4,5.3,5.7,2,43.2,36.0,20.8,0.300
450,Dylan Covey,BOS,SP,R,1.8,1.8,0.7,41.6,9.4,0.5,0.6,0,0,5.02,4.30,1.47,7.4,3.5,10.4,0.4,5.4,5.8,2,49.4,30.5,20.1,0.305
451,Kyle Wright,ATL,SP,R,1.8,1.8,0.8,41.0,9.4,0.6,0.6,0,0,4.45,4.04,1.40,8.5,3.6,9.5,0.5,4.7,5.1,1,47.6,28.7,21.0,0.301
452,Hector Velazquez,BAL,SP,R,3.6,1.8,0.4,41.4,9.3,0.5,0.8,0,0,5.35,4.44,1.51,7.2,3.9,10.2,0.4,5.5,5.8,2,44.2,35.2,20.6,0.298
453,Cole Irvin,PHI,SP,L,3.6,0.6,0.2,39.2,9.1,0.4,0.5,0,0,4.69,4.03,1.34,6.8,2.3,9.9,0.4,4.8,5.1,2,42.7,34.7,19.9,0.289
454,Evan Phillips,BAL,RP,R,11.4,0.0,0.0,40.1,9.1,0.4,0.5,0,2,4.64,3.85,1.46,9.5,4.8,8.5,0.5,4.6,5.0,1,44.7,34.8,20.6,0.295
455,Tyler Kinley,COL,RP,R,11.4,0.0,0.0,41.5,9.1,0.4,0.5,0,1,5.36,4.48,1.61,8.4,5.5,9.2,0.3,5.5,5.8,2,39.3,36.0,22.0,0.300
456,Shelby Miller,MIL,SP,R,1.8,1.8,0.6,40.5,9.0,0.4,0.7,0,0,5.51,4.62,1.57,7.0,4.4,9.7,0.4,5.6,5.9,2,41.0,35.7,20.7,0.300
457,Trevor Rosenthal,KC,RP,R,9.0,0.0,0.0,39.7,9.0,0.4,0.4,0,1,4.36,3.92,1.47,10.0,5.5,7.7,0.5,4.3,4.7,1,43.4,35.9,20.7,0.295
458,Joely Rodriguez,TEX,RP,L,9.0,0.0,0.0,39.5,9.0,0.5,0.4,0,1,4.40,3.96,1.47,7.8,4.3,8.9,0.5,4.4,4.7,1,49.9,29.6,20.5,0.302
459,Josh Osich,BOS,RP,L,9.0,0.0,0.0,39.0,9.0,0.5,0.4,0,1,4.44,3.81,1.37,8.4,3.3,9.1,0.3,4.5,4.9,1,43.7,35.1,21.2,0.299
460,Jacob Barnes,LAA,RP,R,9.0,0.0,0.0,39.6,9.0,0.5,0.4,0,1,4.47,4.15,1.42,8.0,3.9,9.0,0.3,4.5,4.9,1,46.8,33.2,20.0,0.296
461,Joe Biagini,HOU,RP,R,9.0,0.0,0.0,39.0,9.0,0.5,0.4,0,1,4.43,3.78,1.37,7.9,3.3,9.1,0.4,4.5,4.9,1,49.2,30.7,20.1,0.303
462,Dylan Floro,LAD,RP,R,9.0,0.0,0.0,38.7,9.0,0.5,0.4,0,1,4.04,3.81,1.33,7.2,2.9,9.1,0.3,4.1,4.5,1,49.8,27.8,19.8,0.296
463,Jharel Cotton,CHC,RP,R,9.0,0.0,0.0,38.5,9.0,0.4,0.4,0,1,4.45,3.57,1.33,8.5,3.3,8.7,0.3,4.5,4.8,1,37.3,39.3,20.7,0.290
464,Ben Heller,NYY,RP,R,9.0,0.0,0.0,39.0,9.0,0.5,0.4,0,1,4.40,3.55,1.36,9.7,3.8,8.4,0.4,4.5,4.8,1,43.3,36.6,20.1,0.295
465,Jonathan Holder,NYY,RP,R,9.0,0.0,0.0,38.7,9.0,0.5,0.4,0,1,4.61,3.60,1.31,8.8,2.9,8.9,0.4,4.7,5.0,2,37.9,42.1,20.1,0.289
466,Jonathon Feyereisen,MIL,RP,R,9.0,0.0,0.0,39.4,9.0,0.4,0.4,0,1,4.46,3.83,1.42,9.8,4.8,8.0,0.3,4.5,4.8,1,38.5,38.1,20.7,0.286
467,Daniel Bard,COL,RP,R,9.0,0.0,0.0,41.4,9.0,0.4,0.5,0,1,5.42,4.62,1.68,7.9,5.7,9.3,0.4,5.5,5.8,1,44.1,31.2,22.0,0.308
468,Parker Markel,LAA,RP,R,9.0,0.0,0.0,39.2,9.0,0.5,0.4,0,1,4.09,3.64,1.36,10.8,4.7,7.6,0.5,4.1,4.4,1,40.5,39.5,20.0,0.288
469,Brian Moran,TOR,RP,L,9.0,0.0,0.0,39.1,9.0,0.4,0.5,0,1,4.10,3.85,1.36,8.7,3.8,8.4,0.5,4.1,4.4,1,43.0,34.4,19.9,0.292
470,Taylor Williams,SEA,RP,R,9.0,0.0,0.0,39.2,9.0,0.4,0.5,0,1,4.48,3.88,1.41,8.4,4.0,8.7,0.4,4.4,4.8,1,45.7,34.4,20.0,0.296
471,Reggie McClain,PHI,RP,R,9.0,0.0,0.0,38.9,9.0,0.4,0.4,0,1,4.35,3.73,1.38,7.2,3.0,9.4,0.5,4.4,4.8,1,51.1,26.3,19.9,0.299
472,Cy Sneed,HOU,RP,R,9.0,0.0,0.0,38.5,9.0,0.5,0.4,0,1,4.31,3.66,1.31,8.4,3.1,8.7,0.3,4.4,4.7,1,43.5,36.5,20.1,0.291
473,Jordan Weems,OAK,RP,R,9.0,0.0,0.0,40.7,9.0,0.4,0.4,0,1,5.19,4.57,1.57,7.9,5.3,8.9,0.4,5.2,5.6,1,39.1,40.4,20.4,0.289
474,Ryne Harper,WSH,RP,R,9.0,0.0,0.0,38.5,9.0,0.4,0.4,0,1,4.16,3.65,1.31,8.2,2.8,9.0,0.3,4.2,4.5,1,43.6,32.9,20.7,0.296
475,Drew Smith,NYM,RP,R,9.0,0.0,0.0,39.1,9.0,0.4,0.5,0,1,4.58,3.84,1.38,8.3,3.5,8.9,0.4,4.6,4.9,1,40.5,36.7,20.2,0.294
476,Josh Staumont,KC,RP,R,9.0,0.0,0.0,39.9,9.0,0.4,0.4,0,1,4.46,3.96,1.47,10.4,5.5,7.7,0.4,4.4,4.7,1,40.2,39.1,20.7,0.292
477,James Bourque,WSH,RP,R,9.0,0.0,0.0,39.6,9.0,0.4,0.4,0,1,4.23,4.02,1.45,9.0,4.6,8.4,0.4,4.3,4.7,1,46.2,30.4,20.7,0.297
478,Kyle Finnegan,WSH,RP,R,9.0,0.0,0.0,39.0,9.0,0.4,0.4,0,1,4.08,3.76,1.39,8.9,4.0,8.5,0.3,4.1,4.5,1,46.6,30.0,20.7,0.299
479,Jon Duplantier,ARI,RP,R,4.5,0.0,0.0,39.2,9.0,0.4,0.4,0,0,4.23,3.74,1.42,9.0,4.4,8.4,0.5,4.2,4.6,1,45.5,30.7,21.1,0.301
480,Gabe Speier,KC,RP,L,9.0,0.0,0.0,39.6,9.0,0.4,0.4,0,1,4.66,4.16,1.46,8.0,4.2,8.9,0.4,4.6,5.0,1,43.0,36.3,20.7,0.294
481,Cole Sulser,BAL,RP,R,9.0,0.0,0.0,38.6,9.0,0.4,0.4,0,1,4.40,3.41,1.34,9.9,3.8,8.2,0.4,4.4,4.6,1,39.7,39.7,20.6,0.290
482,Blake Taylor,HOU,RP,L,9.0,0.0,0.0,40.1,9.0,0.5,0.4,0,1,4.42,4.28,1.50,8.4,4.9,8.6,0.4,4.5,4.9,1,48.5,31.4,20.1,0.297
483,Devin Williams,MIL,RP,R,9.0,0.0,0.0,39.9,9.0,0.4,0.5,0,1,4.65,4.00,1.48,9.1,4.9,8.5,0.4,4.7,5.0,1,42.7,34.0,20.7,0.297
484,Eric Yardley,MIL,RP,R,9.0,0.0,0.0,39.4,9.0,0.4,0.4,0,1,4.36,3.89,1.45,5.9,3.2,9.9,0.4,4.4,4.8,1,55.9,20.8,20.7,0.309
485,Dario Agrazal,DET,RP,R,9.0,0.0,0.0,38.7,9.0,0.4,0.5,0,1,4.49,3.74,1.31,6.5,1.7,10.1,0.5,4.5,4.8,1,43.9,32.1,21.4,0.305
486,Edgar Santana,PIT,RP,R,9.0,0.0,0.0,39.0,9.0,0.4,0.5,0,1,4.51,3.81,1.38,7.9,3.0,9.3,0.4,4.4,4.8,1,42.8,33.2,21.4,0.304
487,Jordan Holloway,MIA,RP,R,9.0,0.0,0.0,42.1,9.0,0.3,0.5,0,1,5.34,5.27,1.76,7.1,6.6,9.2,0.4,5.3,5.7,1,47.0,30.4,19.9,0.299
488,James Norwood,CHC,RP,R,9.0,0.0,0.0,39.7,9.0,0.4,0.4,0,1,4.58,3.91,1.47,9.4,5.0,8.2,0.4,4.6,5.0,1,38.6,38.0,20.7,0.293
489,Cam Hill,CLE,RP,R,9.0,0.0,0.0,39.2,9.0,0.5,0.4,0,1,4.46,3.85,1.36,9.0,3.6,8.7,0.4,4.6,4.9,1,41.4,37.9,20.7,0.292
490,Junior Fernandez,STL,RP,R,9.0,0.0,0.0,39.8,9.0,0.4,0.5,0,1,4.40,4.10,1.47,8.4,4.8,8.5,0.5,4.4,4.8,1,45.5,31.1,20.6,0.295
491,Jose Suarez,LAA,SP,L,3.6,0.6,0.2,38.8,9.0,0.9,0.9,0,0,4.27,3.76,1.33,8.8,3.5,8.4,0.5,4.3,4.6,1,41.5,38.4,20.0,0.287
492,Kolby Allard,TEX,SP,L,1.8,1.8,0.7,39.1,9.0,0.6,0.5,0,0,4.71,4.14,1.42,7.3,3.6,9.2,0.3,4.7,5.0,1,44.5,35.0,20.5,0.294
493,Peter Lambert,COL,SP,R,1.8,1.8,0.6,40.1,9.0,0.4,0.7,0,0,5.51,4.50,1.53,5.7,3.1,10.6,0.4,5.6,5.9,2,45.1,30.2,22.0,0.309
494,Richard Lovelady,KC,RP,L,9.0,0.0,0.0,38.6,9.0,0.5,0.4,0,1,4.07,3.66,1.36,8.4,3.6,8.6,0.4,4.0,4.4,1,48.5,30.8,20.7,0.299
495,Travis Lakins,BAL,RP,R,9.0,0.0,0.0,39.9,9.0,0.4,0.5,0,1,5.11,4.22,1.51,7.7,4.3,9.2,0.4,5.1,5.4,2,43.3,36.1,20.6,0.293
496,Ian Gibaut,TEX,RP,R,9.0,0.0,0.0,39.3,9.0,0.5,0.4,0,1,4.37,3.76,1.43,9.5,4.8,8.0,0.5,4.3,4.7,1,43.6,35.9,20.5,0.293
497,Trevor Kelley,PHI,RP,R,9.0,0.0,0.0,40.4,9.0,0.4,0.4,0,1,5.55,4.54,1.50,6.9,3.7,9.8,0.4,5.6,5.9,2,34.8,44.0,21.2,0.288
498,Zac Grotz,SEA,RP,R,9.0,0.0,0.0,38.2,9.0,0.4,0.4,0,1,3.86,3.36,1.28,8.4,2.8,8.7,0.4,3.8,4.2,1,51.4,28.6,20.0,0.300
499,John Schreiber,DET,RP,R,9.0,0.0,0.0,39.3,9.0,0.4,0.4,0,1,4.70,3.89,1.39,8.5,3.6,8.9,0.4,4.7,5.0,1,41.9,37.4,20.7,0.294
500,David Bednar,SD,RP,R,9.0,0.0,0.0,38.8,9.0,0.4,0.4,0,1,4.06,3.66,1.33,9.3,4.0,8.0,0.4,4.0,4.4,1,42.9,34.1,20.3,0.291
501,Phillip Diehl,COL,RP,L,9.0,0.0,0.0,39.8,9.0,0.4,0.5,0,1,4.89,3.99,1.47,8.1,4.0,9.2,0.4,4.9,5.3,2,39.5,35.8,22.0,0.301
502,Elvis Luciano,TOR,RP,R,9.0,0.0,0.0,40.7,9.0,0.4,0.5,0,1,5.29,4.50,1.54,7.7,4.4,9.5,0.5,5.3,5.7,2,43.7,35.8,20.4,0.299
503,Codi Heuer,CHW,RP,R,9.0,0.0,0.0,39.5,9.0,0.5,0.4,0,1,4.52,3.96,1.43,7.6,3.7,9.2,0.4,4.5,4.9,1,51.5,28.4,20.1,0.303
504,Tyler Zuber,KC,RP,R,9.0,0.0,0.0,39.4,9.0,0.4,0.4,0,1,4.77,4.00,1.42,8.2,3.9,8.9,0.4,4.7,5.1,1,40.1,39.2,20.7,0.291
505,Kodi Whitley,STL,RP,R,9.0,0.0,0.0,39.5,9.0,0.4,0.5,0,1,4.73,4.17,1.45,7.5,3.9,9.1,0.4,4.7,5.1,1,40.2,36.5,20.6,0.291
506,Alex Vesia,MIA,RP,L,9.0,0.0,0.0,38.9,9.0,0.4,0.5,0,1,4.15,3.76,1.36,9.0,3.8,8.4,0.4,4.1,4.4,1,40.1,37.3,19.9,0.291
507,Deolis Guerra,PHI,RP,R,9.0,0.0,0.0,38.0,9.0,0.4,0.4,0,1,4.03,3.27,1.25,9.6,2.8,8.4,0.3,4.1,4.4,1,42.3,35.1,19.9,0.289
508,Adbert Alzolay,CHC,SP,R,3.0,1.2,0.5,39.0,8.9,0.5,0.5,0,0,4.78,4.04,1.41,8.7,4.0,8.5,0.4,4.8,5.1,1,35.9,40.7,20.7,0.286
509,Tarik Skubal,DET,SP,L,1.5,1.5,0.7,37.2,8.6,0.5,0.5,0,0,4.61,3.88,1.37,8.5,3.4,8.4,0.4,4.4,4.7,1,40.7,38.6,20.7,0.293
510,Luis Avilan,NYY,RP,L,12.0,0.0,0.0,37.2,8.4,0.4,0.4,0,2,4.70,4.06,1.44,7.9,3.6,8.5,0.4,4.4,4.8,1,44.0,35.9,20.1,0.297
511,Michael Pineda,MIN,SP,R,1.5,1.5,0.7,35.7,8.4,0.6,0.4,0,0,4.50,3.62,1.28,7.8,2.0,8.7,0.3,4.3,4.6,1,42.1,37.1,20.8,0.300
512,Touki Toussaint,ATL,RP,R,4.8,0.3,0.1,36.4,8.3,0.4,0.4,0,1,4.27,3.91,1.40,8.7,3.9,7.7,0.5,4.0,4.3,1,42.6,33.7,21.0,0.294
513,Forrest Whitley,HOU,SP,R,1.6,1.6,0.7,36.8,8.3,0.6,0.5,0,0,4.78,4.23,1.45,8.6,4.3,7.7,0.4,4.5,4.8,1,41.0,38.9,20.1,0.290
514,Chasen Shreve,NYM,RP,L,9.0,0.0,0.0,35.6,8.1,0.4,0.4,0,1,4.59,4.02,1.42,7.9,3.8,7.7,0.3,4.1,4.4,1,37.5,39.2,20.6,0.287
515,Mike Morin,MIL,RP,R,9.0,0.0,0.0,35.7,8.1,0.4,0.4,0,1,5.13,4.28,1.43,5.7,2.6,9.0,0.4,4.7,5.0,1,39.5,37.1,20.7,0.294
516,Nate Jones,CIN,RP,R,9.0,0.0,0.0,35.0,8.1,0.4,0.4,0,1,4.29,3.59,1.35,8.2,3.3,7.6,0.4,3.9,4.2,1,43.5,33.7,20.1,0.296
517,Colten Brewer,BOS,RP,R,9.0,0.0,0.0,35.7,8.1,0.4,0.4,0,1,4.24,4.04,1.44,7.7,3.7,7.9,0.4,3.9,4.2,1,50.5,28.3,21.2,0.303
518,Stephen Tarpley,MIA,RP,L,9.0,0.0,0.0,35.1,8.1,0.4,0.4,0,1,3.66,3.71,1.40,8.0,3.9,7.4,0.4,3.3,3.6,1,52.7,24.7,19.9,0.301
519,Reyes Moronta,SF,RP,R,9.0,0.0,0.0,34.9,8.1,0.4,0.4,0,2,4.04,3.59,1.36,9.2,4.3,6.7,0.3,3.6,3.8,1,38.0,39.1,20.1,0.288
520,Drew Steckenrider,MIA,RP,R,9.0,0.0,0.0,34.9,8.1,0.4,0.4,0,1,4.26,3.65,1.33,8.5,3.3,7.5,0.3,3.8,4.1,1,36.8,40.6,19.9,0.288
521,Hunter Strickland,NYM,RP,R,9.0,0.0,0.0,35.4,8.1,0.4,0.4,0,1,4.82,3.96,1.41,7.3,3.3,8.2,0.4,4.3,4.6,1,37.4,39.7,20.2,0.293
522,Aaron Loup,TB,RP,L,11.4,0.0,0.0,34.4,8.0,0.4,0.4,0,2,3.84,3.55,1.31,8.0,3.1,7.4,0.5,3.5,3.8,1,48.4,31.1,20.5,0.297
523,James Hoyt,CLE,RP,R,11.4,0.0,0.0,34.4,8.0,0.4,0.4,0,1,4.12,3.54,1.31,8.3,3.0,7.5,0.4,3.7,4.0,1,45.8,33.5,20.7,0.297
524,Dovydas Neverauskas,PIT,RP,R,11.4,0.0,0.0,34.9,8.0,0.4,0.4,0,1,4.46,3.76,1.43,8.3,3.9,7.6,0.3,3.9,4.2,1,41.3,34.6,21.4,0.302
525,Genesis Cabrera,STL,RP,L,7.9,0.0,0.0,33.9,7.9,0.4,0.4,0,1,4.08,3.63,1.33,8.0,3.4,7.1,0.3,3.6,3.9,1,37.8,38.9,20.6,0.285
526,Chi Chi Gonzalez,COL,SP,R,3.0,1.2,0.4,35.1,7.8,0.4,0.5,0,0,5.41,4.48,1.57,5.7,3.5,8.8,0.3,4.7,5.1,1,45.7,29.6,22.0,0.311
527,Edward Cabrera,MIA,SP,R,1.5,1.5,0.6,34.6,7.8,0.4,0.6,0,0,4.82,4.50,1.49,6.3,3.6,8.1,0.4,4.1,4.5,1,45.9,31.5,19.9,0.298
528,Luis Patino,SD,SP,R,1.5,1.5,0.6,34.4,7.8,0.4,0.5,0,0,4.82,4.35,1.43,7.0,3.6,7.6,0.3,4.2,4.5,1,40.2,36.8,20.3,0.289
529,Erasmo Ramirez,NYM,SP,R,4.8,0.8,0.3,33.7,7.7,0.4,0.5,0,0,5.09,4.25,1.41,5.6,2.3,8.6,0.3,4.3,4.6,1,44.0,34.8,21.2,0.298
530,Jake Faria,MIL,SP,R,3.6,0.6,0.2,33.7,7.7,0.4,0.5,0,0,4.71,3.94,1.42,7.6,3.5,7.4,0.3,4.1,4.3,1,39.0,37.6,20.7,0.292
531,Kyle McGowin,WSH,SP,R,3.0,1.2,0.5,32.7,7.6,0.5,0.5,0,0,4.38,3.86,1.33,6.9,2.5,7.6,0.3,3.8,4.0,1,42.8,33.8,20.7,0.294
532,Dillon Peters,LAA,SP,L,3.6,0.6,0.2,32.4,7.5,0.4,0.4,0,0,4.41,3.98,1.35,6.1,2.4,7.7,0.3,3.7,4.0,1,45.1,34.9,20.0,0.293
533,Justin Grimm,MIL,RP,R,9.0,0.0,0.0,31.9,7.2,0.3,0.4,0,1,4.81,3.97,1.46,7.3,3.6,6.9,0.3,3.9,4.1,1,39.2,37.4,20.7,0.295
534,Dominic Leone,CLE,RP,R,9.0,0.0,0.0,31.3,7.2,0.4,0.3,0,1,4.48,3.71,1.35,7.6,3.0,6.8,0.3,3.7,3.9,1,37.9,41.5,20.7,0.290
535,Brett Cecil,STL,RP,L,9.0,0.0,0.0,31.6,7.2,0.3,0.4,0,1,4.79,4.25,1.47,5.3,3.0,7.6,0.3,3.8,4.1,1,41.6,35.0,20.6,0.295
536,Bobby Wahl,MIL,RP,R,9.0,0.0,0.0,30.9,7.2,0.4,0.3,0,1,4.12,3.32,1.33,8.5,3.4,6.2,0.3,3.3,3.6,1,38.5,38.1,20.7,0.292
537,Ian Hamilton,CHW,RP,R,9.0,0.0,0.0,30.9,7.2,0.4,0.3,0,1,4.20,3.52,1.32,7.4,2.7,6.8,0.3,3.4,3.6,1,46.3,33.6,20.1,0.296
538,Sam Freeman,WSH,RP,L,9.0,0.0,0.0,31.7,7.2,0.4,0.3,0,1,4.30,4.16,1.46,6.6,3.5,7.0,0.3,3.5,3.8,1,47.9,32.1,20.0,0.295
539,JT Brubaker,PIT,SP,R,2.5,1.0,0.4,29.3,6.7,0.3,0.4,0,0,4.62,4.11,1.42,5.3,2.4,7.1,0.4,3.4,3.7,1,47.6,28.3,21.4,0.306
540,Michel Baez,SD,RP,R,6.7,0.0,0.0,29.1,6.7,0.3,0.3,0,1,4.32,3.77,1.34,6.7,2.9,6.1,0.3,3.2,3.4,1,38.5,38.4,20.3,0.287
541,Rex Brothers,CHC,RP,L,9.0,0.0,0.0,27.8,6.3,0.3,0.3,0,1,3.90,3.85,1.44,7.8,4.0,5.1,0.3,2.8,3.0,1,41.5,34.8,21.0,0.293
542,Hoby Milner,LAA,RP,L,9.0,0.0,0.0,26.9,6.3,0.3,0.3,0,1,3.96,3.55,1.28,6.3,2.3,5.8,0.3,2.8,3.0,1,43.0,37.0,20.0,0.289
543,Dillon Maples,CHC,RP,R,9.0,0.0,0.0,27.6,6.3,0.3,0.3,0,1,3.54,3.68,1.46,8.2,4.5,4.7,0.4,2.5,2.8,0,51.0,25.6,20.7,0.301
544,Caleb Ferguson,LAD,RP,L,9.0,0.0,0.0,26.7,6.3,0.3,0.3,0,1,3.57,3.26,1.24,7.4,2.6,5.2,0.3,2.5,2.7,1,42.3,35.3,19.8,0.285
545,Ryan Buchter,LAA,RP,L,9.0,0.0,0.0,27.3,6.3,0.3,0.3,0,1,4.41,3.85,1.33,6.6,2.7,5.7,0.3,3.1,3.3,1,31.0,49.0,20.0,0.277
546,Bruce Zimmermann,BAL,SP,L,1.2,1.2,0.4,27.8,6.2,0.3,0.4,0,0,5.56,4.72,1.56,4.5,2.8,6.8,0.2,3.8,4.0,1,42.7,36.7,20.6,0.295
547,Ronald Bolanos,KC,SP,R,1.2,1.2,0.5,27.8,6.2,0.3,0.4,0,0,5.31,4.68,1.56,4.9,3.3,6.4,0.4,3.6,3.9,1,45.0,34.3,20.7,0.295
548,Jerad Eickhoff,SD,SP,R,3.6,0.6,0.2,26.6,6.1,0.3,0.4,0,0,5.19,4.08,1.37,5.0,1.9,6.4,0.3,3.5,3.7,1,36.1,41.3,19.9,0.287
549,Lewis Thorpe,MIN,SP,L,3.6,0.6,0.3,25.8,6.1,0.4,0.3,0,0,4.05,3.41,1.25,6.5,2.0,5.7,0.2,2.8,3.0,1,39.9,39.3,20.8,0.291
550,Thomas Hatch,TOR,SP,R,3.6,0.6,0.2,27.1,6.1,0.3,0.4,0,0,5.25,4.30,1.44,5.1,2.4,6.4,0.4,3.6,3.8,1,41.2,38.3,20.4,0.292
551,Sean Poppen,MIN,SP,R,3.6,0.6,0.2,26.6,6.1,0.3,0.3,0,0,4.43,3.89,1.39,5.6,2.4,6.1,0.4,3.1,3.3,1,48.9,30.3,20.8,0.304
552,Paul Blackburn,OAK,RP,R,3.0,0.0,0.0,25.8,6.0,0.3,0.3,0,0,4.33,3.87,1.35,4.2,1.6,6.5,0.2,2.9,3.2,1,50.5,29.1,20.4,0.301
553,Jacob Waguespack,TOR,SP,R,3.6,0.6,0.2,26.3,6.0,0.3,0.4,0,0,4.88,4.09,1.42,5.2,2.3,6.3,0.3,3.3,3.5,1,45.6,34.0,20.4,0.299
554,Yohander Mendez,TEX,RP,L,3.0,0.0,0.0,23.3,5.4,0.3,0.3,0,0,4.43,3.65,1.36,5.2,2.3,5.1,0.3,2.6,2.8,1,39.3,40.2,20.5,0.287
555,Taylor Cole,LAA,RP,R,3.0,0.0,0.0,23.3,5.4,0.3,0.2,0,0,4.00,3.76,1.34,5.2,2.2,5.1,0.2,2.4,2.6,1,47.8,32.2,20.0,0.295
556,Anthony Banda,TB,RP,L,3.0,0.0,0.0,23.0,5.4,0.3,0.2,0,0,3.93,3.51,1.28,5.5,2.0,5.0,0.2,2.4,2.6,1,42.1,37.4,20.5,0.291
557,Trevor Oaks,SF,RP,R,3.0,0.0,0.0,23.6,5.4,0.3,0.3,0,0,4.93,4.23,1.44,3.7,1.9,5.9,0.2,2.9,3.1,1,46.5,32.8,20.7,0.299
558,Juan Nicasio,TEX,RP,R,6.0,0.0,0.0,23.3,5.4,0.3,0.3,0,1,4.50,3.68,1.36,4.9,2.0,5.4,0.2,2.7,2.9,1,42.1,37.4,20.5,0.297
559,Conner Menez,SF,SP,L,3.6,0.6,0.3,22.6,5.2,0.3,0.3,0,0,4.29,3.92,1.38,5.3,2.6,4.6,0.3,2.4,2.6,1,39.4,37.8,20.1,0.288
