#,Name,Team,Bats,ESPN,YAHOO,G,PA,AB,R,HR,RBI,SB,H,1B,2B,3B,TB,SO,BB,HBP,SF,SH,CS,AVG,OBP,SLG,OPS
1,Mookie Betts,LAD,R,OF,OF,55,255,218,43.2,11.6,34.7,6.7,60.6,33.6,14.0,1.4,112.4,36.6,30.7,2.0,1.6,2.4,1.8,0.278,0.367,0.515,0.882
2,Alex Bregman,HOU,R,SS/3B,SS/3B,55,252,211,40.8,12.5,41.5,2.4,60.6,32.8,14.5,0.8,114.2,32.4,35.7,3.3,1.7,0.6,1.0,0.288,0.395,0.542,0.937
3,Andrew Benintendi,BOS,L,OF,OF,55,251,220,36.7,7.5,29.3,5.2,59.6,36.2,14.3,1.5,99.4,50.3,25.3,2.3,1.6,2.2,1.8,0.271,0.347,0.452,0.799
4,Francisco Lindor,CLE,S,SS,SS,54,250,223,39.9,13.2,38.6,7.7,65.5,37.2,14.3,0.8,121.0,34.8,21.5,2.1,1.7,1.7,2.6,0.294,0.356,0.542,0.899
5,Jorge Polanco,MIN,S,SS,SS,55,249,223,34.9,7.1,31.9,2.8,62.4,40.2,13.0,2.0,100.8,39.8,20.8,1.8,1.8,1.6,1.3,0.280,0.342,0.453,0.795
6,Yoan Moncada,CHW,S,3B,3B,54,249,220,38.1,10.7,33.0,4.4,60.3,35.9,12.1,1.7,107.8,67.3,23.4,1.8,1.8,1.6,1.8,0.274,0.344,0.489,0.833
7,Ronald Acuna Jr.,ATL,R,OF,OF,55,249,217,40.7,14.1,36.3,11.0,61.0,35.9,10.1,0.9,115.1,61.1,25.5,2.9,1.6,2.3,3.9,0.281,0.358,0.530,0.889
8,George Springer,HOU,R,OF,OF,53,248,213,43.3,12.9,34.2,3.0,58.7,34.6,10.3,0.9,109.3,49.2,28.2,3.0,1.5,2.4,1.2,0.275,0.362,0.513,0.876
9,Kris Bryant,CHC,R,3B/OF,3B/OF,54,248,208,40.5,11.4,34.3,2.0,57.7,32.4,13.2,0.7,106.5,55.3,31.2,5.7,1.6,2.0,0.8,0.277,0.380,0.512,0.893
10,Juan Soto,WSH,L,OF,OF,55,248,206,37.2,13.3,41.1,3.3,59.6,33.6,11.5,1.3,113.6,46.4,38.6,1.6,1.7,0.4,1.4,0.289,0.402,0.551,0.953
11,Whit Merrifield,KC,R,2B/OF,1B/2B/ OF,55,247,224,32.6,5.1,22.7,8.4,62.8,42.3,13.3,2.1,95.4,41.3,16.8,2.1,1.5,2.3,2.6,0.281,0.331,0.426,0.758
12,Bryce Harper,PHI,L,OF,OF,55,247,203,36.8,15.1,40.2,4.2,53.7,27.1,11.2,0.4,110.7,61.8,39.2,2.1,1.8,0.9,1.7,0.264,0.384,0.545,0.929
13,Trevor Story,COL,R,SS,SS,55,247,221,38.9,13.6,39.7,7.2,61.1,32.1,13.8,1.6,118.8,66.0,20.8,2.2,1.8,1.5,2.6,0.277,0.341,0.539,0.880
14,Ketel Marte,ARI,S,2B/OF,2B/SS/ OF,55,246,220,37.3,8.5,32.4,3.2,65.6,40.8,13.3,3.1,110.5,33.6,21.1,1.8,1.8,1.5,1.2,0.298,0.359,0.502,0.861
15,Rafael Devers,BOS,L,3B,3B,55,246,223,38.9,12.8,40.2,3.5,66.4,37.2,15.5,0.9,122.1,44.8,18.2,1.5,1.8,1.4,1.7,0.298,0.350,0.547,0.898
16,Christian Yelich,MIL,L,OF,OF,54,245,208,39.4,13.2,40.2,8.0,64.6,37.3,12.8,1.2,119.3,49.8,31.8,2.7,1.8,0.7,2.5,0.310,0.404,0.574,0.978
17,Manny Machado,SD,R,SS/3B,SS/3B,55,245,218,33.7,13.7,39.5,2.5,59.9,34.4,10.8,1.0,113.9,42.8,23.0,1.5,1.9,0.3,1.1,0.274,0.345,0.522,0.866
18,Marcus Semien,OAK,R,SS,SS,55,245,215,35.5,8.8,27.6,4.5,56.9,34.7,12.0,1.4,98.1,41.0,25.0,1.3,1.5,2.3,1.6,0.265,0.340,0.457,0.797
19,Cody Bellinger,LAD,L,1B/OF,1B/OF,55,245,208,39.8,15.8,49.0,4.9,60.0,31.1,11.6,1.4,121.9,43.7,32.8,1.5,1.7,0.4,1.9,0.288,0.385,0.585,0.971
20,Ozzie Albies,ATL,S,2B,2B,55,245,222,36.0,9.5,34.1,5.1,63.8,38.6,13.7,2.0,110.0,37.8,18.1,2.0,1.7,1.6,1.9,0.287,0.342,0.495,0.837
21,Keston Hiura,MIL,R,2B,2B,54,245,221,34.1,11.5,37.8,5.1,60.8,35.0,13.1,1.1,110.8,64.3,16.8,4.1,2.0,0.8,2.3,0.275,0.334,0.501,0.834
22,Lorenzo Cain,MIL,R,OF,OF,53,245,216,34.8,5.9,25.5,7.2,60.4,42.6,11.4,0.5,90.4,41.8,22.5,2.8,1.7,1.7,2.3,0.279,0.350,0.418,0.768
23,Javier Baez,CHC,R,SS,SS,54,244,227,33.6,12.3,40.1,5.6,62.7,35.5,13.4,1.5,116.1,64.8,13.0,1.5,1.8,0.5,2.4,0.276,0.316,0.510,0.827
24,Trea Turner,WSH,R,SS,SS,53,244,218,35.4,7.9,29.1,13.5,62.9,40.7,12.7,1.5,102.4,44.6,20.1,1.9,1.5,2.3,3.3,0.288,0.348,0.469,0.817
25,Pete Alonso,NYM,R,1B,1B,55,244,211,35.8,16.5,42.9,0.7,53.9,26.9,10.0,0.5,114.4,61.2,24.7,5.1,1.8,0.9,0.3,0.255,0.344,0.543,0.886
26,Oscar Mercado,CLE,R,OF,OF,55,244,221,30.4,6.1,26.3,9.2,57.1,38.0,11.8,1.2,89.6,45.7,16.5,2.8,1.8,1.7,4.1,0.259,0.314,0.405,0.719
27,Matt Chapman,OAK,R,3B,3B,55,243,212,33.7,12.4,35.1,0.9,53.5,27.2,12.7,1.2,105.8,58.2,25.0,3.2,1.8,0.6,0.5,0.252,0.336,0.499,0.835
28,Xander Bogaerts,BOS,R,SS,SS,55,242,214,33.6,9.7,37.4,2.2,61.8,37.3,14.4,0.4,105.9,43.5,24.3,1.9,1.9,0.4,0.8,0.289,0.363,0.496,0.860
29,Anthony Rendon,LAA,R,3B,3B,54,242,209,32.7,10.0,36.2,1.5,58.9,34.2,13.8,0.9,104.4,35.5,27.5,3.2,1.8,0.3,0.7,0.282,0.370,0.500,0.870
30,Gleyber Torres,NYY,R,2B/SS,2B/SS,54,242,217,35.4,13.7,41.3,2.5,60.1,35.9,10.2,0.3,112.0,49.5,20.9,1.9,1.8,0.5,1.3,0.277,0.343,0.517,0.860
31,Joey Votto,CIN,L,1B,1B,54,242,200,35.5,8.4,30.4,1.3,55.7,35.6,11.1,0.5,93.2,43.7,35.7,2.6,1.7,1.5,0.5,0.278,0.389,0.465,0.854
32,Jose Ramirez,CLE,S,3B,3B,54,241,209,37.1,11.7,39.4,8.7,59.0,31.4,14.5,1.3,111.3,30.2,27.3,2.0,1.7,0.8,2.9,0.282,0.367,0.533,0.899
33,Jose Altuve,HOU,R,2B,2B,52,241,215,36.7,8.8,33.9,4.4,63.8,41.5,12.2,1.3,105.1,35.4,20.3,2.3,1.7,1.5,1.6,0.297,0.359,0.489,0.848
34,Paul Goldschmidt,STL,R,1B,1B,55,241,205,31.7,11.4,34.6,1.9,55.6,33.1,10.5,0.7,101.5,57.1,31.3,2.1,1.8,0.5,0.7,0.271,0.369,0.494,0.864
35,Nolan Arenado,COL,R,3B,3B,55,240,212,37.9,14.6,46.8,1.1,62.7,34.1,13.0,1.0,121.5,39.3,23.9,1.7,1.7,0.3,0.6,0.295,0.368,0.573,0.941
36,DJ LeMahieu,NYY,R,1B/2B/ 3B,1B/2B/ 3B,53,240,216,36.3,6.8,26.5,2.5,62.5,44.4,10.7,0.6,94.7,34.7,18.4,1.7,1.5,2.2,0.9,0.289,0.344,0.438,0.782
37,Jonathan Villar,MIA,S,2B/SS,2B/SS,54,239,213,26.7,6.2,21.1,12.2,53.5,36.3,9.7,1.3,84.4,62.1,20.8,1.8,1.5,2.1,3.4,0.251,0.318,0.396,0.714
38,Max Kepler,MIN,L,OF,OF,53,239,208,38.1,11.4,32.4,2.3,53.6,29.2,12.4,0.6,101.4,40.0,24.9,2.6,1.5,2.1,1.0,0.257,0.339,0.487,0.826
39,Eugenio Suarez,CIN,R,3B,3B,54,239,206,33.1,13.3,38.2,1.3,53.6,30.2,9.3,0.7,104.3,60.7,27.2,3.4,1.8,0.4,0.6,0.260,0.353,0.506,0.859
40,Tim Anderson,CHW,R,SS,SS,54,239,224,33.1,8.1,28.8,6.9,62.9,41.5,12.8,0.5,101.1,52.7,9.5,1.7,1.6,2.1,2.2,0.281,0.310,0.451,0.762
41,Jose Abreu,CHW,R,1B,1B,54,239,218,33.2,11.8,39.4,1.0,61.3,35.7,13.2,0.6,111.2,49.9,15.0,4.2,1.8,0.3,0.4,0.282,0.337,0.511,0.848
42,Carlos Santana,CLE,S,1B,1B,55,239,198,34.0,11.0,39.2,1.0,52.5,29.9,11.0,0.6,97.6,36.3,36.7,1.8,1.7,0.4,0.4,0.265,0.380,0.492,0.873
43,J.D. Martinez,BOS,R,OF,OF,55,239,211,36.9,14.7,46.2,0.9,62.9,35.2,12.3,0.7,120.6,55.6,24.9,1.5,1.6,0.3,0.4,0.298,0.373,0.572,0.946
44,Adam Eaton,WSH,L,OF,OF,53,237,206,32.1,5.3,25.5,4.2,57.7,40.2,10.4,1.8,87.5,40.8,23.2,4.3,1.7,1.6,1.6,0.280,0.359,0.424,0.784
45,Mike Moustakas,CIN,L,2B/3B,2B/3B,54,237,213,33.6,14.1,42.9,1.0,56.3,31.0,10.8,0.4,110.3,40.8,19.5,2.3,1.7,0.4,0.5,0.265,0.330,0.518,0.848
46,Eduardo Escobar,ARI,S,2B/3B,2B/3B,55,237,215,29.7,9.2,34.4,1.5,55.8,32.2,12.0,2.4,100.2,46.9,17.7,2.0,1.8,0.4,0.7,0.259,0.318,0.465,0.783
47,Mike Trout,LAA,R,OF,OF,52,236,185,40.4,14.8,38.2,4.8,54.1,28.1,10.3,0.9,110.7,47.4,43.1,4.3,1.7,1.5,1.6,0.292,0.431,0.598,1.029
48,Tommy Pham,SD,R,OF,OF,53,236,202,33.0,9.0,30.6,6.6,55.5,35.1,10.2,1.1,95.1,49.8,28.3,2.7,1.7,1.1,2.4,0.274,0.366,0.470,0.836
49,Jeff McNeil,NYM,L,2B/3B/ OF,2B/3B/ OF,53,236,213,33.8,7.2,27.7,3.4,61.4,40.3,12.9,1.0,97.8,31.5,14.9,5.2,1.6,1.9,1.4,0.288,0.345,0.460,0.805
50,Charlie Blackmon,COL,L,OF,OF,53,236,213,35.3,10.8,37.6,2.5,62.7,37.6,12.1,2.1,111.5,43.8,17.5,3.0,1.7,0.8,1.1,0.295,0.353,0.524,0.877
51,Josh Donaldson,MIN,R,3B,3B,53,235,197,36.3,13.2,41.1,1.4,52.8,28.2,11.2,0.2,104.1,53.6,34.7,2.0,1.6,0.4,0.6,0.268,0.380,0.529,0.910
52,Rhys Hoskins,PHI,R,1B,1B,55,235,195,33.9,12.9,39.5,1.3,48.3,24.5,10.0,0.9,98.7,55.3,34.5,3.1,1.7,0.6,0.6,0.247,0.365,0.506,0.871
53,Fernando Tatis Jr.,SD,R,SS,SS,52,235,210,33.9,10.6,30.4,8.5,56.4,34.0,9.2,2.6,102.6,61.3,19.2,2.7,1.5,2.2,3.1,0.269,0.333,0.489,0.822
54,Josh Bell,PIT,S,1B,1B,55,234,200,30.5,11.1,36.1,0.8,54.3,31.0,11.3,0.9,100.7,44.7,30.3,1.3,1.6,0.4,0.5,0.271,0.367,0.502,0.869
55,Michael Conforto,NYM,L,OF,OF,54,234,199,32.3,12.0,36.5,2.0,50.2,27.5,10.3,0.4,97.5,56.3,29.8,3.3,1.7,0.8,0.9,0.253,0.356,0.490,0.846
56,Michael Brantley,HOU,L,OF,OF,53,234,211,32.0,7.6,34.3,2.0,60.8,39.5,12.8,0.8,98.1,27.2,18.5,2.0,1.8,0.5,0.8,0.288,0.348,0.465,0.812
57,Bo Bichette,TOR,R,SS,SS,53,234,213,31.7,7.6,27.4,9.0,59.1,36.8,13.7,1.0,97.7,48.5,16.1,1.6,1.5,2.2,3.3,0.278,0.328,0.459,0.787
58,Paul DeJong,STL,R,SS,SS,54,233,208,29.0,10.7,34.2,2.4,52.0,29.6,11.2,0.5,96.4,54.3,19.1,3.7,1.6,0.4,1.2,0.250,0.321,0.463,0.785
59,Nick Castellanos,CIN,R,OF,OF,53,232,210,31.8,10.0,36.3,1.1,59.2,32.5,15.9,0.8,106.6,52.5,16.6,2.0,1.8,0.7,0.6,0.281,0.336,0.507,0.842
60,Kyle Schwarber,CHC,L,OF,OF,53,232,198,35.1,14.6,39.7,1.5,49.9,25.8,8.6,0.8,103.9,62.6,30.2,1.9,1.6,0.6,0.8,0.252,0.353,0.526,0.879
61,Freddie Freeman,ATL,L,1B,1B,53,232,200,34.5,11.9,38.4,2.3,58.3,32.8,12.8,0.8,108.4,44.7,28.2,2.5,1.8,0.3,1.0,0.292,0.383,0.543,0.927
62,Brian Anderson,MIA,R,3B/OF,3B/OF,54,232,204,25.8,7.1,25.1,1.7,51.6,32.5,11.4,0.7,85.7,50.0,20.3,4.5,1.7,1.3,0.8,0.253,0.330,0.420,0.751
63,Matt Olson,OAK,L,1B,1B,54,231,201,30.6,13.0,37.3,0.4,49.5,26.2,10.0,0.3,99.1,58.0,24.1,3.4,1.6,0.4,0.2,0.246,0.334,0.492,0.826
64,Max Muncy,LAD,L,1B/2B/ 3B,1B/2B/ 3B,52,230,192,32.6,11.1,32.9,1.4,46.2,26.1,8.4,0.5,89.1,59.8,32.1,2.7,1.7,1.4,0.6,0.240,0.352,0.463,0.815
65,Andrew McCutchen,PHI,R,OF,OF,51,230,195,35.7,10.5,29.8,3.3,51.7,30.6,9.8,0.7,94.6,50.9,28.9,2.2,1.5,2.1,1.4,0.265,0.360,0.484,0.844
66,Shin-Soo Choo,TEX,L,OF,OF,52,229,196,30.4,7.5,22.4,3.4,48.4,30.8,9.6,0.6,81.7,59.0,26.2,3.9,1.4,2.2,1.1,0.248,0.343,0.418,0.761
67,Elvis Andrus,TEX,R,SS,SS,53,229,211,25.0,4.8,23.8,7.5,54.9,37.5,11.2,1.3,83.2,36.8,14.1,1.6,1.7,1.2,2.8,0.260,0.308,0.395,0.703
68,Starling Marte,ARI,R,OF,OF,51,229,209,32.9,8.6,29.3,9.4,59.3,36.9,11.6,2.2,101.2,42.1,12.2,4.2,1.5,1.8,3.0,0.284,0.331,0.484,0.816
69,Jorge Soler,KC,R,OF,OF,54,228,198,29.6,12.3,35.3,1.3,49.9,26.7,10.4,0.4,98.2,61.7,25.3,3.0,1.7,0.4,0.6,0.253,0.343,0.497,0.840
70,Yuli Gurriel,HOU,R,1B/3B,1B/3B,54,228,211,31.1,8.8,35.1,1.8,61.0,37.9,13.6,0.7,102.4,27.4,12.0,2.4,1.8,0.7,0.8,0.289,0.331,0.486,0.817
71,Victor Robles,WSH,R,OF,OF,53,228,205,28.6,6.5,25.9,9.8,53.3,34.3,11.5,1.0,86.4,47.3,14.3,5.8,1.7,1.4,4.1,0.260,0.322,0.422,0.744
72,Anthony Rizzo,CHC,L,1B,1B,50,227,190,36.9,11.2,34.5,1.9,54.0,31.2,10.8,0.8,100.0,32.0,27.2,7.0,1.6,1.2,0.9,0.284,0.389,0.527,0.916
73,Mike Yastrzemski,SF,L,OF,OF,52,227,202,26.7,6.8,22.3,2.6,48.7,29.5,10.8,1.7,83.3,59.3,19.7,2.1,1.6,1.5,1.2,0.241,0.311,0.412,0.722
74,Nelson Cruz,MIN,R,DH,DH,51,226,198,34.5,14.1,42.5,0.5,55.8,31.7,9.7,0.3,108.5,54.2,22.6,3.6,1.7,0.3,0.2,0.282,0.363,0.549,0.912
75,Eric Hosmer,SD,L,1B,1B,54,226,204,27.6,8.3,32.0,1.3,54.2,35.3,9.9,0.7,90.4,48.7,19.1,1.2,1.7,0.6,0.6,0.266,0.330,0.444,0.774
76,Amed Rosario,NYM,R,SS,SS,55,226,209,27.8,5.4,24.5,7.6,57.7,39.9,10.5,1.9,88.2,40.5,12.0,1.6,1.7,1.8,3.0,0.276,0.315,0.422,0.737
77,Kolten Wong,STL,L,2B,2B,53,225,196,28.4,4.8,21.7,6.5,52.0,35.3,10.6,1.3,79.6,34.6,20.3,5.3,1.5,2.0,2.2,0.265,0.345,0.406,0.750
78,Aaron Judge,NYY,R,OF,OF,50,225,186,35.9,14.1,36.4,2.1,48.4,25.8,8.1,0.4,99.5,68.6,33.7,1.9,1.6,1.5,0.9,0.260,0.374,0.535,0.908
79,Justin Turner,LAD,R,3B,3B,51,225,196,31.7,9.4,34.6,1.0,54.9,33.5,11.7,0.3,95.4,34.8,21.3,5.5,1.7,0.4,0.4,0.280,0.363,0.486,0.849
80,Khris Davis,OAK,R,DH,DH,54,225,199,29.4,13.4,34.6,0.4,47.3,25.3,8.3,0.4,96.5,64.0,20.8,2.6,1.5,0.7,0.2,0.237,0.314,0.484,0.798
81,Danny Santana,TEX,S,1B/OF,1B/2B/ SS/3B/ OF,54,224,207,24.0,7.6,26.3,6.8,50.2,30.5,10.2,1.8,86.8,64.7,11.5,2.0,1.7,0.9,2.9,0.242,0.285,0.419,0.703
82,Marcell Ozuna,ATL,R,OF,OF,52,224,201,31.2,11.5,38.0,2.4,55.2,33.6,9.7,0.5,100.4,46.7,20.2,1.2,1.6,0.3,1.2,0.275,0.342,0.500,0.841
83,Corey Seager,LAD,L,SS,SS,52,224,199,31.1,8.5,32.7,0.9,55.9,33.0,13.9,0.5,96.2,40.0,20.5,1.9,1.7,1.2,0.4,0.281,0.349,0.484,0.833
84,Adalberto Mondesi,KC,S,SS,SS,52,224,209,26.0,7.1,25.3,16.6,52.7,32.5,9.9,3.1,90.2,60.8,11.2,1.1,1.6,1.4,4.8,0.252,0.290,0.432,0.721
85,Carlos Correa,HOU,R,SS,SS,52,222,193,32.7,11.7,38.3,1.1,53.1,29.5,11.1,0.7,100.8,48.0,25.1,1.5,1.6,1.1,0.4,0.275,0.359,0.523,0.881
86,Eloy Jimenez,CHW,R,OF,OF,52,222,204,32.2,12.8,39.8,0.5,58.4,34.4,10.2,0.9,108.9,49.7,13.7,1.8,1.5,0.8,0.2,0.286,0.333,0.534,0.867
87,Brandon Belt,SF,L,1B,1B/OF,52,221,188,26.1,7.3,25.7,1.7,47.2,27.5,11.3,1.1,82.6,48.8,29.3,1.8,1.7,0.5,0.8,0.251,0.354,0.439,0.793
88,Joey Gallo,TEX,L,OF,OF,53,221,186,29.2,14.7,36.1,2.5,40.9,17.5,8.2,0.5,94.1,81.4,30.5,2.2,1.6,0.4,1.1,0.220,0.333,0.506,0.839
89,Giancarlo Stanton,NYY,R,OF,OF,51,221,192,36.1,17.8,47.0,0.9,52.8,25.7,8.9,0.3,115.8,64.1,24.4,2.4,1.5,0.4,0.4,0.275,0.360,0.603,0.963
90,Franmil Reyes,CLE,R,OF,OF,52,221,197,31.2,13.7,38.5,0.4,51.7,28.6,9.2,0.3,102.6,55.3,20.2,1.1,1.8,0.7,0.2,0.263,0.331,0.522,0.853
91,Vladimir Guerrero Jr.,TOR,R,3B,3B,52,221,197,30.0,8.9,33.6,1.0,59.0,38.3,11.1,0.8,98.4,35.7,20.3,1.8,1.5,0.4,0.5,0.299,0.366,0.499,0.866
92,Luis Robert,CHW,R,OF,OF,55,221,203,30.2,9.9,31.7,8.3,56.3,34.0,10.1,2.2,100.5,55.2,10.7,3.1,1.8,1.8,3.6,0.277,0.318,0.494,0.812
93,Cavan Biggio,TOR,L,2B,1B/2B/ OF,52,220,185,27.9,7.2,24.7,4.7,43.7,27.2,8.4,1.0,75.6,58.0,31.1,1.6,1.6,1.4,1.8,0.237,0.347,0.410,0.757
94,Matt Carpenter,STL,L,3B,3B,51,220,183,28.3,8.6,26.8,1.7,42.9,23.3,10.4,0.6,80.2,54.5,31.7,2.6,1.5,1.5,0.7,0.235,0.351,0.439,0.790
95,Eddie Rosario,MIN,L,OF,OF,52,219,205,30.7,10.5,35.4,1.7,57.8,35.1,11.6,0.6,102.3,35.4,11.1,0.7,1.7,0.6,0.8,0.282,0.318,0.499,0.817
96,David Dahl,COL,L,OF,OF,49,219,198,31.5,8.6,30.3,3.6,54.4,32.6,11.4,1.8,95.3,56.5,15.0,2.0,1.4,1.8,1.4,0.275,0.327,0.481,0.808
97,Ramon Laureano,OAK,R,OF,OF,53,219,197,27.6,8.3,27.2,5.2,51.0,30.9,11.2,0.5,88.2,55.9,16.1,3.1,1.6,1.4,1.9,0.259,0.320,0.448,0.768
98,Kyle Seager,SEA,L,3B,3B,52,219,197,23.4,9.2,27.9,1.2,47.2,27.0,10.5,0.5,86.2,46.0,17.9,2.1,1.7,0.4,0.6,0.240,0.307,0.439,0.746
99,Cesar Hernandez,CLE,S,2B,2B,51,217,190,29.2,4.0,21.2,3.4,53.3,38.8,9.6,0.9,76.8,35.7,22.3,1.8,1.4,1.5,1.3,0.281,0.358,0.405,0.763
100,Andrelton Simmons,LAA,R,SS,SS,52,217,198,25.0,4.1,23.1,3.7,55.0,39.4,10.7,0.7,79.5,20.4,13.7,1.5,1.7,1.5,1.4,0.277,0.324,0.401,0.725
101,Hanser Alberto,BAL,R,2B/3B,2B/3B,52,217,205,24.8,4.5,21.9,2.0,59.2,44.2,9.7,0.8,84.0,22.0,7.1,1.9,1.5,1.1,0.9,0.289,0.315,0.410,0.725
102,Christian Walker,ARI,R,1B,1B,52,217,192,26.3,9.1,30.2,1.9,47.1,27.2,9.9,0.9,86.1,58.3,19.2,2.6,1.7,0.7,0.8,0.245,0.318,0.448,0.766
103,Dansby Swanson,ATL,R,SS,SS,52,217,192,26.4,6.6,25.6,3.6,48.2,30.5,10.2,0.9,80.1,48.4,20.1,1.5,1.7,1.7,1.6,0.251,0.321,0.416,0.738
104,David Peralta,ARI,L,OF,OF,51,217,196,28.1,7.7,31.8,0.8,54.9,34.1,11.8,1.3,92.5,43.8,16.6,2.1,1.5,0.4,0.3,0.280,0.340,0.472,0.812
105,Niko Goodrum,DET,S,2B/SS/ OF,1B/2B/ SS/OF,52,217,194,23.9,6.3,23.3,4.3,46.1,28.3,10.1,1.4,77.8,58.6,18.5,1.6,1.5,1.3,1.8,0.237,0.305,0.401,0.706
106,Nick Ahmed,ARI,R,SS,SS,54,215,195,25.2,6.3,23.8,2.5,47.3,28.6,10.7,1.6,80.2,41.2,15.6,1.5,1.6,1.2,1.1,0.243,0.300,0.412,0.712
107,Willie Calhoun,TEX,L,OF,OF,52,215,195,26.4,9.5,30.3,0.8,51.6,31.5,10.1,0.6,91.3,34.2,16.2,1.8,1.6,0.4,0.4,0.265,0.324,0.469,0.793
108,Bryan Reynolds,PIT,S,OF,OF,49,215,193,26.7,6.3,24.2,2.1,54.6,36.2,10.9,1.1,86.7,46.0,17.8,2.0,1.5,1.4,1.0,0.284,0.346,0.450,0.796
109,Adam Frazier,PIT,L,2B,2B,52,214,193,25.2,3.7,19.6,2.5,52.7,36.6,10.7,1.7,78.0,29.3,16.7,2.7,1.6,0.7,1.3,0.274,0.337,0.405,0.742
110,J.P. Crawford,SEA,L,SS,SS,52,214,186,21.6,4.5,17.4,2.8,42.6,28.0,8.7,1.3,67.5,47.1,23.1,2.1,1.5,1.4,1.2,0.229,0.317,0.363,0.680
111,Shogo Akiyama,CIN,L,OF,OF,50,214,188,30.0,5.9,23.1,4.2,52.6,36.3,9.3,1.1,81.6,40.2,21.5,2.0,1.3,2.1,1.9,0.280,0.355,0.435,0.790
112,Justin Upton,LAA,R,OF,OF,50,213,186,26.0,10.1,30.9,1.9,44.5,25.5,8.6,0.3,84.0,64.1,22.1,1.8,1.5,0.7,0.8,0.239,0.322,0.451,0.773
113,Tommy Edman,STL,S,2B/3B,2B/3B/ OF,51,213,195,25.6,4.8,22.1,6.0,53.4,36.8,9.4,2.4,82.0,35.2,12.5,2.2,1.6,1.5,2.1,0.273,0.320,0.420,0.740
114,Didi Gregorius,PHI,L,SS,SS,51,212,195,26.2,8.4,30.0,2.1,50.8,31.9,9.4,1.2,87.7,31.0,12.5,2.0,1.5,0.9,0.9,0.260,0.308,0.449,0.757
115,Austin Meadows,TB,L,OF,OF,48,212,190,30.0,9.8,29.2,4.9,52.5,30.7,10.4,1.5,95.5,42.3,17.3,2.0,1.5,1.3,2.0,0.276,0.338,0.502,0.841
116,Alex Verdugo,BOS,L,OF,OF,50,212,191,30.5,6.0,26.7,2.4,58.4,38.2,13.1,1.0,91.6,29.3,16.7,1.5,1.6,1.2,1.1,0.306,0.362,0.481,0.843
117,Renato Nunez,BAL,R,1B,1B/3B,52,211,191,24.0,9.5,29.3,0.6,46.6,28.0,8.8,0.3,84.3,54.4,15.2,2.8,1.6,0.5,0.3,0.244,0.306,0.442,0.749
118,Lourdes Gurriel Jr.,TOR,R,OF,2B/OF,50,211,197,25.9,9.4,30.6,3.1,52.7,32.8,9.9,0.7,92.1,50.0,10.2,2.6,1.6,0.4,1.5,0.268,0.310,0.469,0.779
119,Nick Solak,TEX,R,DH,2B/3B,52,211,189,24.3,7.6,25.3,2.7,48.8,32.2,8.2,0.8,81.4,48.4,17.4,2.6,1.4,0.8,1.1,0.259,0.327,0.432,0.759
120,Ryan Braun,MIL,R,OF,OF,50,210,191,28.1,9.8,34.2,3.4,51.7,30.2,11.0,0.7,93.5,43.2,15.7,2.2,1.5,0.4,1.3,0.271,0.331,0.491,0.821
121,Willy Adames,TB,R,SS,SS,55,210,188,25.0,6.5,23.4,2.5,48.3,32.4,8.6,0.8,78.0,50.1,18.7,1.3,1.5,1.1,1.1,0.257,0.324,0.415,0.740
122,Luis Arraez,MIN,L,2B/OF,2B/SS/ 3B/OF,51,210,189,28.1,2.4,22.2,2.0,59.0,45.0,10.7,0.9,78.7,17.4,16.9,1.3,1.5,1.2,0.9,0.313,0.369,0.417,0.786
123,Aaron Hicks,NYY,S,OF,OF,50,209,177,29.2,9.2,27.2,2.9,43.8,25.8,8.3,0.5,80.6,46.8,27.1,1.5,1.5,1.2,1.2,0.247,0.347,0.455,0.803
124,Starlin Castro,WSH,R,2B/3B,2B/3B,51,208,193,24.9,6.5,28.2,1.2,54.5,37.5,9.8,0.6,85.1,36.9,11.4,1.3,1.6,0.4,0.6,0.282,0.323,0.441,0.764
125,Jason Heyward,CHC,L,OF,OF,51,208,182,27.8,5.8,24.2,2.2,47.4,31.7,8.6,1.3,76.1,35.0,21.8,1.7,1.4,0.9,0.9,0.261,0.342,0.419,0.761
126,Brandon Lowe,TB,L,2B,1B/2B/ OF,50,208,185,26.1,8.8,26.5,2.5,46.6,27.2,9.8,0.8,84.3,56.9,18.0,2.3,1.5,1.3,1.0,0.251,0.321,0.455,0.776
127,Mark Canha,OAK,R,OF,1B/OF,51,207,179,25.9,8.5,26.6,1.3,43.9,25.3,9.1,1.0,80.4,49.6,20.6,5.1,1.7,0.7,0.6,0.245,0.336,0.449,0.785
128,J.T. Realmuto,PHI,R,C,C,48,206,187,28.4,8.9,29.5,2.1,51.3,30.8,10.8,0.8,90.5,43.0,14.5,2.5,1.6,0.5,0.9,0.275,0.332,0.484,0.816
129,Yordan Alvarez,HOU,L,DH,OF,48,206,178,31.8,13.1,38.5,1.2,49.4,26.3,9.8,0.3,98.9,49.7,24.1,1.5,1.4,0.7,0.5,0.277,0.364,0.555,0.919
130,Kole Calhoun,ARI,L,OF,OF,50,205,178,26.1,8.4,25.8,1.5,43.4,25.4,9.0,0.7,78.9,48.7,22.1,2.0,1.4,0.9,0.6,0.244,0.330,0.443,0.773
131,Brandon Crawford,SF,L,SS,SS,53,205,183,21.1,5.1,21.1,1.6,44.8,28.9,10.1,0.8,71.8,43.0,17.8,1.7,1.4,1.2,0.7,0.245,0.314,0.393,0.707
132,Evan White,SEA,R,1B,1B,51,205,186,21.0,7.0,23.2,1.0,46.7,30.9,7.9,0.9,77.5,46.8,13.6,1.8,1.7,1.7,0.5,0.251,0.303,0.416,0.718
133,Ryan McMahon,COL,L,2B/3B,1B/2B/ 3B,51,204,182,26.5,7.9,27.8,1.9,48.3,29.4,10.1,0.9,83.9,54.9,18.0,1.3,1.4,0.8,0.9,0.266,0.332,0.461,0.794
134,Freddy Galvis,CIN,S,2B/SS,2B/SS,52,204,188,24.7,6.0,22.5,2.0,46.4,30.7,9.0,0.7,74.8,45.8,12.5,1.0,1.5,1.1,0.8,0.247,0.293,0.397,0.690
135,Jonathan Schoop,DET,R,2B,2B,51,203,188,24.4,9.5,27.8,0.7,49.0,28.6,10.3,0.6,89.0,45.8,9.7,2.8,1.6,0.7,0.3,0.261,0.304,0.475,0.778
136,J.D. Davis,NYM,R,3B/OF,3B/OF,50,203,183,25.8,8.8,28.3,1.1,48.6,30.2,9.2,0.4,85.0,47.0,16.6,1.7,1.5,0.8,0.5,0.266,0.329,0.465,0.794
137,Kevin Newman,PIT,R,2B/SS,2B/SS/ 3B,51,203,186,23.8,3.3,18.3,6.4,52.4,38.4,9.3,1.5,74.5,26.7,12.0,1.8,1.3,1.9,2.5,0.282,0.326,0.400,0.726
138,Anthony Santander,BAL,S,OF,OF,51,203,188,23.6,8.3,27.8,1.8,50.4,30.9,10.6,0.6,87.0,41.8,10.8,1.6,1.5,0.3,0.8,0.267,0.310,0.462,0.771
139,David Fletcher,LAA,R,2B/SS/ 3B/OF,2B/SS/ 3B/OF,51,203,185,24.2,2.3,18.5,2.9,51.8,38.3,10.1,1.2,71.0,22.1,13.6,1.4,1.4,1.6,1.0,0.279,0.329,0.383,0.712
140,Kyle Lewis,SEA,R,OF,OF,51,202,184,18.4,5.8,20.2,1.2,42.5,27.2,9.0,0.5,69.8,60.4,14.6,1.2,1.4,0.7,0.5,0.230,0.288,0.379,0.667
141,Yasmani Grandal,CHW,S,C/1B,C/1B,50,201,168,28.1,9.9,30.0,1.1,41.2,22.9,7.8,0.6,79.9,47.6,29.9,1.3,1.4,0.5,0.5,0.246,0.361,0.477,0.838
142,C.J. Cron,DET,R,1B,1B,50,201,181,25.2,10.5,30.8,0.5,47.1,26.5,9.8,0.4,89.1,45.5,13.6,4.0,1.4,0.4,0.2,0.260,0.323,0.492,0.814
143,Robinson Cano,NYM,L,2B,2B,48,201,184,25.1,7.1,28.5,0.3,50.2,31.6,11.2,0.2,83.2,32.2,14.0,1.9,1.5,0.3,0.2,0.273,0.328,0.453,0.782
144,Avisail Garcia,MIL,R,OF,OF,49,201,183,25.7,8.3,28.3,2.7,49.7,31.5,9.1,0.8,85.3,46.9,13.2,2.6,1.5,1.0,1.3,0.272,0.326,0.467,0.793
145,Carter Kieboom,WSH,R,SS,SS,52,201,177,25.6,5.8,22.2,2.3,45.8,30.6,9.0,0.5,73.1,45.7,18.3,2.1,1.6,1.6,0.8,0.259,0.330,0.413,0.744
146,Jackie Bradley Jr.,BOS,L,OF,OF,52,200,174,26.1,7.2,24.6,3.9,41.6,23.7,9.8,0.9,74.7,53.4,18.7,3.4,1.5,1.6,1.3,0.239,0.319,0.429,0.748
147,Miguel Cabrera,DET,R,1B,1B,49,200,177,23.0,6.5,26.3,0.3,48.9,32.9,9.2,0.3,78.1,40.9,19.5,1.4,1.5,0.3,0.2,0.276,0.350,0.442,0.792
148,Edwin Encarnacion,CHW,R,1B,1B,48,200,171,29.1,12.2,35.3,0.6,43.3,23.6,7.2,0.3,87.7,45.2,24.1,2.4,1.6,0.5,0.3,0.253,0.350,0.513,0.862
149,Luke Voit,NYY,R,1B,1B,49,200,172,26.4,8.5,27.0,0.4,43.9,27.3,7.8,0.4,77.9,52.1,21.7,2.8,1.5,1.0,0.2,0.255,0.343,0.452,0.795
150,Jean Segura,PHI,R,SS,SS,50,200,184,25.7,4.8,23.1,4.0,53.5,37.4,10.4,0.9,80.0,25.3,11.2,2.3,1.4,1.2,1.5,0.291,0.334,0.435,0.769
151,Corey Dickerson,MIA,L,OF,OF,49,199,185,21.4,6.8,25.1,1.4,48.9,29.5,11.4,1.2,83.2,41.3,11.0,1.5,1.5,0.4,0.7,0.264,0.308,0.450,0.757
152,Randal Grichuk,TOR,R,OF,OF,49,198,182,25.2,10.8,30.6,1.1,44.8,22.8,10.2,1.1,89.5,54.5,12.5,2.0,1.4,0.7,0.5,0.247,0.299,0.493,0.792
153,Colin Moran,PIT,L,3B,1B/2B/ 3B,49,198,179,21.3,5.8,23.8,0.7,47.6,32.2,9.1,0.4,75.2,42.4,15.2,1.6,1.4,0.9,0.3,0.266,0.325,0.419,0.744
154,Howie Kendrick,WSH,R,1B/2B,1B/2B/ 3B,48,198,179,26.2,6.7,27.6,1.7,55.3,36.9,11.1,0.5,87.5,31.4,13.4,2.4,1.6,0.7,0.7,0.308,0.360,0.488,0.847
155,Shed Long Jr.,SEA,L,2B,2B/OF,49,198,178,21.2,5.6,17.9,4.0,43.4,28.4,8.2,1.2,70.7,49.7,15.2,1.4,1.2,1.9,1.6,0.244,0.304,0.398,0.701
156,Nick Senzel,CIN,R,OF,OF,49,198,178,25.6,5.9,23.3,5.3,47.4,29.7,10.4,1.4,78.2,44.7,15.6,1.6,1.6,1.6,2.3,0.266,0.326,0.440,0.766
157,Jose Iglesias,BAL,R,SS,SS,51,196,183,21.2,3.3,18.3,3.1,49.2,35.3,9.8,0.9,70.7,25.5,9.1,1.7,1.4,1.2,1.5,0.270,0.306,0.387,0.693
158,Rougned Odor,TEX,L,2B,2B,50,196,177,22.6,9.3,24.9,4.5,40.2,21.3,9.0,0.5,78.2,55.3,14.4,2.5,1.4,1.1,2.3,0.227,0.291,0.442,0.733
159,Daniel Murphy,COL,L,1B,1B,48,196,179,26.6,7.2,28.6,0.8,51.4,31.4,12.2,0.6,86.5,30.3,13.5,1.2,1.6,0.6,0.3,0.288,0.338,0.484,0.823
160,Trent Grisham,SD,L,OF,OF,49,196,170,24.2,6.6,22.9,3.3,42.0,26.2,7.6,1.6,72.5,41.2,22.1,1.6,1.4,1.1,1.4,0.247,0.335,0.427,0.762
161,Jurickson Profar,SD,S,2B,2B/OF,51,195,171,23.7,6.4,22.8,2.6,42.2,25.6,9.4,0.8,72.3,28.3,18.7,2.9,1.5,1.2,1.0,0.247,0.327,0.423,0.750
162,Isan Diaz,MIA,L,2B,2B,50,194,172,19.5,6.2,19.4,2.2,38.9,24.6,7.1,0.9,66.6,50.4,17.8,2.0,1.6,0.6,1.1,0.227,0.304,0.388,0.692
163,Shohei Ohtani,LAA,L,DH,DH,48,194,173,26.5,9.6,31.9,4.3,47.6,27.5,8.9,1.5,88.5,50.2,18.1,1.6,1.4,0.3,1.9,0.276,0.347,0.512,0.859
164,Hunter Renfroe,TB,R,OF,OF,48,193,176,23.4,10.6,28.9,1.3,40.7,21.8,7.9,0.4,81.3,55.6,14.0,1.8,1.5,0.5,0.5,0.232,0.292,0.463,0.755
165,Mauricio Dubon,SF,R,2B,2B/SS,50,193,180,20.5,4.8,19.5,4.6,47.8,33.3,9.1,0.5,72.3,30.6,9.1,1.3,1.4,1.1,2.0,0.265,0.301,0.402,0.703
166,Austin Hays,BAL,R,OF,OF,48,193,179,23.7,8.2,23.2,4.1,46.2,28.2,9.2,0.5,81.0,42.7,9.3,1.8,1.2,1.8,1.6,0.258,0.297,0.453,0.750
167,Teoscar Hernandez,TOR,R,OF,OF,49,192,171,23.0,8.5,24.6,2.8,39.7,22.5,7.7,1.0,75.0,60.2,17.0,1.3,1.4,1.0,1.3,0.232,0.303,0.439,0.742
168,Ian Happ,CHC,S,OF,1B/2B/ 3B/OF,49,192,165,25.9,8.2,25.0,2.8,39.8,23.1,7.9,0.6,73.5,55.9,22.8,1.6,1.4,1.1,1.2,0.241,0.334,0.445,0.779
169,Scott Kingery,PHI,R,3B/OF,2B/SS/ 3B/OF,46,191,174,22.4,5.8,21.7,4.8,42.8,26.6,9.4,0.9,71.4,50.6,11.7,2.0,1.5,1.3,1.8,0.245,0.296,0.409,0.705
170,Wil Myers,SD,R,OF,1B/OF,47,190,167,22.0,7.3,22.9,5.3,38.9,22.4,8.6,0.5,70.4,57.3,19.3,1.3,1.4,0.7,1.9,0.232,0.313,0.421,0.733
171,Brandon Nimmo,NYM,L,OF,OF,46,190,156,25.0,5.4,19.6,2.6,36.3,22.1,7.8,1.0,62.3,51.2,27.5,3.8,1.4,1.6,1.1,0.232,0.355,0.399,0.754
172,Dexter Fowler,STL,S,OF,OF,47,190,162,23.1,5.8,19.6,2.7,38.0,23.5,8.1,0.6,64.6,45.3,23.8,2.1,1.3,0.9,1.1,0.234,0.336,0.399,0.735
173,JaCoby Jones,DET,R,OF,OF,49,189,169,22.0,5.3,18.0,4.3,39.2,23.9,8.7,1.4,66.5,55.2,13.4,3.1,1.4,1.5,1.5,0.232,0.295,0.393,0.688
174,Yandy Diaz,TB,R,1B/3B,1B/3B,46,189,164,22.4,4.2,20.5,1.5,45.0,32.0,8.1,0.6,66.9,35.5,21.5,1.2,1.4,0.7,0.7,0.275,0.359,0.409,0.768
175,Nicky Lopez,KC,L,2B/SS,2B/SS,50,189,171,21.2,2.4,17.0,3.3,46.8,34.6,8.6,1.2,65.0,20.6,13.1,1.4,1.5,1.5,1.4,0.273,0.324,0.379,0.703
176,Austin Riley,ATL,R,OF,1B/3B/ OF,48,188,171,24.3,10.0,28.2,0.8,42.6,23.9,8.3,0.4,81.9,54.9,12.6,1.9,1.3,0.9,0.4,0.249,0.304,0.477,0.781
177,Gio Urshela,NYY,R,3B,3B,48,187,173,23.2,6.1,23.7,0.8,47.1,31.6,9.1,0.2,75.1,33.3,9.6,1.9,1.5,1.4,0.3,0.272,0.313,0.434,0.747
178,Byron Buxton,MIN,R,OF,OF,49,187,170,27.0,6.8,24.6,8.4,44.8,25.6,11.0,1.4,79.0,46.1,12.8,1.7,1.4,1.5,2.1,0.264,0.317,0.466,0.782
179,Alex Gordon,KC,L,OF,OF,47,186,164,20.6,5.2,21.7,1.8,42.2,28.1,8.5,0.4,67.1,36.0,15.6,3.9,1.5,0.6,0.8,0.257,0.332,0.408,0.740
180,Brett Gardner,NYY,L,OF,OF,47,185,163,26.2,6.4,21.4,3.4,40.7,25.8,7.1,1.4,69.7,36.0,18.2,1.8,1.4,1.2,1.1,0.250,0.328,0.428,0.756
181,Miguel Sano,MIN,R,3B,1B/3B,45,184,159,26.6,11.5,29.6,0.5,38.9,19.4,7.5,0.6,82.1,62.1,21.6,1.3,1.5,1.2,0.2,0.245,0.336,0.518,0.853
182,Salvador Perez,KC,R,C,C,47,184,172,21.8,9.1,26.5,0.9,42.8,24.7,8.6,0.4,79.6,37.3,7.2,2.7,1.3,0.6,0.4,0.249,0.287,0.462,0.749
183,Gregory Polanco,PIT,L,OF,OF,42,183,161,21.2,7.0,22.6,2.8,39.4,22.6,8.9,0.9,71.1,42.1,17.7,1.5,1.5,0.6,1.1,0.244,0.321,0.441,0.762
184,Ender Inciarte,ATL,L,OF,OF,46,183,164,23.2,3.4,18.1,5.1,43.3,31.0,7.9,1.1,63.5,28.5,15.1,1.5,1.4,0.8,2.2,0.264,0.327,0.386,0.714
185,Mallex Smith,SEA,L,OF,OF,48,182,163,17.6,2.1,13.4,12.5,39.9,28.6,7.1,2.1,57.4,41.9,14.4,2.1,1.4,1.5,3.9,0.245,0.310,0.353,0.663
186,Sam Hilliard,COL,L,OF,OF,47,182,165,22.0,6.9,23.6,4.9,40.5,24.8,7.3,1.5,71.5,55.9,13.0,1.1,1.5,1.5,2.3,0.245,0.300,0.433,0.733
187,Nico Hoerner,CHC,R,SS,SS,47,182,167,24.1,4.2,20.3,2.7,45.9,31.5,8.7,1.6,70.2,22.8,10.6,1.9,1.4,1.3,1.2,0.275,0.321,0.421,0.741
188,Justin Smoak,MIL,S,1B,1B,46,182,153,25.2,9.5,26.1,0.3,37.6,20.6,7.3,0.2,73.7,42.2,25.7,1.5,1.3,0.6,0.2,0.246,0.356,0.483,0.839
189,Eric Thames,WSH,L,1B,1B/OF,45,180,156,22.2,7.8,24.7,1.7,36.3,20.3,7.6,0.7,68.6,54.6,19.3,2.6,1.3,0.8,0.7,0.233,0.323,0.439,0.762
190,Evan Longoria,SF,R,3B,3B,43,178,162,19.9,6.6,22.7,1.0,40.8,24.7,8.6,0.9,70.8,37.6,12.0,2.0,1.3,0.9,0.4,0.252,0.307,0.437,0.744
191,Kyle Tucker,HOU,L,OF,OF,46,177,158,24.3,8.3,23.9,5.9,39.2,22.2,7.9,0.8,73.4,42.3,14.3,1.9,1.4,1.4,2.4,0.247,0.312,0.464,0.776
192,Albert Pujols,LAA,R,1B,1B,44,176,161,21.0,7.2,23.7,0.7,40.4,26.3,6.7,0.2,69.1,25.7,12.2,1.2,1.4,0.5,0.3,0.251,0.306,0.430,0.736
193,Christin Stewart,DET,L,OF,OF,45,175,154,20.2,6.7,20.9,0.5,37.0,22.5,7.2,0.6,65.5,41.7,17.3,2.0,1.3,0.9,0.2,0.241,0.322,0.427,0.748
194,Maikel Franco,KC,R,3B,3B,47,174,157,21.7,7.5,23.4,0.4,41.6,24.7,8.8,0.5,74.1,24.3,14.2,0.9,1.3,1.0,0.2,0.265,0.326,0.473,0.798
195,Luis Urias,MIL,R,2B/SS,2B/SS,45,174,151,22.7,4.6,18.8,1.8,38.4,25.5,7.4,0.9,61.4,35.2,16.6,2.9,1.3,1.4,0.8,0.254,0.333,0.406,0.739
196,Joc Pederson,LAD,L,1B/OF,1B/OF,44,173,150,27.0,10.3,26.8,1.0,38.1,19.2,7.7,0.9,78.6,36.5,18.0,3.0,1.3,0.8,0.5,0.254,0.341,0.524,0.865
197,Mitch Garver,MIN,R,C,C,43,173,152,24.1,7.5,23.6,0.5,38.7,22.3,8.3,0.7,70.8,40.9,17.1,1.7,1.2,0.7,0.2,0.255,0.333,0.465,0.798
198,Miguel Andujar,NYY,R,DH,DH,44,173,161,23.0,7.6,25.5,1.1,43.8,26.5,9.3,0.4,76.8,28.5,9.0,1.3,1.3,0.8,0.5,0.273,0.313,0.478,0.791
199,Adam Haseley,PHI,L,OF,OF,46,173,156,21.5,4.7,18.6,2.7,40.2,27.2,7.8,0.6,63.1,36.1,11.7,2.0,1.3,1.4,0.9,0.257,0.312,0.404,0.716
200,Harrison Bader,STL,R,OF,OF,46,173,151,20.4,5.9,19.0,4.3,35.7,22.5,6.6,0.8,61.4,48.4,15.6,3.3,1.3,1.3,1.7,0.236,0.315,0.405,0.721
201,Willson Contreras,CHC,R,C,C,42,172,150,22.6,6.8,25.7,1.1,39.0,23.4,8.1,0.8,69.1,40.6,17.6,2.7,1.4,0.5,0.6,0.261,0.345,0.462,0.807
202,Stephen Piscotty,OAK,R,OF,OF,44,172,153,21.4,6.7,22.3,0.9,39.6,23.3,9.1,0.4,69.8,36.7,15.0,2.2,1.3,0.9,0.4,0.259,0.329,0.456,0.786
203,Domingo Santana,CLE,R,OF,OF,43,170,148,21.5,6.8,22.4,2.3,37.2,22.3,7.6,0.4,66.0,51.2,18.9,1.3,1.2,0.7,1.0,0.252,0.338,0.447,0.785
204,Jesse Winker,CIN,L,OF,OF,44,170,146,23.9,5.9,21.4,0.9,42.0,27.8,7.8,0.6,68.6,26.6,19.3,2.1,1.2,0.7,0.4,0.287,0.374,0.468,0.842
205,Cameron Maybin,DET,R,OF,OF,42,170,148,19.8,3.8,15.7,5.5,37.7,25.5,7.9,0.5,58.2,38.6,18.0,1.2,1.1,1.5,1.9,0.254,0.334,0.392,0.726
206,Nick Madrigal,CHW,R,2B,2B,44,170,155,22.5,2.0,17.4,6.9,45.0,33.3,8.6,1.0,61.6,9.4,10.4,1.9,1.3,1.1,2.9,0.290,0.338,0.398,0.735
207,Gary Sanchez,NYY,R,C,C,42,169,149,24.8,11.5,30.8,0.6,36.8,18.8,6.2,0.3,78.3,43.0,16.0,2.5,1.3,0.5,0.2,0.248,0.327,0.526,0.854
208,Garrett Cooper,MIA,R,1B/OF,1B/OF,44,169,152,17.3,4.9,18.1,0.3,39.1,25.8,7.9,0.5,62.7,42.7,12.6,1.7,1.3,1.1,0.1,0.257,0.316,0.411,0.727
209,Tommy La Stella,LAA,L,2B/3B,2B/3B,42,168,151,21.5,4.7,18.2,0.9,40.9,28.4,7.5,0.4,63.1,21.4,12.8,1.8,1.1,1.5,0.4,0.271,0.330,0.418,0.748
210,Ji-Man Choi,TB,L,1B,1B,41,167,143,22.0,6.6,20.3,1.0,35.9,21.4,7.4,0.5,63.9,40.9,20.4,1.7,1.2,0.3,0.5,0.251,0.348,0.447,0.795
211,Michael Chavis,BOS,R,1B/2B,1B/2B/ 3B,42,167,151,21.3,7.7,23.2,1.1,37.2,22.3,6.8,0.4,68.1,48.4,12.3,1.9,1.2,0.7,0.5,0.247,0.308,0.451,0.759
212,Travis Shaw,TOR,L,3B,1B/3B,43,166,142,20.2,7.2,21.2,1.1,33.2,19.1,6.7,0.2,61.9,42.0,20.0,1.5,1.3,0.5,0.4,0.233,0.330,0.435,0.765
213,Kevin Kiermaier,TB,L,OF,OF,44,165,149,18.8,5.2,18.4,5.3,36.2,22.4,6.8,1.8,62.2,37.1,11.8,1.9,1.3,1.1,1.9,0.244,0.303,0.419,0.722
214,Miguel Rojas,MIA,R,SS,1B/SS,46,165,151,17.2,2.6,14.1,2.6,40.6,29.6,8.1,0.4,57.1,21.0,9.9,2.0,1.2,1.3,1.1,0.269,0.317,0.378,0.695
215,Asdrubal Cabrera,WSH,S,2B/3B,2B/3B,41,164,147,20.3,5.4,21.5,0.8,39.2,24.7,8.7,0.3,64.9,31.8,14.0,1.3,1.2,0.7,0.3,0.267,0.333,0.443,0.775
216,Tyler O’Neill,STL,R,OF,OF,42,164,148,19.2,8.1,22.7,1.6,34.6,20.0,6.1,0.4,66.0,51.4,12.6,1.1,1.2,0.9,0.6,0.234,0.295,0.445,0.740
217,Jeimer Candelario,DET,S,1B/3B,1B/3B,42,161,140,18.9,5.3,17.4,1.0,33.5,19.8,7.5,0.9,58.7,38.9,16.8,2.1,1.1,0.7,0.4,0.239,0.326,0.419,0.745
218,Garrett Hampson,COL,R,2B/OF,2B/SS/ OF,42,161,146,20.1,3.3,17.3,6.7,39.9,27.7,7.4,1.6,60.2,34.3,11.8,1.0,1.2,0.9,2.4,0.273,0.327,0.412,0.739
219,Yoshitomo Tsutsugo,TB,L,OF,OF,41,161,137,21.0,7.8,22.6,0.7,35.0,20.3,6.6,0.3,65.6,40.4,21.0,1.0,1.0,1.1,0.3,0.256,0.355,0.481,0.836
220,Raimel Tapia,COL,L,OF,OF,41,160,149,19.5,3.3,19.2,3.5,41.6,28.1,8.6,1.7,63.4,34.4,8.1,0.8,1.2,1.0,1.4,0.279,0.316,0.425,0.741
221,Christian Vazquez,BOS,R,C,C/1B,43,160,147,19.3,4.8,19.2,1.6,38.4,25.5,7.7,0.4,61.3,30.7,9.7,1.1,1.2,1.0,0.7,0.261,0.307,0.417,0.725
222,Jon Berti,MIA,R,SS/3B/ OF,SS/3B/ OF,42,159,141,16.2,2.8,12.4,6.8,33.5,23.6,6.3,0.8,49.7,36.3,12.5,2.3,1.1,1.3,2.2,0.237,0.305,0.352,0.657
223,Jorge Alfaro,MIA,R,C,C,42,158,145,14.9,4.9,16.5,1.4,34.3,22.7,6.2,0.5,56.1,52.0,7.5,3.3,1.1,0.7,0.6,0.236,0.286,0.387,0.673
224,Jarrod Dyson,PIT,L,OF,OF,42,158,139,17.7,2.5,12.2,8.1,33.0,24.2,5.6,0.7,47.5,28.6,14.5,1.7,1.2,1.3,2.1,0.237,0.312,0.342,0.654
225,Wilmer Flores,SF,R,2B,1B/2B,42,158,144,18.4,5.6,19.8,0.5,40.2,25.8,8.5,0.3,66.2,19.1,9.8,1.8,1.2,0.7,0.2,0.279,0.328,0.459,0.787
226,Hunter Pence,SF,R,OF,OF,41,158,144,16.9,5.3,19.3,1.8,37.2,24.4,6.8,0.7,61.2,37.5,11.0,1.1,1.1,0.3,0.8,0.258,0.312,0.424,0.736
227,Jesus Aguilar,MIA,R,1B,1B,41,157,138,16.9,6.5,19.2,0.2,32.5,19.5,6.2,0.2,58.8,39.7,15.3,1.6,1.1,0.3,0.1,0.235,0.315,0.425,0.740
228,Guillermo Heredia,PIT,R,OF,OF,41,156,138,16.1,2.7,13.1,2.1,34.3,24.2,7.1,0.3,50.2,31.1,12.9,3.2,1.1,0.8,1.0,0.249,0.324,0.365,0.689
229,Wilson Ramos,NYM,R,C,C,41,155,141,19.5,5.9,20.6,0.4,38.9,26.2,6.7,0.2,63.7,24.3,11.8,1.0,1.2,0.8,0.2,0.277,0.333,0.453,0.786
230,Todd Frazier,TEX,R,3B,3B,42,155,136,18.7,7.0,19.6,1.0,31.8,18.2,6.0,0.5,59.9,35.3,15.2,2.9,1.2,0.4,0.5,0.235,0.322,0.442,0.764
231,Jose Osuna,PIT,R,1B/OF,1B/3B/ OF,40,154,141,17.0,4.7,18.0,0.9,36.7,22.2,9.3,0.4,61.0,29.8,10.1,1.3,1.2,0.6,0.4,0.261,0.313,0.434,0.747
232,Yadier Molina,STL,R,C,C,40,153,141,17.0,4.4,17.7,1.4,36.9,24.9,7.4,0.2,57.9,22.8,8.8,1.8,1.2,0.5,0.6,0.262,0.311,0.412,0.722
233,Jose Peraza,BOS,R,2B/SS/ OF,2B/SS/ 3B/OF,42,152,141,20.5,2.9,15.7,4.1,39.5,29.1,6.9,0.7,56.3,19.8,6.8,2.2,1.2,1.2,1.6,0.281,0.319,0.401,0.720
234,Hunter Dozier,KC,R,3B/OF,1B/3B/ OF,36,152,136,17.1,5.3,19.4,0.9,33.8,19.7,7.2,1.6,60.1,41.5,13.0,1.1,1.1,0.3,0.4,0.248,0.315,0.441,0.756
235,Jose Marmolejos,WSH,L,1B,1B,39,152,138,17.5,3.8,16.9,0.5,35.9,24.2,7.5,0.4,55.6,33.5,10.1,1.1,1.1,0.9,0.2,0.260,0.311,0.402,0.713
236,Jay Bruce,PHI,L,OF,1B/OF,39,152,137,19.9,8.4,23.8,0.8,32.7,16.7,7.2,0.3,65.8,37.3,12.5,0.8,1.1,0.4,0.4,0.239,0.303,0.480,0.783
237,Alex Dickerson,SF,L,OF,OF,40,151,136,16.9,4.5,18.9,1.0,36.7,23.2,7.7,1.4,60.6,32.0,11.3,1.9,1.1,0.5,0.4,0.270,0.331,0.446,0.777
238,Josh Naylor,SD,L,OF,OF,39,151,135,19.1,4.8,18.2,1.1,36.5,23.7,7.6,0.3,59.2,25.7,12.8,0.9,1.1,0.8,0.5,0.269,0.332,0.437,0.769
239,Rio Ruiz,BAL,L,3B,1B/3B,41,150,134,15.9,4.4,16.6,0.6,33.6,22.4,6.1,0.6,54.2,33.5,12.9,0.8,1.1,0.7,0.3,0.250,0.316,0.405,0.720
240,Will Smith,LAD,R,C,C,40,150,132,19.3,7.3,20.5,1.0,29.5,16.1,5.7,0.4,57.9,37.0,13.3,2.2,1.2,1.2,0.4,0.224,0.301,0.439,0.740
241,Carson Kelly,ARI,R,C,C,42,148,127,19.7,5.2,18.0,0.8,31.5,19.4,6.6,0.3,54.3,28.3,16.5,1.5,1.2,1.2,0.3,0.247,0.335,0.426,0.761
242,Enrique Hernandez,LAD,R,2B/OF,2B/SS/ OF,38,147,129,19.1,5.8,18.7,1.1,31.5,18.3,6.7,0.6,57.0,29.5,14.1,1.2,1.1,0.9,0.4,0.243,0.319,0.440,0.759
243,Victor Reyes,DET,S,OF,OF,39,147,137,16.5,2.8,13.7,4.2,37.2,26.6,6.7,1.2,54.6,27.7,6.6,0.7,1.0,1.1,1.6,0.271,0.303,0.397,0.701
244,Roberto Perez,CLE,R,C,C,39,146,128,17.6,5.6,18.6,0.5,28.5,16.9,5.5,0.5,51.8,41.5,15.0,1.2,1.2,1.1,0.2,0.223,0.305,0.405,0.710
245,Omar Narvaez,MIL,L,C,C,39,145,126,19.0,4.7,17.0,0.3,33.6,23.3,5.4,0.2,53.5,26.7,15.6,1.2,1.2,1.0,0.2,0.267,0.348,0.425,0.773
246,Daniel Vogelbach,SEA,L,1B,1B,39,145,121,16.1,6.2,16.6,0.2,27.7,16.5,4.9,0.1,51.5,37.1,20.8,0.9,1.2,0.4,0.1,0.229,0.342,0.425,0.767
247,Gavin Lux,LAD,L,2B,2B,37,145,130,19.1,4.5,17.6,2.9,34.6,22.8,6.2,1.1,56.5,29.4,11.8,0.8,1.1,1.2,1.1,0.266,0.326,0.435,0.761
248,Tucker Barnhart,CIN,L,C,C,39,144,126,17.3,3.5,15.8,1.0,30.8,20.3,6.5,0.4,48.8,28.7,15.4,1.0,1.1,1.1,0.4,0.245,0.327,0.388,0.714
249,Josh Reddick,HOU,L,OF,OF,38,144,130,18.7,4.5,17.5,1.4,34.6,23.5,5.9,0.8,55.5,20.8,11.5,0.4,1.1,0.8,0.6,0.267,0.324,0.428,0.752
250,Jacob Stallings,PIT,R,C,C,40,143,130,14.7,2.9,14.4,0.6,33.6,22.9,7.5,0.3,50.4,27.6,9.1,1.9,1.2,1.1,0.3,0.259,0.312,0.389,0.701
251,Rowdy Tellez,TOR,L,1B,1B,39,143,128,17.8,6.4,18.7,0.9,32.4,18.8,7.0,0.2,58.8,35.5,11.6,1.4,1.1,0.9,0.4,0.253,0.318,0.460,0.778
252,Mike Zunino,TB,R,C,C,40,142,127,16.5,6.3,17.0,0.7,26.0,14.3,5.2,0.3,50.7,47.8,11.1,1.9,1.1,1.1,0.3,0.205,0.275,0.400,0.675
253,AJ Pollock,LAD,R,OF,OF,36,141,127,19.3,5.7,18.6,2.4,32.3,19.1,6.9,0.6,57.4,29.3,9.8,2.0,1.0,0.5,0.8,0.253,0.313,0.451,0.764
254,Austin Nola,SEA,R,1B,C/1B/ 2B,39,140,125,12.9,2.9,12.2,0.9,29.9,20.6,6.0,0.4,45.3,31.7,10.9,1.7,1.0,0.6,0.4,0.238,0.304,0.361,0.665
255,Steven Souza Jr.,CHC,R,OF,OF,36,139,120,18.1,6.2,18.5,2.3,29.2,16.7,5.5,0.7,54.7,40.4,15.5,1.5,1.1,0.6,1.0,0.243,0.333,0.455,0.787
256,Francisco Mejia,SD,S,C,C,37,138,126,16.4,4.6,16.6,0.9,32.8,20.9,6.5,0.8,54.8,27.0,7.9,1.7,1.1,1.1,0.4,0.260,0.307,0.434,0.740
257,Ronald Guzman,TEX,L,1B,1B,39,138,122,16.0,4.8,15.3,0.8,29.0,17.7,6.2,0.3,50.0,36.9,12.3,1.6,1.1,1.1,0.3,0.238,0.312,0.411,0.723
258,Franchy Cordero,KC,L,OF,OF,37,137,125,14.3,4.1,14.6,3.0,29.0,18.1,5.4,1.4,49.4,44.5,9.4,1.1,1.0,0.9,1.2,0.233,0.288,0.397,0.685
259,Johan Camargo,ATL,S,SS,SS/3B/ OF,38,136,123,17.4,4.5,17.1,0.9,33.2,20.9,7.3,0.4,54.8,26.5,9.8,1.1,1.0,1.0,0.3,0.269,0.324,0.445,0.769
260,Tony Wolters,COL,L,C,C,37,134,117,17.6,1.8,12.8,0.9,29.7,20.7,6.2,1.0,43.4,23.8,13.1,1.9,1.0,1.1,0.3,0.254,0.333,0.371,0.704
261,Manuel Margot,TB,R,OF,OF,37,134,121,15.5,3.6,14.0,4.4,30.2,19.8,5.9,0.9,48.6,24.9,10.2,0.8,1.0,1.0,1.8,0.250,0.308,0.403,0.710
262,Sean Murphy,OAK,R,C,C,37,134,120,16.3,5.0,17.3,0.7,29.6,17.7,6.4,0.5,52.1,28.8,9.9,1.5,1.1,1.1,0.3,0.246,0.307,0.433,0.740
263,Jason Castro,LAA,L,C,C,36,134,116,15.4,4.3,15.5,0.9,25.1,15.0,5.5,0.3,43.9,41.5,14.3,1.5,1.0,1.1,0.3,0.217,0.306,0.380,0.686
264,Mitch Moreland,BOS,L,1B,1B,35,132,117,17.3,6.1,19.2,0.4,29.2,16.1,6.5,0.5,55.0,31.4,12.2,1.0,1.1,0.4,0.2,0.249,0.321,0.470,0.791
265,Chris Taylor,LAD,R,2B/SS/ OF,2B/SS/ 3B/OF,35,131,116,16.6,3.4,14.7,2.0,28.2,17.0,6.8,1.0,47.1,35.8,11.8,1.4,0.9,0.8,0.8,0.242,0.315,0.405,0.720
266,Martin Maldonado,HOU,R,C,C,36,131,118,15.3,4.1,16.0,0.6,26.2,16.4,5.5,0.3,44.5,32.5,8.4,3.0,1.0,1.1,0.2,0.222,0.286,0.377,0.663
267,Kurt Suzuki,WSH,R,C,C,36,131,119,17.2,5.6,18.1,0.5,31.8,19.9,6.2,0.1,55.2,17.0,7.9,2.8,1.0,0.6,0.2,0.268,0.325,0.465,0.789
268,Chris Davis,BAL,L,1B,1B,36,131,115,14.1,5.8,14.6,0.3,22.7,12.7,4.0,0.2,44.5,51.5,13.5,1.3,1.0,0.4,0.1,0.198,0.286,0.387,0.674
269,Travis D’Arnaud,ATL,R,C/1B,C/1B,35,130,118,16.2,5.2,18.1,0.4,30.3,18.8,6.1,0.2,52.5,26.7,9.5,1.0,1.0,0.3,0.2,0.257,0.314,0.444,0.758
270,Brian Goodwin,LAA,L,OF,OF,34,126,113,14.6,3.7,12.8,1.9,25.6,15.7,5.7,0.5,43.4,36.3,10.3,1.0,0.9,0.7,0.8,0.227,0.294,0.385,0.679
271,Robinson Chirinos,TEX,R,C,C,36,126,108,14.9,4.8,15.0,0.8,23.5,13.3,5.1,0.3,43.7,37.9,12.9,3.3,1.0,1.0,0.3,0.218,0.315,0.405,0.720
272,Jake Lamb,ARI,L,1B/3B,1B/3B,34,125,106,15.3,4.7,15.1,0.8,24.8,14.0,5.5,0.7,45.6,32.5,15.0,1.6,1.0,0.9,0.4,0.234,0.332,0.430,0.762
273,Albert Almora Jr.,CHC,R,OF,OF,36,125,115,15.5,3.2,14.4,1.3,30.9,21.0,6.2,0.5,47.7,21.8,6.9,0.7,0.9,1.0,0.5,0.269,0.309,0.415,0.724
274,Marwin Gonzalez,MIN,S,1B/3B/ OF,1B/3B/ OF,35,123,110,16.1,4.1,15.9,0.6,29.4,18.8,6.2,0.3,48.5,25.3,10.0,1.4,1.0,0.8,0.3,0.268,0.332,0.443,0.774
275,Adam Duvall,ATL,R,OF,OF,35,122,110,15.6,6.3,17.7,0.5,25.4,13.3,5.3,0.5,50.6,32.2,9.3,1.7,0.9,0.6,0.2,0.232,0.298,0.461,0.759
276,Dylan Carlson,STL,S,OF,OF,31,122,108,14.3,3.7,14.0,2.5,27.2,17.3,5.2,1.0,45.5,25.3,10.4,1.2,1.0,1.0,1.2,0.251,0.318,0.419,0.737
277,Kevin Pillar,BOS,R,OF,OF,35,120,112,15.6,3.7,14.7,2.5,30.4,19.3,7.0,0.3,49.1,19.4,4.9,1.4,0.9,0.5,0.9,0.272,0.307,0.440,0.746
278,Ryan Mountcastle,BAL,R,1B,1B,31,120,113,13.7,4.9,15.8,0.6,30.5,19.4,5.9,0.3,51.6,29.0,5.1,0.9,0.9,0.8,0.3,0.271,0.304,0.459,0.763
279,Nomar Mazara,CHW,L,OF,OF,31,119,108,16.2,5.9,17.6,0.8,28.3,16.7,5.5,0.3,52.0,26.3,9.0,1.2,0.9,0.5,0.3,0.262,0.322,0.482,0.804
280,Yoenis Cespedes,NYM,R,OF,OF,33,118,106,16.1,6.6,19.2,0.8,27.6,15.3,5.4,0.3,53.6,30.3,10.1,1.0,0.8,0.2,0.4,0.260,0.327,0.504,0.832
281,Danny Jansen,TOR,R,C,C,36,118,104,15.2,4.2,14.3,0.9,26.3,16.6,5.1,0.4,44.6,21.5,10.4,1.9,0.9,0.9,0.3,0.253,0.327,0.429,0.756
282,Austin Romine,DET,R,C,C,36,117,108,12.7,3.6,13.6,0.7,27.7,17.9,6.0,0.3,45.0,25.6,6.7,0.9,0.9,0.9,0.3,0.257,0.301,0.418,0.719
283,Eric Sogard,MIL,L,2B,2B/3B/ OF,34,117,103,15.5,2.5,11.8,1.7,26.8,18.7,5.3,0.4,40.3,18.4,11.7,1.1,0.7,1.1,0.6,0.261,0.338,0.392,0.730
284,Kevin Cron,ARI,R,1B,1B,34,116,103,15.2,6.4,17.7,0.7,25.5,13.7,5.0,0.3,50.3,31.5,9.6,1.3,0.9,0.7,0.3,0.247,0.314,0.488,0.801
285,DJ Stewart,BAL,L,OF,OF,35,116,102,13.8,4.4,13.8,2.2,25.9,16.0,5.2,0.3,45.1,25.9,11.4,1.5,0.9,0.9,0.9,0.255,0.333,0.443,0.776
286,Ryan O’Hearn,KC,L,1B,1B,32,116,103,13.4,4.9,13.9,0.4,23.9,13.6,5.0,0.4,44.6,31.4,11.3,0.8,0.8,0.5,0.2,0.232,0.310,0.433,0.743
287,Chance Sisco,BAL,L,C,C,35,114,99,12.5,3.7,12.5,0.6,23.9,15.3,4.7,0.1,40.1,32.5,10.1,2.8,0.9,0.6,0.2,0.241,0.324,0.404,0.728
288,David Bote,CHC,R,2B/3B,2B/SS/ 3B,34,114,99,14.3,3.5,13.5,1.4,24.2,15.4,5.0,0.3,40.3,29.3,11.3,1.5,0.9,0.7,0.6,0.244,0.326,0.406,0.732
289,Yan Gomes,WSH,R,C,C,34,114,102,13.6,4.2,13.8,0.4,24.2,14.7,5.2,0.1,42.2,28.4,8.7,1.7,0.9,0.9,0.2,0.238,0.303,0.414,0.718
290,Jake Marisnick,NYM,R,OF,OF,34,113,103,13.0,4.0,12.8,3.0,22.6,13.3,4.8,0.5,40.3,35.6,7.2,1.8,0.9,0.8,1.1,0.220,0.278,0.393,0.671
291,Matt Joyce,MIA,L,OF,OF,31,113,96,12.1,3.7,11.7,0.5,22.1,13.8,4.5,0.2,37.9,25.3,14.7,0.7,0.8,0.7,0.2,0.230,0.332,0.395,0.727
292,Dee Gordon,SEA,L,2B,2B,34,113,106,11.0,0.9,8.2,5.3,28.6,22.6,3.8,1.2,37.5,17.3,4.1,1.2,0.8,0.9,1.6,0.270,0.300,0.355,0.655
293,Derek Fisher,TOR,L,OF,OF,35,112,98,13.8,4.2,13.1,2.5,22.5,13.7,4.1,0.5,40.4,35.7,11.7,1.0,0.9,0.9,1.0,0.231,0.315,0.414,0.728
294,Joey Wendle,TB,L,2B/3B,2B/SS/ 3B,33,111,102,12.1,1.9,10.9,2.6,26.5,18.1,5.8,0.7,39.2,20.9,6.1,1.9,0.8,0.6,1.0,0.260,0.309,0.385,0.694
295,Dominic Smith,NYM,L,1B/OF,1B/OF,32,111,100,13.2,4.1,14.0,0.8,24.5,15.0,5.2,0.2,42.3,26.0,8.3,0.9,0.9,0.8,0.3,0.244,0.304,0.422,0.726
296,Jordan Luplow,CLE,R,OF,OF,33,109,95,14.8,4.3,13.3,1.6,24.1,14.1,5.2,0.5,43.0,23.7,11.2,1.2,0.8,0.5,0.7,0.253,0.336,0.453,0.788
297,Brandon Drury,TOR,R,3B/OF,1B/2B/ SS/3B/ OF,31,108,98,12.5,3.2,11.9,0.5,23.9,15.0,5.4,0.3,39.6,26.7,7.8,1.0,0.8,0.7,0.2,0.244,0.302,0.404,0.707
298,Pedro Severino,BAL,R,C,C,34,108,97,11.5,3.4,12.0,0.9,23.8,16.0,4.2,0.2,38.7,23.6,7.8,1.1,0.8,0.8,0.4,0.245,0.304,0.398,0.702
299,Reese McGuire,TOR,L,C,C,34,107,97,12.5,2.8,11.6,1.0,23.7,15.8,4.6,0.4,37.5,21.3,8.1,1.0,0.8,0.7,0.4,0.245,0.305,0.389,0.694
300,Franklin Barreto,OAK,R,2B,2B/SS,34,106,96,13.3,3.6,11.5,2.0,22.5,13.7,4.6,0.6,39.0,32.6,7.2,1.2,0.8,0.7,0.8,0.233,0.290,0.405,0.696
301,Matt Beaty,LAD,L,1B/OF,1B/3B/ OF,32,106,97,14.0,3.2,13.6,1.1,26.7,17.3,5.8,0.3,42.8,15.0,6.7,1.2,0.8,0.6,0.4,0.276,0.327,0.443,0.770
302,Steven Duggar,SF,L,OF,OF,32,105,94,11.4,1.6,8.5,2.2,22.9,15.4,5.2,0.8,34.5,29.4,8.4,0.6,0.8,0.8,0.9,0.243,0.304,0.366,0.671
303,Jake Bauers,CLE,L,1B/OF,1B/OF,32,104,90,13.0,3.5,11.6,2.2,22.1,13.3,5.0,0.3,38.2,24.5,12.1,0.9,0.8,0.5,1.0,0.247,0.338,0.427,0.765
304,Michael A. Taylor,WSH,R,OF,OF,32,102,92,11.3,3.0,11.2,3.7,21.6,13.5,4.8,0.3,35.9,31.2,7.5,0.6,0.8,0.6,1.3,0.234,0.292,0.390,0.682
305,Tony Kemp,OAK,L,2B/OF,2B/OF,33,102,91,12.5,1.6,9.6,2.8,23.4,16.7,4.1,1.0,34.2,14.6,8.6,1.1,0.8,0.8,1.1,0.258,0.324,0.377,0.701
306,Victor Caratini,CHC,S,C/1B,C/1B,32,102,91,12.9,2.9,12.4,0.4,24.1,16.0,5.0,0.2,38.2,21.0,9.1,1.2,0.8,0.6,0.2,0.266,0.337,0.422,0.759
307,Austin Hedges,SD,R,C,C,32,101,92,11.7,4.0,12.0,0.5,19.8,11.7,3.7,0.3,36.2,28.7,6.9,0.9,0.8,0.7,0.2,0.215,0.272,0.394,0.667
308,Stephen Vogt,ARI,L,C,C/OF,31,98,89,12.1,3.7,12.9,0.9,22.0,12.6,5.2,0.4,39.3,21.9,7.2,0.6,0.7,0.5,0.4,0.248,0.305,0.443,0.747
309,Austin Allen,OAK,L,C,C,32,98,90,10.9,3.0,11.5,0.4,21.2,13.3,4.8,0.2,35.4,22.3,6.2,0.9,0.7,0.6,0.2,0.237,0.289,0.395,0.683
310,Jose Martinez,TB,R,OF,OF,30,98,88,11.4,3.0,12.4,0.6,23.8,16.4,4.0,0.3,37.6,20.6,8.9,0.6,0.8,0.4,0.3,0.272,0.339,0.429,0.768
311,Jedd Gyorko,MIL,R,3B,1B/3B,30,97,85,13.3,4.5,13.5,0.9,21.2,12.8,3.7,0.2,38.8,21.8,10.0,0.6,0.7,0.5,0.4,0.249,0.328,0.456,0.784
312,Tyler Naquin,CLE,L,OF,OF,31,97,88,13.1,3.3,11.9,1.3,24.6,15.9,5.2,0.3,40.3,22.1,6.4,0.8,0.7,0.6,0.6,0.279,0.329,0.457,0.786
313,Roman Quinn,PHI,S,OF,OF,31,97,87,12.1,2.1,9.7,4.5,21.3,14.5,3.7,0.9,33.4,26.1,8.0,0.9,0.7,0.7,1.5,0.245,0.310,0.383,0.693
314,Manny Pina,MIL,R,C,C,31,97,87,11.5,2.9,11.8,0.5,21.7,14.0,4.5,0.3,35.4,22.4,6.8,1.4,0.7,0.6,0.2,0.248,0.308,0.404,0.712
315,Rob Brantly,SF,L,C,C,32,96,87,10.1,2.0,9.1,0.3,21.4,15.0,3.9,0.5,32.2,17.1,5.9,1.4,0.8,0.8,0.1,0.245,0.299,0.370,0.669
316,Curt Casali,CIN,R,C,C,30,96,84,11.7,3.2,12.1,0.4,20.4,13.0,4.1,0.2,34.3,22.3,8.9,0.9,0.7,0.6,0.2,0.242,0.317,0.407,0.723
317,Tyler Heineman,SF,S,C,C,32,96,87,10.2,1.8,9.1,1.0,21.5,14.8,4.3,0.5,32.4,17.1,7.1,1.0,0.7,0.7,0.4,0.248,0.308,0.374,0.682
318,Jason Kipnis,CHC,L,2B,2B,30,96,85,12.0,2.9,11.5,1.1,21.2,13.0,5.0,0.3,35.6,18.0,8.7,0.7,0.8,0.7,0.4,0.249,0.318,0.417,0.736
319,Tyler Flowers,ATL,R,C,C,31,95,82,11.8,3.0,10.9,0.3,18.9,12.1,3.4,0.4,32.2,28.2,9.0,2.4,0.7,0.6,0.1,0.230,0.318,0.390,0.709
320,Phillip Ervin,CIN,R,OF,OF,30,93,83,11.7,2.8,10.9,2.4,20.6,12.9,3.9,0.9,34.8,21.9,8.1,1.3,0.7,0.5,1.0,0.248,0.321,0.420,0.741
321,Edward Olivares,SD,R,OF,OF,30,93,86,10.0,2.0,9.6,3.2,20.7,14.3,3.9,0.5,31.7,17.3,5.1,1.0,0.7,0.6,1.4,0.242,0.288,0.370,0.659
322,Francisco Cervelli,MIA,R,C,C,30,92,79,9.2,2.0,8.4,0.6,18.1,12.2,3.5,0.4,28.2,22.3,9.9,2.1,0.7,0.3,0.3,0.230,0.328,0.359,0.687
323,Brendan Rodgers,COL,R,2B,2B/SS,25,92,84,12.0,3.1,12.5,0.8,23.7,15.3,4.8,0.4,38.8,19.2,5.0,1.2,0.7,0.5,0.3,0.281,0.326,0.460,0.787
324,Matt Adams,ATL,L,1B,1B,29,91,83,12.2,5.3,14.2,0.2,19.8,10.6,3.8,0.1,39.8,26.5,6.2,0.9,0.7,0.4,0.1,0.239,0.295,0.479,0.774
325,Harold Ramirez,MIA,R,OF,OF,30,90,83,9.4,2.1,9.0,0.8,22.4,15.5,4.4,0.4,34.1,17.5,4.3,1.0,0.7,0.5,0.4,0.270,0.310,0.410,0.720
326,Mike Tauchman,NYY,L,OF,OF,29,90,80,11.5,2.5,10.6,1.7,20.1,13.1,4.1,0.4,32.5,19.9,8.4,0.6,0.7,0.6,0.7,0.252,0.324,0.408,0.732
327,Nate Lowe,TB,L,1B,1B,30,90,79,11.9,3.9,12.2,0.3,21.2,13.0,4.1,0.1,37.2,20.6,9.5,0.7,0.7,0.4,0.1,0.268,0.348,0.472,0.820
328,Ben Gamel,MIL,L,OF,OF,28,89,78,11.0,1.7,9.2,1.1,20.5,14.0,4.5,0.4,30.9,21.2,8.7,0.8,0.7,0.6,0.5,0.263,0.339,0.397,0.736
329,Brock Holt,MIL,L,2B,1B/2B/ SS/OF,28,89,77,10.4,1.7,8.5,0.9,19.7,13.9,3.7,0.4,29.2,18.4,8.9,1.2,0.7,0.5,0.4,0.254,0.336,0.376,0.712
330,Joe Panik,TOR,L,2B,2B,29,88,79,10.7,1.8,9.1,0.9,21.1,14.4,4.5,0.4,31.7,9.1,7.4,0.8,0.6,0.7,0.3,0.268,0.332,0.403,0.735
331,Tim Lopes,SEA,R,OF,OF,29,88,80,8.0,1.1,6.9,3.5,19.8,14.3,4.1,0.3,27.9,18.5,6.1,0.6,0.6,0.6,1.5,0.248,0.302,0.350,0.651
332,Leury Garcia,CHW,S,OF,SS/OF,29,87,81,10.8,1.6,8.8,2.1,21.4,15.6,3.8,0.5,31.0,19.9,3.7,1.1,0.6,0.7,0.8,0.264,0.301,0.382,0.682
333,John Ryan Murphy,PIT,R,C,C,29,86,79,8.2,2.4,8.7,0.4,16.4,10.5,3.3,0.2,27.2,24.5,5.7,0.6,0.7,0.6,0.1,0.208,0.262,0.346,0.608
334,Lewis Brinson,MIA,R,OF,OF,28,86,78,7.9,2.2,7.9,1.4,16.5,10.5,3.3,0.5,27.4,25.9,5.3,1.3,0.7,0.6,0.6,0.213,0.270,0.353,0.622
335,Ryan McBroom,KC,R,1B,1B/OF,30,86,78,9.8,2.6,9.2,0.4,19.5,12.8,4.0,0.1,31.5,22.6,6.2,0.9,0.7,0.7,0.2,0.251,0.309,0.406,0.716
336,Lane Thomas,STL,R,OF,OF,28,86,77,10.1,3.0,10.1,2.2,18.7,11.6,3.5,0.6,32.4,22.0,6.8,0.8,0.6,0.6,1.0,0.243,0.306,0.419,0.725
337,Jo Adell,LAA,R,OF,OF,22,86,79,9.9,2.8,9.4,1.2,19.0,11.8,4.2,0.2,32.0,24.7,5.4,0.9,0.6,0.5,0.5,0.242,0.294,0.407,0.701
338,Dwight Smith Jr.,BAL,L,OF,OF,28,85,76,9.8,2.7,10.0,1.1,19.9,12.9,3.9,0.4,32.7,17.3,6.7,0.8,0.6,0.4,0.5,0.262,0.325,0.430,0.755
339,Jeff Mathis,TEX,R,C,C,29,85,77,7.2,1.2,6.9,0.6,15.1,10.2,3.4,0.2,22.8,28.5,5.6,0.6,0.7,0.7,0.2,0.196,0.252,0.294,0.546
340,Isiah Kiner-Falefa,TEX,R,C/3B,C/3B,30,85,76,9.5,1.1,7.1,1.3,19.3,14.0,3.9,0.3,27.0,15.3,5.9,1.3,0.7,0.6,0.6,0.252,0.311,0.354,0.665
341,Max Stassi,LAA,R,C,C,28,84,74,9.1,2.4,9.2,0.5,15.4,9.8,3.0,0.1,25.9,25.5,7.3,1.2,0.7,0.6,0.2,0.207,0.284,0.349,0.634
342,Erik Gonzalez,PIT,R,SS,SS/3B/ OF,28,84,78,7.7,1.4,7.3,1.4,18.7,13.1,3.7,0.5,27.8,23.0,4.1,0.7,0.6,0.6,0.6,0.240,0.280,0.355,0.635
343,Robbie Grossman,OAK,S,OF,OF,27,84,72,10.3,1.5,8.3,1.1,17.9,12.0,3.9,0.4,27.2,15.8,10.8,0.5,0.6,0.5,0.5,0.248,0.345,0.377,0.723
344,Luis Rengifo,LAA,S,2B,2B/SS,28,84,75,9.8,1.6,8.3,2.0,18.4,12.5,3.6,0.6,28.3,16.7,7.2,0.9,0.6,0.6,1.0,0.247,0.315,0.378,0.693
345,Donovan Solano,SF,R,2B,2B/SS,28,84,78,8.9,1.1,7.4,0.5,21.7,15.9,4.4,0.3,30.0,15.3,3.9,0.8,0.6,0.6,0.2,0.276,0.312,0.383,0.695
346,Austin Barnes,LAD,R,C,C,28,82,70,9.9,1.9,9.2,1.1,15.7,10.1,3.4,0.3,25.2,19.0,8.7,1.5,0.6,0.6,0.4,0.224,0.318,0.360,0.678
347,Orlando Arcia,MIL,R,SS,SS,28,82,74,9.7,2.2,9.7,1.6,18.7,12.7,3.6,0.2,29.3,15.5,6.3,0.4,0.6,0.6,0.7,0.253,0.310,0.397,0.708
348,Dawel Lugo,DET,R,3B,3B,28,82,77,8.8,1.7,8.9,0.8,20.9,14.6,3.9,0.7,31.4,14.2,3.2,0.5,0.6,0.4,0.4,0.270,0.300,0.406,0.706
349,Jake Fraley,SEA,L,OF,OF,24,82,75,8.3,2.2,7.8,2.4,18.1,11.4,4.0,0.5,29.8,19.9,4.9,1.0,0.6,0.5,1.1,0.241,0.292,0.398,0.690
350,Monte Harrison,MIA,R,OF,OF,22,81,73,7.7,2.3,7.3,2.7,16.1,10.6,2.9,0.4,26.5,26.0,5.2,1.0,0.6,0.5,1.0,0.220,0.278,0.362,0.640
351,Alex Avila,MIN,L,C,C,27,81,66,10.7,2.6,10.4,0.4,13.9,8.6,2.6,0.2,24.7,26.1,12.8,0.6,0.6,0.6,0.2,0.210,0.337,0.373,0.710
352,Clint Frazier,NYY,R,OF,OF,26,80,72,10.6,3.3,11.0,0.9,18.1,10.6,4.0,0.2,32.5,20.3,6.0,0.8,0.6,0.4,0.4,0.250,0.311,0.450,0.761
353,Ty France,SD,R,2B/3B,2B/3B,27,80,72,10.3,3.1,10.1,0.4,18.9,11.9,3.7,0.3,32.4,15.3,5.0,2.1,0.6,0.4,0.2,0.263,0.325,0.450,0.775
354,James McCann,CHW,R,C,C,27,79,72,9.4,2.6,9.9,0.5,17.6,11.5,3.4,0.2,29.0,21.4,5.3,1.0,0.6,0.3,0.2,0.244,0.301,0.401,0.702
355,Sandy Leon,CLE,S,C,C,27,77,70,8.3,2.0,8.4,0.5,15.4,10.3,3.1,0.1,24.6,19.5,5.5,0.7,0.6,0.6,0.2,0.221,0.280,0.352,0.632
356,Aristides Aquino,CIN,R,OF,OF,21,76,70,10.2,4.6,12.4,1.0,17.3,9.3,3.2,0.2,34.7,21.0,5.0,0.7,0.5,0.2,0.4,0.248,0.302,0.497,0.799
357,Tom Murphy,SEA,R,C,C,20,75,69,7.2,3.0,8.4,0.4,14.8,8.4,3.1,0.3,27.5,27.0,4.4,0.7,0.5,0.1,0.2,0.213,0.265,0.397,0.662
358,Pablo Sandoval,SF,S,1B/3B,1B/3B,26,75,68,8.5,2.8,8.9,0.4,16.9,10.3,3.7,0.2,29.1,16.6,4.8,0.5,0.6,0.4,0.2,0.247,0.298,0.427,0.724
359,Brett Phillips,KC,L,OF,OF,27,74,65,8.3,2.0,7.3,1.8,13.6,8.3,2.2,1.1,24.0,25.3,7.8,0.5,0.6,0.5,0.6,0.209,0.295,0.369,0.664
360,Jordy Mercer,DET,R,SS,1B/2B/ SS,26,74,67,8.4,1.8,7.7,0.3,17.0,11.1,3.8,0.2,26.7,13.9,5.6,0.7,0.6,0.6,0.1,0.253,0.312,0.398,0.710
361,Billy Hamilton,SF,S,OF,OF,25,73,65,6.9,0.5,5.4,4.2,15.0,11.2,2.6,0.7,20.6,17.3,5.9,0.3,0.5,0.6,1.0,0.230,0.292,0.316,0.608
362,Greg Allen,CLE,S,OF,OF,25,72,65,8.6,1.2,7.1,2.8,16.2,11.5,3.0,0.5,23.7,15.3,4.6,1.7,0.6,0.5,1.0,0.249,0.311,0.367,0.678
363,Aledmys Diaz,HOU,R,1B/2B,1B/2B/ SS/3B,23,71,64,9.6,2.5,9.4,0.6,16.8,10.3,3.7,0.2,28.4,10.7,5.1,0.7,0.5,0.4,0.3,0.262,0.320,0.445,0.765
364,Mike Ford,NYY,L,1B,1B,24,71,62,10.8,3.9,11.1,0.2,16.2,9.2,3.1,0.1,31.1,13.4,7.4,0.7,0.5,0.4,0.1,0.263,0.345,0.503,0.848
365,Joey Bart,SF,R,C,C,23,71,65,7.5,2.1,7.4,0.9,15.4,10.0,2.9,0.4,25.4,15.7,3.7,0.7,0.5,0.4,0.4,0.236,0.281,0.390,0.671
366,Alec Bohm,PHI,R,3B,3B,20,71,64,9.1,2.7,9.4,0.7,17.3,11.1,3.2,0.3,29.2,12.2,5.4,0.5,0.5,0.4,0.3,0.268,0.326,0.453,0.779
367,Brad Miller,STL,L,3B,2B/3B/ OF,24,70,61,8.7,2.8,8.7,0.7,14.5,8.3,3.0,0.3,26.5,18.8,7.3,0.5,0.5,0.4,0.3,0.236,0.318,0.434,0.752
368,Tim Locastro,ARI,R,OF,OF,24,70,62,8.4,1.1,6.4,2.7,15.6,10.5,3.4,0.5,23.4,13.3,3.8,2.8,0.5,0.5,0.8,0.250,0.318,0.376,0.694
369,Josh VanMeter,CIN,L,OF,1B/2B/ 3B/OF,24,70,62,9.4,2.4,9.0,1.8,16.0,9.8,3.4,0.3,27.3,14.3,6.5,0.5,0.5,0.4,0.7,0.257,0.327,0.439,0.766
370,JT Riddle,PIT,L,OF,SS/OF,24,69,64,7.2,1.8,7.1,0.6,15.7,10.5,3.1,0.3,24.8,15.0,3.8,0.4,0.5,0.4,0.3,0.244,0.286,0.386,0.672
371,Rangel Ravelo,STL,R,1B,1B,24,67,60,7.9,1.8,7.5,0.3,15.8,10.6,3.2,0.2,24.9,12.9,5.1,0.8,0.5,0.4,0.1,0.263,0.325,0.415,0.739
372,Daniel Robertson,TB,R,2B/3B,2B/SS/ 3B,23,67,57,7.4,1.3,6.3,0.6,13.6,9.5,2.6,0.2,20.6,15.6,6.9,1.3,0.5,0.3,0.3,0.237,0.329,0.359,0.688
373,Austin Slater,SF,R,OF,1B/OF,24,67,58,7.2,1.5,6.5,0.9,14.6,9.9,2.9,0.3,22.6,18.1,6.4,1.0,0.5,0.4,0.4,0.250,0.330,0.388,0.718
374,Seth Brown,OAK,L,OF,OF,24,67,62,7.4,2.1,7.8,0.6,14.0,8.5,2.9,0.5,24.2,19.3,4.5,0.4,0.5,0.3,0.3,0.227,0.281,0.393,0.674
375,Delino DeShields,CLE,R,OF,OF,22,66,58,8.0,0.9,5.9,3.3,13.6,9.6,2.8,0.3,19.9,15.6,6.7,0.5,0.5,0.5,1.1,0.235,0.314,0.343,0.658
376,Yolmer Sanchez,SF,S,2B,2B,23,66,59,6.6,0.8,5.6,0.8,14.9,10.1,3.1,0.7,22.0,13.6,4.7,0.7,0.5,0.5,0.4,0.251,0.309,0.372,0.680
377,Andrew Velazquez,BAL,S,SS,SS,24,66,61,6.9,1.5,6.6,2.0,14.8,10.1,2.8,0.3,22.9,17.5,3.6,0.6,0.5,0.4,0.8,0.243,0.288,0.376,0.664
378,Matt Wieters,STL,S,C,C,23,65,58,7.5,2.4,7.5,0.4,13.5,8.5,2.5,0.1,23.3,14.3,5.3,0.5,0.5,0.4,0.2,0.232,0.298,0.401,0.699
379,Willi Castro,DET,S,SS,SS,23,65,59,7.2,1.3,6.1,1.3,15.1,10.4,2.8,0.6,22.9,14.2,3.4,0.8,0.5,0.5,0.5,0.254,0.299,0.385,0.684
380,Cole Tucker,PIT,S,SS,SS,24,65,59,6.7,1.2,6.1,1.8,14.4,10.0,2.8,0.5,21.7,13.9,5.1,0.5,0.5,0.5,0.7,0.245,0.306,0.368,0.674
381,Josh Harrison,PHI,R,2B,2B,23,65,60,7.4,1.6,7.0,1.0,14.9,10.1,3.0,0.2,23.0,12.9,3.4,1.3,0.5,0.5,0.4,0.250,0.300,0.387,0.687
382,Adeiny Hechavarria,ATL,R,2B/SS,2B/SS/ 3B,22,64,59,7.3,1.4,6.8,0.7,14.9,10.4,3.0,0.2,22.3,12.5,3.5,0.5,0.5,0.4,0.3,0.252,0.295,0.378,0.674
383,Chad Pinder,OAK,R,2B/OF,2B/3B/ OF,23,64,59,7.6,2.3,7.4,0.3,14.4,8.9,3.0,0.1,24.5,16.8,4.1,0.9,0.5,0.4,0.1,0.245,0.301,0.419,0.720
384,Michael Perez,TB,L,C,C,23,63,56,7.0,1.8,7.1,0.4,13.1,8.5,2.7,0.1,21.6,15.5,5.0,0.4,0.5,0.5,0.2,0.234,0.297,0.384,0.681
385,Myles Straw,HOU,R,SS,SS/OF,21,63,55,7.7,0.4,5.7,3.1,14.5,11.4,2.2,0.5,18.9,11.7,6.1,0.4,0.5,0.4,1.0,0.262,0.335,0.342,0.676
386,Greg Garcia,SD,L,2B,2B/SS/ 3B,22,62,53,7.1,0.7,5.4,0.5,12.9,9.3,2.3,0.5,18.4,13.3,7.5,0.9,0.5,0.5,0.2,0.245,0.344,0.349,0.693
387,Greg Bird,TEX,L,1B,1B,22,62,54,7.4,2.7,7.6,0.3,12.1,6.6,2.6,0.2,23.3,16.3,6.5,0.7,0.5,0.3,0.1,0.227,0.314,0.434,0.748
388,Tomas Nido,NYM,R,C,C,23,62,58,6.9,1.5,6.1,0.2,13.1,8.8,2.7,0.1,20.6,14.6,3.1,0.4,0.5,0.4,0.1,0.228,0.268,0.357,0.625
389,Scott Heineman,TEX,R,OF,OF,23,61,55,6.9,1.4,6.0,1.2,13.8,9.4,2.7,0.3,21.4,15.9,4.5,0.7,0.5,0.4,0.6,0.250,0.311,0.386,0.697
390,Ke’Bryan Hayes,PIT,R,3b,3b,20,61,55,6.4,1.2,5.9,1.1,13.8,9.3,3.0,0.3,20.9,11.9,4.6,0.5,0.5,0.4,0.4,0.253,0.312,0.382,0.695
391,Jaylin Davis,SF,R,OF,OF,21,61,55,6.5,2.2,7.0,0.8,13.2,8.4,2.4,0.2,22.5,17.2,4.5,0.7,0.5,0.4,0.4,0.241,0.302,0.412,0.714
392,Dustin Garneau,HOU,R,C,C,21,61,54,7.1,1.9,7.5,0.3,11.3,6.7,2.5,0.2,20.0,16.2,4.7,1.0,0.5,0.4,0.1,0.210,0.280,0.370,0.651
393,Bubba Starling,KC,R,OF,OF,22,60,55,5.9,1.2,5.7,0.8,13.0,8.8,2.8,0.2,19.9,15.2,3.4,0.4,0.4,0.3,0.4,0.236,0.281,0.361,0.642
394,Kyle Higashioka,NYY,R,C,C,21,60,54,7.5,2.7,8.4,0.3,12.3,7.1,2.3,0.1,22.9,15.2,3.9,0.6,0.5,0.4,0.1,0.225,0.280,0.422,0.701
395,Travis Demeritte,DET,R,OF,OF,22,60,53,6.9,2.3,7.0,0.6,12.6,7.2,2.8,0.3,22.9,17.1,5.5,0.5,0.4,0.3,0.3,0.238,0.310,0.431,0.741
396,Josh Rojas,ARI,L,OF,OF,20,59,52,7.4,1.5,6.9,2.3,14.0,8.9,3.2,0.5,22.7,11.4,5.2,0.4,0.4,0.3,1.0,0.268,0.335,0.432,0.767
397,Tyler Wade,NYY,L,SS,2B/3B/ OF,21,58,52,6.8,0.9,5.7,2.0,12.5,8.9,2.4,0.3,18.3,13.8,4.4,0.5,0.4,0.5,0.7,0.241,0.302,0.353,0.655
398,Grayson Greiner,DET,R,C,C,21,58,52,5.8,1.4,5.9,0.2,11.6,7.7,2.2,0.2,18.5,15.5,4.6,0.5,0.4,0.4,0.1,0.224,0.289,0.357,0.647
399,Neil Walker,PHI,S,1B/3B,1B/3B,20,58,51,7.3,1.9,7.2,0.3,12.6,8.2,2.4,0.1,20.9,12.8,5.9,0.5,0.4,0.3,0.1,0.246,0.325,0.407,0.732
400,Garrett Stubbs,HOU,L,C,C/OF,21,57,51,6.7,1.1,6.4,1.3,11.9,8.0,2.5,0.2,18.1,11.5,4.8,0.6,0.4,0.4,0.4,0.232,0.301,0.354,0.655
401,Josh Fuentes,COL,R,3b,3b,20,57,53,6.8,1.6,6.8,0.4,13.7,8.8,2.8,0.4,22.1,14.7,2.4,0.4,0.4,0.4,0.2,0.258,0.291,0.418,0.709
402,Kevin Plawecki,BOS,R,C,C,20,56,50,6.8,1.5,6.6,0.3,12.1,7.9,2.6,0.1,19.4,11.6,4.4,1.0,0.4,0.4,0.1,0.245,0.314,0.392,0.706
403,Adam Engel,CHW,R,OF,OF,21,56,51,6.7,1.3,5.7,1.4,11.6,7.6,2.4,0.4,18.5,16.0,3.5,0.9,0.4,0.4,0.5,0.227,0.284,0.363,0.648
404,Jon Jay,ARI,L,OF,OF,20,56,51,6.0,0.5,5.0,0.4,13.5,10.0,2.6,0.3,18.2,10.4,3.2,1.1,0.4,0.4,0.2,0.265,0.318,0.358,0.676
405,Magneuris Sierra,MIA,L,OF,OF,20,55,51,4.8,0.6,4.4,2.2,12.8,9.8,1.9,0.6,17.5,10.4,2.4,0.3,0.4,0.4,1.0,0.251,0.285,0.343,0.627
406,Pat Valaika,BAL,R,SS,2B/SS,20,54,50,5.9,1.8,5.8,0.4,11.4,7.0,2.4,0.1,19.7,15.3,2.9,0.3,0.4,0.4,0.2,0.227,0.269,0.390,0.659
407,Billy McKinney,TOR,L,OF,1B/OF,19,53,47,6.6,2.0,6.4,0.4,11.3,6.6,2.4,0.4,20.5,12.7,4.4,0.5,0.4,0.4,0.2,0.241,0.309,0.437,0.746
408,Kyle Farmer,CIN,R,2B,C/1B/ 2B/3B,19,52,47,5.8,1.2,5.8,0.6,11.5,7.4,2.7,0.1,18.1,12.0,3.2,0.6,0.4,0.3,0.3,0.243,0.295,0.384,0.678
409,Anthony Alford,TOR,R,OF,OF,19,51,45,5.4,1.0,4.7,2.0,10.4,7.1,2.1,0.2,15.8,15.3,3.7,0.7,0.4,0.3,0.8,0.228,0.293,0.348,0.641
410,Drew Butera,COL,R,C,C,19,51,46,6.2,1.3,6.1,0.3,11.2,7.3,2.5,0.2,18.0,12.6,4.1,0.5,0.4,0.4,0.1,0.244,0.308,0.391,0.699
411,Joe Hudson,SEA,R,C,C,20,50,45,4.1,1.0,4.2,0.3,8.6,5.7,1.7,0.2,13.7,15.8,3.7,0.3,0.4,0.3,0.1,0.189,0.252,0.301,0.553
412,Jonathan Arauz,BOS,L,SS,SS,18,50,46,5.7,0.9,5.1,0.6,10.8,7.2,2.4,0.3,16.5,9.9,3.0,0.4,0.4,0.3,0.3,0.237,0.286,0.362,0.648
413,Jonathan Davis,TOR,R,OF,OF,18,49,43,5.4,1.0,4.7,1.2,9.9,6.7,2.0,0.2,15.4,12.3,4.0,1.1,0.4,0.3,0.5,0.230,0.306,0.357,0.663
414,Matt Thaiss,LAA,L,3B,1B/3B,18,49,43,5.7,1.5,5.5,0.3,10.3,6.6,2.1,0.2,17.1,11.1,4.3,0.3,0.4,0.3,0.1,0.238,0.307,0.395,0.702
415,Jarred Kelenic,SEA,L,OF,OF,13,48,44,5.1,1.7,5.2,1.1,10.7,6.7,2.1,0.2,18.4,12.2,3.1,0.4,0.4,0.3,0.5,0.243,0.294,0.417,0.711
416,Matt Duffy,NYY,R,3B,3B,16,47,42,6.0,0.9,5.1,0.5,11.3,8.3,2.0,0.1,16.2,7.9,4.0,0.6,0.3,0.2,0.2,0.273,0.340,0.390,0.730
417,Jed Lowrie,NYM,S,2B,2B,16,47,42,5.5,1.3,5.1,0.1,9.9,6.3,2.2,0.1,16.2,9.7,4.7,0.3,0.4,0.1,0.1,0.238,0.316,0.390,0.705
418,Christian Arroyo,CLE,R,SS,SS,17,46,42,5.5,1.2,5.3,0.4,10.5,6.8,2.3,0.2,16.8,9.7,2.9,0.5,0.3,0.3,0.2,0.251,0.303,0.402,0.705
419,Aaron Whitefield,MIN,R,OF,OF,16,45,42,4.8,0.8,4.3,1.8,8.9,6.1,1.9,0.1,13.6,13.1,2.3,0.4,0.3,0.3,0.8,0.214,0.258,0.326,0.584
420,Daniel Descalso,CHC,L,2B,2B,16,45,38,5.4,1.1,4.7,0.4,8.4,5.3,1.7,0.2,13.9,12.0,5.6,0.4,0.3,0.3,0.2,0.218,0.319,0.361,0.680
421,Chris Owings,COL,R,2B,2B/SS/ 3B/OF,16,44,41,5.2,1.1,5.1,1.1,10.0,6.4,2.3,0.2,16.0,12.3,2.7,0.3,0.3,0.3,0.4,0.246,0.294,0.394,0.688
422,Ildemaro Vargas,ARI,S,2B,2B/3B,16,44,41,5.3,0.8,4.8,0.5,11.5,8.2,2.2,0.4,16.6,4.7,2.2,0.3,0.3,0.3,0.2,0.281,0.318,0.408,0.726
423,Terrance Gore,LAD,R,OF,OF,15,44,39,4.1,0.3,3.5,3.7,7.9,6.1,1.3,0.2,10.7,12.6,3.3,0.5,0.3,0.3,1.1,0.201,0.266,0.270,0.536
424,Wilmer Difo,WSH,S,SS,SS/3B,16,44,39,4.7,0.6,4.1,0.9,9.7,7.1,1.7,0.3,13.9,8.8,3.4,0.2,0.3,0.3,0.3,0.247,0.306,0.352,0.658
425,Jake Cave,MIN,L,OF,OF,16,44,40,5.7,1.4,5.4,0.3,10.1,6.4,2.0,0.3,16.9,12.4,3.1,0.5,0.3,0.3,0.1,0.254,0.312,0.424,0.737
426,Mark Payton,OAK,L,OF,OF,16,44,39,5.0,1.2,4.8,0.6,9.4,6.2,1.8,0.2,15.2,9.6,3.4,0.3,0.3,0.3,0.3,0.239,0.300,0.388,0.688
427,Vimael Machin,OAK,L,SS,SS,16,44,39,4.7,0.6,4.0,0.4,9.3,6.7,1.9,0.2,13.2,6.9,4.0,0.4,0.3,0.3,0.2,0.241,0.312,0.342,0.654
428,Harold Castro,DET,L,2B/OF,2B/3B/ OF,16,44,42,4.4,0.6,4.0,0.6,10.9,8.4,1.5,0.3,15.0,9.1,1.4,0.3,0.3,0.2,0.3,0.262,0.287,0.359,0.646
429,Edwin Rios,LAD,L,3b,1B/3B,16,44,40,5.5,2.1,5.9,0.3,9.2,5.2,1.9,0.1,17.5,15.8,2.7,0.5,0.3,0.3,0.1,0.230,0.283,0.438,0.720
430,Taylor Ward,LAA,R,C,C,16,44,38,5.2,1.4,5.0,0.7,9.2,6.0,1.7,0.1,15.2,11.5,4.3,0.4,0.3,0.3,0.3,0.240,0.320,0.399,0.719
431,Edmundo Sosa,STL,R,SS,SS,16,44,41,4.8,1.0,4.5,0.4,10.3,7.2,1.9,0.2,15.7,9.1,1.7,0.7,0.3,0.3,0.2,0.252,0.289,0.383,0.672
432,Jake Cronenworth,SD,L,SS,SS,16,44,39,4.9,0.6,4.2,0.9,10.1,7.3,2.0,0.3,14.5,7.6,3.6,0.5,0.3,0.3,0.4,0.258,0.323,0.368,0.691
433,Thairo Estrada,NYY,R,SS,2B/SS,15,44,40,5.3,1.2,5.1,0.7,10.3,7.1,1.9,0.1,16.0,8.4,2.2,0.5,0.3,0.3,0.3,0.256,0.297,0.397,0.694
434,Abraham Toro,HOU,S,3B,3B,16,44,39,5.7,1.3,5.4,0.4,10.0,6.3,2.1,0.3,16.6,8.5,3.7,0.5,0.3,0.3,0.2,0.254,0.322,0.423,0.745
435,Danny Mendick,CHW,R,SS,SS,16,44,40,5.4,1.1,4.9,1.0,9.8,6.8,1.9,0.1,15.3,8.7,3.6,0.4,0.3,0.3,0.4,0.249,0.313,0.386,0.699
436,Santiago Espinal,TOR,R,2B,2B,16,44,40,4.8,0.6,4.1,0.8,10.3,7.6,1.9,0.1,14.5,6.9,2.6,0.3,0.3,0.3,0.4,0.257,0.303,0.360,0.664
437,Mike Freeman,CLE,L,2B,2B/SS/ 3B/OF,15,43,38,4.8,0.6,4.0,0.6,9.3,6.9,1.8,0.1,13.2,11.0,3.5,0.4,0.3,0.3,0.2,0.245,0.311,0.346,0.657
438,Yonder Alonso,ATL,L,1B,1B,15,43,38,5.5,1.7,5.7,0.1,9.2,5.7,1.8,0.1,16.1,9.7,4.3,0.3,0.3,0.2,0.1,0.244,0.321,0.425,0.746
439,Dylan Cozens,TB,L,,,15,43,37,5.1,2.0,5.1,0.9,7.5,4.0,1.3,0.2,15.2,16.5,4.5,0.3,0.3,0.3,0.4,0.203,0.290,0.409,0.698
440,Erick Mejia,KC,S,SS,SS,16,43,39,4.1,0.4,3.6,1.2,9.5,6.9,1.8,0.3,13.2,8.8,2.9,0.2,0.3,0.3,0.5,0.241,0.293,0.336,0.629
441,Luis Guillorme,NYM,L,SS,2B/SS/ 3B,16,43,38,4.8,0.6,4.1,0.5,9.5,7.1,1.8,0.1,13.4,7.0,4.0,0.3,0.3,0.3,0.2,0.250,0.321,0.350,0.671
442,Sam Haggerty,SEA,S,2b,2b,16,43,38,3.7,0.4,3.2,1.6,8.2,5.7,1.7,0.3,11.9,12.5,4.0,0.4,0.3,0.2,0.6,0.213,0.289,0.308,0.598
443,Leody Taveras,TEX,S,OF,OF,16,43,39,4.3,0.5,3.6,1.4,9.4,6.9,1.5,0.4,13.2,9.4,2.9,0.2,0.3,0.3,0.6,0.238,0.290,0.336,0.626
444,Michael Harris,ATL,L,OF,OF,16,43,40,3.9,0.8,3.7,0.6,7.6,5.6,1.1,0.1,11.4,12.1,1.9,0.4,0.3,0.3,0.2,0.190,0.232,0.286,0.518
445,Ehire Adrianza,MIN,S,1B/SS/ 3B,1B/2B/ SS/3B/ OF,16,43,39,5.3,0.8,4.7,0.4,9.9,6.8,2.0,0.3,15.1,8.3,3.2,0.5,0.3,0.3,0.2,0.256,0.316,0.390,0.706
446,Travis Jankowski,CIN,L,OF,OF,15,42,37,4.9,0.5,3.5,1.5,9.0,6.8,1.5,0.2,12.1,9.2,4.1,0.3,0.3,0.3,0.6,0.245,0.320,0.332,0.652
447,Rob Refsnyder,TEX,R,2B,2B,15,42,37,4.3,0.7,3.6,0.3,8.7,6.1,1.8,0.2,12.9,11.2,3.5,0.4,0.3,0.3,0.1,0.233,0.301,0.345,0.646
448,Andrew Knapp,PHI,S,C,C,16,42,37,4.7,0.9,4.5,0.2,8.1,5.3,1.8,0.1,12.8,13.3,4.5,0.4,0.3,0.3,0.1,0.220,0.309,0.348,0.657
449,Dom Nunez,COL,L,C,C,16,42,37,5.3,1.5,5.5,0.5,8.3,5.0,1.6,0.1,14.7,11.2,4.0,0.5,0.3,0.3,0.2,0.221,0.301,0.394,0.695
450,Jonah Heim,OAK,S,C,C,16,42,38,4.3,0.8,4.2,0.2,8.8,6.1,1.9,0.1,13.2,7.3,2.7,0.3,0.3,0.3,0.1,0.233,0.285,0.348,0.633
451,Luis Torrens,SD,R,C,C,16,42,38,4.5,0.9,4.4,0.3,9.3,6.3,1.9,0.2,14.1,7.6,2.9,0.3,0.3,0.3,0.1,0.243,0.298,0.369,0.667
452,Cam Gallagher,KC,R,C,C,16,41,37,4.3,0.8,4.2,0.4,9.2,6.3,2.0,0.1,13.8,7.5,3.0,0.4,0.3,0.3,0.1,0.248,0.306,0.372,0.678
453,Jorge Mateo,SD,R,SS,SS,16,41,38,4.5,0.7,3.8,1.4,8.6,5.7,1.6,0.6,13.7,11.4,2.0,0.3,0.3,0.3,0.6,0.226,0.265,0.359,0.624
454,Matt Kemp,COL,R,OF,OF,15,41,38,5.8,2.0,6.9,0.1,10.7,6.5,2.1,0.1,18.9,9.8,2.5,0.2,0.3,0.1,0.1,0.280,0.324,0.496,0.821
455,Tzu-Wei Lin,BOS,L,SS,SS,15,41,37,4.7,0.5,3.8,0.8,8.9,6.1,2.1,0.2,13.0,9.7,2.9,0.3,0.3,0.3,0.3,0.243,0.299,0.354,0.653
456,Jose Trevino,TEX,R,C,C,16,41,38,3.9,0.9,4.0,0.4,9.1,6.4,1.8,0.1,13.8,7.8,1.8,0.3,0.3,0.3,0.1,0.239,0.272,0.359,0.631
457,Meibrys Viloria,KC,L,C,C,16,41,37,4.0,0.7,3.9,0.3,9.0,6.3,2.0,0.1,13.2,9.9,2.7,0.3,0.3,0.3,0.1,0.241,0.294,0.352,0.647
458,Logan Morrison,MIL,L,OF,OF,15,41,36,5.8,2.3,6.5,0.2,8.8,4.7,1.7,0.1,17.5,9.5,4.0,0.5,0.3,0.2,0.1,0.244,0.324,0.487,0.810
459,Cheslor Cuthbert,CHW,R,1B/3B,1B/3B,15,40,37,5.0,1.4,5.3,0.1,9.3,5.9,1.8,0.1,15.6,9.2,2.8,0.4,0.3,0.2,0.1,0.254,0.310,0.427,0.737
460,Marco Hernandez,BOS,L,2B,2B,15,40,37,4.8,0.6,4.1,0.6,10.0,6.8,2.5,0.1,14.4,9.2,1.7,0.5,0.3,0.3,0.3,0.271,0.307,0.393,0.699
461,Alex Blandino,CIN,R,SS,SS,14,40,34,4.8,0.8,3.9,0.3,7.9,5.2,1.8,0.1,12.3,10.5,4.4,0.8,0.3,0.3,0.1,0.232,0.330,0.364,0.694
462,Dylan Moore,SEA,R,SS/OF,1B/2B/ SS/3B/ OF,15,40,36,4.0,1.0,3.6,1.5,7.9,5.1,1.7,0.2,12.9,10.4,3.0,0.6,0.3,0.3,0.7,0.219,0.286,0.358,0.644
463,Charlie Culberson,ATL,R,OF,1B/SS/ OF,15,39,36,4.3,1.0,4.2,0.4,8.5,5.7,1.6,0.2,13.5,10.3,2.1,0.4,0.3,0.3,0.2,0.236,0.282,0.376,0.658
464,Phillip Evans,PIT,R,SS,SS,15,39,35,4.1,0.8,3.8,0.3,8.7,6.0,1.8,0.1,13.2,7.0,2.8,0.4,0.3,0.3,0.1,0.249,0.308,0.378,0.686
465,Eduardo Nunez,NYM,R,2B,2B/SS/ 3B,15,39,37,4.4,1.0,4.4,0.8,9.6,6.6,1.9,0.1,14.8,5.8,1.5,0.3,0.3,0.2,0.3,0.262,0.292,0.402,0.694
466,Josh Phegley,CHC,R,C,C,15,39,35,4.6,1.2,4.8,0.3,8.2,4.9,2.0,0.1,14.0,8.4,2.4,0.6,0.3,0.3,0.1,0.233,0.287,0.398,0.685
467,Elias Diaz,COL,R,C,C,15,38,35,4.9,0.9,4.8,0.1,10.1,6.9,2.1,0.1,15.1,6.7,2.5,0.3,0.3,0.2,0.1,0.287,0.336,0.432,0.768
468,Kevan Smith,TB,R,C,C,15,38,34,4.1,0.9,4.1,0.3,9.0,6.3,1.7,0.1,13.4,6.3,2.2,0.6,0.3,0.2,0.1,0.261,0.312,0.390,0.702
469,Luke Maile,PIT,R,C,C,15,38,34,3.5,0.7,3.4,0.4,7.2,4.9,1.5,0.2,11.1,9.9,2.6,0.4,0.3,0.3,0.1,0.212,0.272,0.326,0.599
470,Rene Rivera,NYM,R,C,C,15,38,35,4.3,1.6,4.8,0.2,7.5,4.6,1.3,0.0,13.6,11.5,2.4,0.4,0.3,0.3,0.1,0.215,0.270,0.391,0.660
471,Sean Rodriguez,MIA,R,3B,SS/3B/ OF,15,38,33,3.8,1.2,3.5,0.4,6.7,4.1,1.3,0.1,11.8,12.6,3.6,0.5,0.3,0.3,0.1,0.202,0.287,0.355,0.643
472,Jonathan Lucroy,BOS,R,C,C/1B,15,38,35,4.7,1.0,4.6,0.1,9.0,6.2,1.7,0.1,13.8,6.1,2.9,0.5,0.3,0.2,0.0,0.260,0.321,0.401,0.723
473,Chris Iannetta,NYY,R,C,C,15,38,33,5.0,1.5,5.2,0.1,7.3,4.3,1.5,0.1,13.5,11.6,4.1,0.6,0.3,0.3,0.1,0.222,0.314,0.408,0.722
474,Chad Wallach,MIA,R,C,C,15,37,33,3.4,0.8,3.3,0.2,6.7,4.3,1.5,0.1,10.7,11.5,3.0,0.5,0.3,0.2,0.1,0.202,0.274,0.326,0.599
475,Ramon Urias,BAL,R,2b,2b,13,37,33,3.9,0.9,3.7,0.3,8.2,5.5,1.8,0.1,12.8,8.5,2.6,0.6,0.3,0.2,0.2,0.248,0.309,0.385,0.694
476,Adolis Garcia,TEX,R,OF,OF,13,37,35,4.0,1.4,4.3,0.8,7.8,4.6,1.6,0.3,14.1,11.8,1.4,0.4,0.3,0.2,0.4,0.224,0.259,0.405,0.664
477,Willians Astudillo,MIN,R,C,C/1B/ 3B/OF,13,36,34,5.0,1.2,5.2,0.3,10.1,7.0,1.8,0.1,15.7,2.2,1.1,0.6,0.3,0.2,0.1,0.300,0.328,0.467,0.796
478,Jorge Bonifacio,DET,R,OF,OF,13,35,32,3.9,1.2,3.9,0.3,7.4,4.5,1.5,0.2,12.7,9.4,2.8,0.2,0.3,0.2,0.1,0.232,0.296,0.401,0.697
479,Matt Reynolds,KC,R,SS,SS,14,34,30,3.8,0.6,3.2,0.4,7.3,4.7,1.8,0.2,11.2,8.6,3.1,0.3,0.3,0.2,0.2,0.240,0.313,0.369,0.681
480,Mitch Haniger,SEA,R,OF,OF,10,33,29,3.7,1.3,3.9,0.3,7.0,4.1,1.5,0.1,12.6,8.4,3.2,0.5,0.2,0.2,0.1,0.245,0.329,0.441,0.770
481,Stevie Wilkerson,BAL,S,OF,2B/OF,13,33,30,3.3,0.7,3.1,0.4,7.2,5.1,1.4,0.1,10.9,9.0,2.0,0.4,0.3,0.2,0.2,0.240,0.291,0.361,0.652
482,Max Schrock,STL,L,2b,2b,11,30,27,3.1,0.3,2.7,0.6,6.8,5.0,1.4,0.1,9.4,4.4,2.0,0.3,0.2,0.2,0.2,0.250,0.303,0.345,0.647
483,Kyle Garlick,PHI,R,OF,OF,10,29,27,3.6,1.3,3.8,0.2,6.2,3.5,1.3,0.1,11.6,10.2,1.8,0.3,0.2,0.2,0.1,0.230,0.281,0.433,0.714
484,Braden Bishop,SEA,R,OF,OF,9,27,24,2.5,0.5,2.1,0.3,5.6,4.0,1.1,0.1,8.1,6.6,1.9,0.3,0.2,0.2,0.1,0.229,0.289,0.335,0.624
485,Socrates Brito,PIT,L,OF,OF,10,26,24,2.7,0.7,2.7,0.5,5.7,3.7,1.1,0.2,9.2,6.7,1.6,0.1,0.2,0.2,0.2,0.240,0.286,0.389,0.676
486,Ronny Rodriguez,MIL,R,2B/SS,1B/2B/ SS/3B,8,22,20,2.6,0.8,3.0,0.3,5.0,3.1,0.9,0.1,8.8,5.3,1.0,0.1,0.2,0.1,0.2,0.250,0.284,0.435,0.719
487,Corey Ray,MIL,L,OF,OF,8,22,19,2.4,0.7,2.4,0.5,4.1,2.5,0.9,0.1,7.2,7.4,1.6,0.2,0.2,0.1,0.2,0.212,0.274,0.372,0.646
488,Joe McCarthy,SF,L,OF,OF,8,21,18,2.1,0.4,1.9,0.2,3.9,2.5,0.8,0.1,6.3,6.0,2.1,0.2,0.2,0.1,0.1,0.217,0.302,0.349,0.651
489,Nicky Delmonico,CHW,L,OF,OF,8,21,19,2.8,0.8,2.8,0.2,4.5,2.7,0.9,0.1,8.0,5.0,2.0,0.2,0.2,0.1,0.1,0.243,0.321,0.431,0.752
490,Jack Mayfield,HOU,R,SS,2B/SS,8,21,19,2.5,0.7,2.5,0.2,4.3,2.7,1.0,0.0,7.4,4.8,1.1,0.2,0.2,0.1,0.1,0.230,0.275,0.390,0.665
491,Justin Williams,STL,L,OF,OF,8,21,19,2.4,0.7,2.4,0.2,4.8,3.1,0.9,0.0,7.8,4.9,1.4,0.2,0.2,0.1,0.1,0.248,0.302,0.406,0.707
492,Jose Siri,SF,R,OF,OF,8,21,19,1.9,0.5,1.9,0.6,4.1,2.7,0.8,0.1,6.5,6.4,1.2,0.1,0.2,0.1,0.3,0.217,0.264,0.344,0.609
493,Troy Stokes Jr.,DET,R,OF,OF,8,21,18,2.3,0.6,2.2,0.5,4.1,2.6,0.9,0.1,7.0,5.0,1.8,0.3,0.2,0.1,0.2,0.229,0.304,0.388,0.692
494,Arquimedes Gamboa,PHI,S,SS,SS,8,21,19,2.0,0.2,1.7,0.5,3.6,2.6,0.7,0.1,5.2,5.8,2.0,0.1,0.2,0.1,0.2,0.195,0.272,0.280,0.552
495,Mark Mathias,MIL,R,2b,2b,8,21,18,2.4,0.4,2.1,0.3,4.2,2.7,1.0,0.1,6.6,4.5,1.7,0.3,0.2,0.1,0.1,0.233,0.304,0.365,0.668
496,John Hicks,ARI,R,C/1B,C/1B,8,20,19,2.2,0.6,2.3,0.1,4.2,2.7,0.9,0.1,7.1,6.1,1.1,0.1,0.1,0.1,0.1,0.228,0.272,0.382,0.654
497,Oscar Hernandez,KC,R,C,C,8,20,18,1.9,0.5,1.9,0.1,3.8,2.4,0.9,0.0,6.2,4.8,1.2,0.2,0.1,0.1,0.0,0.209,0.262,0.343,0.605
498,Nick Williams,PHI,L,OF,OF,8,20,18,2.5,0.8,2.7,0.1,4.5,2.8,0.9,0.1,8.0,5.8,1.2,0.3,0.2,0.1,0.1,0.248,0.300,0.438,0.738
499,Yonathan Daza,COL,R,OF,OF,8,20,19,2.5,0.3,2.4,0.4,5.7,4.1,1.1,0.2,8.1,3.2,0.9,0.1,0.2,0.1,0.2,0.302,0.334,0.431,0.766
500,Deivy Grullon,PHI,R,C,C,8,20,18,2.4,0.9,2.7,0.1,4.4,2.7,0.8,0.0,7.8,5.9,1.3,0.1,0.2,0.1,0.0,0.237,0.289,0.426,0.715
501,Austin Dean,STL,R,OF,1B/OF,8,20,18,2.5,0.7,2.4,0.2,4.9,3.1,1.0,0.1,8.1,4.0,1.3,0.2,0.1,0.1,0.1,0.268,0.319,0.443,0.761
502,C.J. Chatham,BOS,R,SS,SS,8,20,19,2.3,0.2,2.0,0.2,5.1,3.8,1.0,0.0,6.9,4.2,0.8,0.2,0.2,0.1,0.1,0.267,0.299,0.363,0.662
503,Jason Martin,PIT,L,OF,OF,8,20,18,2.3,0.6,2.2,0.4,4.6,3.0,0.9,0.1,7.5,4.4,1.4,0.1,0.1,0.1,0.2,0.253,0.306,0.415,0.721
504,Sergio Alcantara,DET,S,SS,SS,8,20,18,1.9,0.1,1.5,0.3,4.2,3.2,0.7,0.1,5.4,3.6,1.6,0.1,0.1,0.1,0.1,0.235,0.297,0.307,0.604
505,Domingo Leyba,ARI,S,2B,2B,8,20,18,2.4,0.5,2.2,0.1,4.8,3.1,1.0,0.1,7.4,3.5,1.2,0.2,0.2,0.1,0.1,0.259,0.307,0.405,0.713
506,Luis Alexander Basabe,CHW,S,OF,OF,8,20,18,2.3,0.4,2.0,0.4,4.0,2.7,0.7,0.1,6.3,5.8,1.6,0.2,0.2,0.1,0.2,0.223,0.288,0.349,0.637
507,Bobby Bradley,CLE,L,DH,1B,8,20,18,2.8,1.1,3.0,0.1,4.3,2.2,0.9,0.0,8.7,6.4,1.7,0.2,0.2,0.1,0.0,0.234,0.300,0.473,0.773
508,Alex Jackson,ATL,R,OF,OF,8,20,18,2.4,0.9,2.7,0.1,3.8,2.0,0.7,0.0,7.4,6.8,1.2,0.4,0.2,0.1,0.0,0.207,0.266,0.407,0.673
509,Daz Cameron,DET,R,OF,OF,8,20,17,2.1,0.4,1.9,0.5,3.9,2.5,0.8,0.2,6.4,5.3,1.6,0.3,0.1,0.1,0.2,0.225,0.295,0.368,0.663
510,Bobby Dalbec,BOS,R,3b,3b,8,20,18,2.7,0.9,2.7,0.2,4.2,2.4,0.8,0.1,8.0,6.2,1.8,0.3,0.2,0.1,0.1,0.236,0.309,0.443,0.752
511,Randy Arozarena,TB,R,OF,OF,8,20,18,2.4,0.5,2.1,0.7,4.6,3.0,0.9,0.1,7.3,4.3,1.4,0.4,0.1,0.1,0.3,0.258,0.321,0.412,0.732
512,Tres Barrera,WSH,R,C,C,8,20,19,2.2,0.4,2.2,0.1,4.5,3.1,0.9,0.0,6.8,4.0,1.3,0.2,0.2,0.1,0.1,0.241,0.295,0.367,0.663
513,Andrew Knizner,STL,R,C,C,8,20,18,2.3,0.6,2.3,0.2,4.7,3.2,0.9,0.0,7.4,3.3,1.3,0.3,0.2,0.1,0.1,0.261,0.315,0.409,0.724
514,Daniel Johnson,CLE,L,OF,OF,8,20,19,2.7,0.6,2.6,0.5,4.9,3.1,1.0,0.1,8.2,4.6,1.3,0.2,0.2,0.1,0.2,0.265,0.316,0.439,0.754
515,Luke Raley,LAD,L,OF,OF,8,20,19,2.5,0.7,2.5,0.2,4.4,2.8,0.8,0.1,7.5,5.6,1.1,0.4,0.2,0.1,0.1,0.237,0.291,0.402,0.692
516,Nick Heath,KC,L,OF,OF,8,20,18,1.9,0.3,1.6,1.4,4.0,2.9,0.7,0.2,5.8,6.0,1.6,0.1,0.1,0.1,0.5,0.226,0.290,0.331,0.621
517,Mike Brosseau,TB,R,2B,2B/3B/ OF,8,20,18,2.3,0.6,2.3,0.2,4.5,2.9,0.9,0.1,7.4,4.3,1.2,0.3,0.1,0.1,0.1,0.251,0.305,0.412,0.717
518,Ryon Healy,MIL,R,3B,1B/3B,7,19,18,2.5,0.9,2.8,0.1,4.6,2.8,1.0,0.0,8.4,4.3,1.2,0.1,0.1,0.1,0.0,0.261,0.307,0.472,0.778
519,LaMonte Wade Jr.,MIN,L,OF,OF,7,19,17,2.6,0.4,2.1,0.3,4.3,3.1,0.7,0.1,6.4,3.3,2.1,0.2,0.1,0.1,0.1,0.256,0.343,0.384,0.727
520,Abraham Almonte,SD,S,OF,OF,7,16,14,2.0,0.4,1.7,0.3,3.3,1.9,0.8,0.1,5.6,3.7,1.6,0.1,0.1,0.1,0.1,0.233,0.313,0.396,0.709
521,Rafael Ortega,ATL,L,OF,OF,6,15,13,1.8,0.3,1.6,0.4,3.4,2.3,0.7,0.1,5.2,3.0,1.3,0.1,0.1,0.1,0.1,0.250,0.313,0.383,0.696
522,Daniel Palka,CHW,L,OF,OF,6,15,13,2.0,0.8,2.3,0.1,3.1,1.8,0.5,0.0,6.0,4.4,1.4,0.1,0.1,0.1,0.0,0.234,0.305,0.452,0.758
523,Kevin Kramer,PIT,L,2b,2b,6,15,14,1.5,0.3,1.4,0.2,3.2,2.2,0.7,0.0,4.9,4.2,1.1,0.2,0.1,0.1,0.1,0.236,0.295,0.359,0.654
524,Brendan McKay,TB,L,1B,1B,6,15,13,1.7,0.5,1.7,0.1,2.9,1.8,0.5,0.0,5.2,4.3,1.3,0.2,0.1,0.1,0.1,0.220,0.292,0.390,0.682
525,Rylan Bannon,BAL,R,3B,3B,6,15,13,1.6,0.3,1.4,0.2,3.2,2.2,0.7,0.1,5.0,2.8,1.2,0.1,0.1,0.1,0.1,0.249,0.316,0.384,0.700
526,Trayce Thompson,ARI,R,OF,OF,6,15,14,1.6,0.5,1.6,0.2,2.6,1.5,0.5,0.1,4.9,5.4,1.1,0.1,0.1,0.1,0.1,0.191,0.251,0.358,0.609
527,Josh Ockimey,BOS,L,1B,1B,5,14,12,1.9,0.6,1.8,0.1,2.7,1.5,0.6,0.1,5.1,4.5,1.7,0.1,0.1,0.1,0.0,0.224,0.319,0.422,0.741
528,Tyler Stephenson,CIN,R,C,C,4,13,12,1.5,0.3,1.5,0.1,2.9,1.9,0.6,0.0,4.5,2.7,1.0,0.2,0.1,0.1,0.0,0.243,0.309,0.377,0.686
529,Buddy Reed,OAK,S,OF,OF,5,11,10,1.1,0.2,1.0,0.4,2.1,1.4,0.4,0.1,3.3,3.2,0.7,0.1,0.1,0.1,0.2,0.210,0.262,0.326,0.588
530,Jazz Chisholm,MIA,L,SS,SS,4,10,9,0.9,0.3,1.0,0.2,1.8,1.2,0.3,0.1,3.2,3.1,0.7,0.1,0.1,0.1,0.1,0.209,0.270,0.365,0.635
531,Bryan Holaday,BAL,R,C,C,3,9,8,0.9,0.2,1.0,0.1,2.0,1.3,0.4,0.0,3.1,1.6,0.6,0.1,0.1,0.1,0.0,0.253,0.312,0.399,0.711
532,Richard Urena,BAL,S,SS,2B/SS/ 3B,3,9,8,0.9,0.1,0.8,0.1,2.0,1.4,0.4,0.0,2.9,2.0,0.4,0.0,0.1,0.1,0.0,0.245,0.282,0.357,0.638
533,Sheldon Neuse,OAK,R,2B,2B/3B,3,9,8,1.0,0.2,0.9,0.1,2.0,1.4,0.4,0.0,3.1,2.5,0.6,0.1,0.1,0.1,0.0,0.251,0.300,0.386,0.686
534,Yusniel Diaz,BAL,R,OF,OF,3,9,8,1.0,0.2,0.9,0.1,2.0,1.3,0.4,0.0,3.1,1.9,0.7,0.1,0.1,0.1,0.1,0.251,0.316,0.404,0.721
535,Jake Rogers,DET,R,C,C,3,9,8,0.9,0.3,1.0,0.1,1.6,1.0,0.3,0.0,2.9,2.5,0.7,0.1,0.1,0.1,0.0,0.208,0.282,0.372,0.654
536,Derek Dietrich,CIN,L,1B/2B,1B/2B/ OF,3,6,5,0.8,0.2,0.8,0.0,1.3,0.8,0.3,0.0,2.4,1.5,0.5,0.2,0.0,0.0,0.0,0.246,0.328,0.444,0.772
537,Patrick Wisdom,SEA,R,3b,3b,3,6,5,0.6,0.2,0.6,0.1,1.1,0.6,0.2,0.0,1.9,2.1,0.5,0.1,0.0,0.0,0.0,0.202,0.269,0.369,0.638
538,Yu Chang,CLE,R,3B,SS/3B,3,6,5,0.8,0.2,0.7,0.1,1.3,0.8,0.3,0.0,2.1,1.5,0.5,0.1,0.0,0.0,0.0,0.232,0.298,0.388,0.686
539,Jacob Nottingham,MIL,R,C,C,3,6,5,0.7,0.2,0.6,0.1,1.1,0.7,0.3,0.0,1.9,1.9,0.4,0.1,0.0,0.0,0.0,0.209,0.274,0.344,0.619
540,Dustin Fowler,OAK,L,OF,OF,3,6,6,0.7,0.2,0.6,0.1,1.3,0.9,0.2,0.1,2.2,1.5,0.3,0.0,0.0,0.0,0.0,0.237,0.276,0.392,0.668
541,Chris Shaw,SF,L,1B,1B,3,6,5,0.7,0.2,0.7,0.0,1.3,0.8,0.3,0.0,2.2,1.8,0.4,0.1,0.0,0.0,0.0,0.236,0.288,0.412,0.700
542,Lucius Fox,TB,S,SS,SS,3,6,5,0.6,0.1,0.5,0.3,1.2,0.9,0.2,0.0,1.6,1.4,0.5,0.1,0.0,0.0,0.1,0.218,0.289,0.304,0.592
543,David Freitas,MIL,R,C,C,3,6,5,0.7,0.1,0.7,0.0,1.4,1.0,0.3,0.0,2.1,1.2,0.5,0.1,0.0,0.0,0.0,0.260,0.326,0.391,0.718
544,Breyvic Valera,TOR,S,2B,2B,3,6,5,0.7,0.1,0.6,0.1,1.4,1.0,0.2,0.0,2.1,0.8,0.5,0.0,0.0,0.0,0.1,0.264,0.324,0.383,0.708
545,Robel Garcia,CHC,S,2B,2B/OF,3,6,5,0.8,0.3,0.8,0.1,1.2,0.7,0.2,0.0,2.4,2.2,0.5,0.1,0.0,0.0,0.0,0.225,0.294,0.438,0.731
546,Raudy Read,WSH,R,C,C,3,6,6,0.7,0.2,0.7,0.0,1.4,0.9,0.3,0.0,2.2,1.3,0.3,0.0,0.0,0.0,0.0,0.239,0.278,0.393,0.671
547,Yermin Mercedes,CHW,R,C,C,3,6,5,0.8,0.2,0.8,0.0,1.4,0.9,0.3,0.0,2.4,1.2,0.4,0.0,0.0,0.0,0.0,0.261,0.318,0.444,0.762
548,Eric Haase,DET,R,C,C,3,6,5,0.7,0.3,0.8,0.0,1.1,0.6,0.2,0.0,2.2,2.0,0.4,0.1,0.0,0.0,0.0,0.205,0.267,0.405,0.672
549,Tyrone Taylor,MIL,R,OF,OF,3,6,6,0.7,0.2,0.7,0.1,1.3,0.8,0.3,0.0,2.1,1.5,0.4,0.1,0.0,0.0,0.0,0.228,0.278,0.378,0.656
550,Skye Bolt,OAK,S,OF,OF,3,6,5,0.6,0.1,0.6,0.1,1.1,0.7,0.2,0.0,1.8,1.7,0.5,0.0,0.0,0.0,0.0,0.209,0.272,0.337,0.609
551,Wyatt Mathisen,ARI,R,3b,3b,3,6,5,0.7,0.2,0.7,0.0,1.2,0.8,0.3,0.0,2.1,1.6,0.5,0.1,0.0,0.0,0.0,0.233,0.308,0.403,0.712
552,Taylor Jones,HOU,R,1B,1B,3,6,5,0.8,0.2,0.7,0.0,1.3,0.8,0.3,0.0,2.1,1.7,0.6,0.1,0.0,0.0,0.0,0.235,0.309,0.391,0.700
553,Donovan Walton,SEA,L,SS,SS,3,6,5,0.6,0.1,0.5,0.1,1.3,0.9,0.2,0.0,1.8,1.0,0.4,0.1,0.0,0.0,0.1,0.248,0.310,0.351,0.661
554,Abiatal Avelino,SF,R,SS,SS,3,6,6,0.6,0.1,0.6,0.2,1.4,1.0,0.2,0.1,2.0,1.2,0.3,0.0,0.0,0.0,0.1,0.245,0.280,0.366,0.646
555,Nick Gordon,MIN,L,SS,SS,3,6,6,0.7,0.1,0.6,0.2,1.4,1.0,0.3,0.0,2.1,1.2,0.3,0.1,0.0,0.0,0.1,0.252,0.295,0.365,0.660
556,Zack Collins,CHW,L,DH,C,3,6,5,0.8,0.2,0.7,0.0,1.1,0.7,0.2,0.0,2.1,1.8,0.8,0.0,0.0,0.0,0.0,0.222,0.329,0.412,0.741
557,Michael Hermosillo,LAA,R,OF,OF,3,6,5,0.7,0.2,0.6,0.1,1.2,0.8,0.2,0.0,1.9,1.9,0.4,0.1,0.0,0.0,0.1,0.215,0.286,0.357,0.643
558,Kean Wong,SF,L,2b,2b,3,6,5,0.6,0.1,0.5,0.1,1.4,1.0,0.3,0.0,1.9,1.4,0.4,0.1,0.0,0.0,0.0,0.252,0.303,0.361,0.664
559,Luis Barrera,OAK,L,OF,OF,3,6,6,0.7,0.1,0.6,0.2,1.4,1.0,0.2,0.1,2.1,1.2,0.3,0.0,0.0,0.0,0.1,0.253,0.295,0.387,0.682
560,Kelvin Gutierrez,KC,R,3b,3B,3,6,5,0.6,0.1,0.6,0.1,1.4,1.0,0.2,0.0,2.1,1.5,0.4,0.0,0.0,0.0,0.0,0.255,0.308,0.386,0.694
561,Austin Wynns,BAL,R,C,C,3,6,5,0.6,0.1,0.6,0.0,1.3,0.9,0.2,0.0,1.9,1.3,0.4,0.1,0.0,0.0,0.0,0.242,0.299,0.356,0.655
562,Will Craig,PIT,R,3b,3b,3,6,5,0.7,0.2,0.6,0.0,1.2,0.8,0.2,0.0,2.1,1.6,0.4,0.1,0.0,0.0,0.0,0.231,0.292,0.388,0.679
563,Ali Sanchez,NYM,R,C,C,3,6,6,0.6,0.1,0.5,0.0,1.3,0.9,0.2,0.0,1.8,1.1,0.3,0.1,0.0,0.0,0.0,0.227,0.274,0.317,0.591
564,Lewin Diaz,MIA,L,1B,1B,3,6,6,0.6,0.2,0.7,0.0,1.3,0.8,0.3,0.0,2.3,1.2,0.3,0.1,0.0,0.0,0.0,0.237,0.275,0.411,0.686
565,Micker Adolfo,CHW,R,OF,OF,3,6,5,0.7,0.2,0.7,0.1,1.2,0.8,0.3,0.0,2.0,2.0,0.4,0.1,0.0,0.0,0.0,0.222,0.285,0.369,0.655
566,Derek Hill,DET,R,OF,OF,3,6,5,0.6,0.1,0.6,0.2,1.2,0.8,0.2,0.0,1.9,1.6,0.4,0.1,0.0,0.0,0.1,0.229,0.283,0.358,0.641
567,Zach McKinstry,LAD,L,2b,2b,3,6,6,0.7,0.1,0.7,0.1,1.3,0.9,0.3,0.0,2.1,1.3,0.4,0.1,0.0,0.0,0.0,0.242,0.297,0.381,0.679
568,Cedric Mullins,BAL,S,OF,OF,3,6,5,0.7,0.1,0.6,0.2,1.3,0.9,0.2,0.0,2.0,1.1,0.4,0.0,0.0,0.0,0.1,0.243,0.296,0.381,0.677
569,Kevin Padlo,TB,R,3b,3b,3,6,5,0.7,0.2,0.7,0.1,1.1,0.7,0.3,0.0,2.1,1.7,0.6,0.1,0.0,0.0,0.0,0.217,0.302,0.393,0.695
570,DJ Peters,LAD,R,OF,OF,3,6,5,0.7,0.2,0.7,0.0,1.2,0.7,0.2,0.0,2.1,2.0,0.5,0.1,0.0,0.0,0.0,0.213,0.285,0.382,0.668
571,Marcus Wilson,BOS,R,OF,OF,3,6,5,0.7,0.2,0.7,0.1,1.2,0.8,0.3,0.0,2.1,1.9,0.5,0.0,0.0,0.0,0.0,0.229,0.291,0.379,0.670
572,Brian O’Grady,TB,L,OF,OF,3,6,5,0.7,0.2,0.7,0.1,1.2,0.7,0.2,0.0,2.2,1.8,0.5,0.1,0.0,0.0,0.1,0.228,0.299,0.417,0.717
573,Ronaldo Hernandez,TB,R,C,C,3,6,6,0.6,0.1,0.6,0.1,1.2,0.9,0.2,0.0,1.9,1.2,0.2,0.1,0.0,0.0,0.0,0.217,0.251,0.334,0.585
574,Vidal Brujan,TB,S,2b,2b,3,6,5,0.7,0.1,0.6,0.3,1.4,1.0,0.2,0.0,2.0,1.0,0.4,0.1,0.0,0.0,0.1,0.252,0.305,0.358,0.664
575,Keibert Ruiz,LAD,S,C,C,3,6,6,0.7,0.1,0.7,0.0,1.4,1.0,0.3,0.0,2.1,0.6,0.4,0.1,0.0,0.0,0.0,0.249,0.300,0.371,0.671
576,Elehuris Montero,STL,R,3b,3b,3,6,6,0.6,0.2,0.6,0.0,1.3,0.8,0.3,0.0,2.0,1.5,0.3,0.1,0.0,0.0,0.0,0.230,0.275,0.368,0.643
577,Anderson Tejeda,TEX,S,SS,SS,3,6,5,0.6,0.1,0.5,0.1,1.1,0.8,0.2,0.0,1.7,1.8,0.3,0.0,0.0,0.0,0.0,0.202,0.252,0.314,0.566
578,Jesus Sanchez,MIA,L,OF,OF,3,6,5,0.6,0.1,0.6,0.1,1.3,0.9,0.2,0.0,2.0,1.3,0.3,0.0,0.0,0.0,0.0,0.240,0.287,0.373,0.660
579,William Contreras,ATL,R,C,C,3,6,6,0.6,0.1,0.6,0.0,1.3,0.9,0.3,0.0,1.9,1.3,0.4,0.1,0.0,0.0,0.0,0.235,0.285,0.353,0.638
580,Jahmai Jones,LAA,R,OF,OF,3,6,5,0.6,0.1,0.5,0.1,1.2,0.9,0.2,0.0,1.8,1.3,0.4,0.0,0.0,0.0,0.1,0.225,0.283,0.323,0.605
581,Tyler Nevin,COL,R,3B,3B,3,6,5,0.8,0.2,0.8,0.1,1.5,1.0,0.3,0.0,2.4,1.1,0.5,0.0,0.0,0.0,0.0,0.277,0.336,0.438,0.774
582,Ryan McKenna,BAL,R,OF,OF,3,6,5,0.6,0.1,0.5,0.1,1.2,0.9,0.2,0.0,1.9,1.3,0.5,0.1,0.0,0.0,0.1,0.239,0.304,0.356,0.661
583,Travis Blankenhorn,MIN,L,2b,2b,3,6,6,0.8,0.2,0.7,0.1,1.4,0.9,0.3,0.0,2.2,1.4,0.3,0.1,0.0,0.0,0.0,0.245,0.286,0.398,0.684
584,Andrew Stevenson,WSH,L,OF,OF,3,6,6,0.7,0.1,0.6,0.1,1.4,1.0,0.2,0.0,1.9,1.6,0.4,0.0,0.0,0.0,0.1,0.249,0.301,0.350,0.651
585,Estevan Florial,NYY,L,OF,OF,3,6,6,0.7,0.2,0.6,0.1,1.1,0.8,0.2,0.0,1.8,2.0,0.4,0.0,0.0,0.0,0.1,0.206,0.263,0.332,0.595
586,Seby Zavala,CHW,R,C,C,3,6,5,0.7,0.2,0.7,0.0,1.2,0.7,0.2,0.0,2.0,2.0,0.4,0.1,0.0,0.0,0.0,0.214,0.268,0.374,0.642
587,Jared Walsh,LAA,L,1B,1B,3,6,5,0.8,0.2,0.8,0.0,1.3,0.7,0.3,0.0,2.3,2.0,0.5,0.1,0.0,0.0,0.0,0.234,0.300,0.421,0.721
588,Gilberto Celestino,MIN,R,OF,OF,3,6,6,0.7,0.1,0.6,0.1,1.3,0.9,0.2,0.0,1.9,1.2,0.3,0.0,0.0,0.0,0.0,0.223,0.264,0.325,0.589
589,Cristian Pache,ATL,R,OF,OF,3,6,6,0.7,0.1,0.7,0.1,1.4,0.9,0.3,0.0,2.2,1.4,0.3,0.0,0.0,0.0,0.1,0.251,0.295,0.388,0.683
590,Miguel Amaya,CHC,R,C,C,3,6,5,0.7,0.1,0.6,0.0,1.1,0.8,0.2,0.0,1.8,1.3,0.5,0.1,0.0,0.0,0.0,0.205,0.271,0.327,0.598
591,Oneil Cruz,PIT,L,3b,3b,3,6,6,0.6,0.1,0.6,0.1,1.3,0.9,0.3,0.0,2.1,1.5,0.4,0.0,0.0,0.0,0.0,0.241,0.291,0.374,0.665
592,Jeison Guzman,KC,L,SS,SS,3,6,6,0.5,0.1,0.4,0.1,1.1,0.9,0.2,0.0,1.5,1.3,0.2,0.0,0.0,0.0,0.1,0.204,0.236,0.279,0.515
593,Andres Gimenez,NYM,L,SS,SS,3,6,6,0.6,0.1,0.6,0.3,1.3,0.9,0.3,0.0,1.9,1.3,0.3,0.1,0.0,0.0,0.1,0.230,0.277,0.347,0.623
594,Sherten Apostel,TEX,R,3B,3B,3,6,5,0.6,0.1,0.5,0.0,1.1,0.7,0.2,0.0,1.7,1.7,0.4,0.0,0.0,0.0,0.0,0.201,0.258,0.320,0.578
595,Blake Rutherford,CHW,L,OF,OF,3,6,6,0.7,0.1,0.6,0.1,1.3,0.9,0.2,0.0,2.0,1.4,0.4,0.0,0.0,0.0,0.0,0.241,0.289,0.366,0.656
596,Jared Oliva,PIT,R,OF,OF,3,6,5,0.6,0.1,0.5,0.2,1.4,1.0,0.3,0.0,2.0,1.3,0.4,0.1,0.0,0.0,0.1,0.251,0.308,0.372,0.679
597,Jake Noll,WSH,R,2b,2b,3,6,6,0.7,0.1,0.6,0.1,1.4,1.0,0.3,0.0,2.1,1.3,0.3,0.1,0.0,0.0,0.0,0.252,0.289,0.370,0.659
598,Zack Short,CHC,R,SS,SS,3,6,5,0.7,0.1,0.6,0.1,1.1,0.7,0.3,0.0,1.9,1.7,0.7,0.1,0.0,0.0,0.0,0.212,0.303,0.352,0.655
599,Andy Young,ARI,R,2b,2b,3,6,5,0.7,0.2,0.7,0.0,1.3,0.8,0.2,0.0,2.3,1.5,0.3,0.2,0.0,0.0,0.0,0.243,0.302,0.421,0.723
600,Isaac Paredes,DET,R,SS,SS,3,6,5,0.7,0.1,0.6,0.0,1.4,1.0,0.3,0.0,2.1,0.8,0.5,0.1,0.0,0.0,0.0,0.265,0.327,0.402,0.730
601,Wander Franco,TB,S,SS,SS,3,6,5,0.7,0.1,0.6,0.1,1.4,1.0,0.2,0.0,2.0,0.7,0.4,0.0,0.0,0.0,0.1,0.252,0.302,0.359,0.662
602,Andrew Vaughn,CHW,R,1B,1B,3,6,5,0.7,0.2,0.6,0.0,1.2,0.8,0.2,0.0,1.9,1.3,0.4,0.1,0.0,0.0,0.0,0.217,0.273,0.348,0.621
603,Rocky Gale,LAD,R,C,C,2,5,5,0.5,0.1,0.4,0.0,1.1,0.8,0.2,0.0,1.4,1.1,0.2,0.0,0.0,0.0,0.0,0.220,0.256,0.303,0.559
604,Phil Gosselin,PHI,R,2B,SS/OF,2,5,5,0.6,0.1,0.5,0.0,1.1,0.8,0.2,0.0,1.7,1.2,0.4,0.0,0.0,0.0,0.0,0.251,0.309,0.372,0.681
605,Drew Robinson,SF,L,OF,OF,2,5,4,0.5,0.1,0.5,0.1,0.9,0.5,0.2,0.0,1.5,1.8,0.5,0.0,0.0,0.0,0.0,0.203,0.291,0.344,0.635
606,Blake Swihart,TEX,S,C,C/OF,2,5,4,0.5,0.1,0.4,0.1,0.9,0.6,0.2,0.0,1.5,1.5,0.4,0.0,0.0,0.0,0.0,0.208,0.275,0.334,0.609
607,Erik Kratz,NYY,R,C,C,2,5,5,0.6,0.2,0.6,0.0,1.1,0.7,0.2,0.0,1.8,1.0,0.3,0.1,0.0,0.0,0.0,0.237,0.290,0.394,0.684
608,Elliot Soto,LAA,R,SS,SS,2,5,5,0.5,0.0,0.4,0.1,1.0,0.8,0.2,0.0,1.4,1.1,0.4,0.0,0.0,0.0,0.0,0.228,0.285,0.314,0.599
609,Yangervis Solarte,ATL,S,3B,2B/OF,2,5,5,0.6,0.2,0.7,0.0,1.2,0.7,0.2,0.0,2.0,0.8,0.3,0.0,0.0,0.0,0.0,0.253,0.306,0.428,0.734
610,Hernan Perez,CHC,R,2B/SS,1B/2B/ SS/3B/ OF,2,5,5,0.6,0.2,0.6,0.1,1.2,0.8,0.2,0.0,1.9,1.1,0.3,0.0,0.0,0.0,0.0,0.251,0.293,0.405,0.698
611,Eric Filia,SEA,L,OF,OF,2,5,4,0.5,0.1,0.4,0.0,1.1,0.8,0.2,0.0,1.6,0.7,0.5,0.1,0.0,0.0,0.0,0.258,0.332,0.365,0.696
612,Humberto Arteaga,KC,R,SS,SS,2,5,5,0.5,0.1,0.4,0.1,1.2,0.9,0.2,0.0,1.6,0.8,0.2,0.0,0.0,0.0,0.0,0.257,0.289,0.342,0.631
613,Cristhian Adames,SF,S,SS,SS,2,5,5,0.5,0.1,0.4,0.0,1.1,0.7,0.2,0.0,1.6,1.0,0.4,0.0,0.0,0.0,0.0,0.233,0.291,0.343,0.634
614,Bradley Zimmer,CLE,L,OF,OF,2,5,5,0.6,0.1,0.6,0.2,1.1,0.7,0.2,0.0,1.8,1.6,0.4,0.1,0.0,0.0,0.0,0.232,0.304,0.389,0.693
615,Esteban Quiroz,TB,L,SS,SS,2,5,4,0.6,0.2,0.6,0.0,1.0,0.7,0.2,0.0,1.8,1.2,0.5,0.1,0.0,0.0,0.0,0.239,0.321,0.401,0.723
616,Beau Taylor,CLE,L,C,C,2,5,4,0.6,0.1,0.5,0.0,1.0,0.6,0.2,0.0,1.5,1.5,0.6,0.0,0.0,0.0,0.0,0.217,0.310,0.336,0.646
617,Anthony Bemboom,LAA,L,C,C,2,5,5,0.5,0.1,0.5,0.0,0.9,0.7,0.2,0.0,1.4,1.3,0.4,0.0,0.0,0.0,0.0,0.208,0.272,0.315,0.587
618,Pablo Reyes,PIT,R,OF,2B/OF,2,5,5,0.5,0.1,0.5,0.1,1.1,0.7,0.2,0.0,1.8,1.0,0.4,0.0,0.0,0.0,0.1,0.250,0.308,0.399,0.707
619,Brandon Dixon,DET,R,1B/OF,1B/OF,2,5,5,0.5,0.2,0.6,0.1,1.1,0.7,0.2,0.0,1.8,1.5,0.3,0.0,0.0,0.0,0.0,0.237,0.284,0.406,0.690
620,Ian Miller,CHC,L,OF,OF,2,5,5,0.6,0.1,0.5,0.2,1.1,0.8,0.2,0.0,1.5,1.1,0.4,0.1,0.0,0.0,0.1,0.239,0.296,0.331,0.627
621,Eli White,TEX,R,SS,SS,2,5,4,0.5,0.1,0.4,0.1,1.0,0.7,0.2,0.0,1.5,1.4,0.3,0.1,0.0,0.0,0.0,0.229,0.289,0.344,0.633
622,Brian O’Keefe,SEA,R,C,C,2,5,4,0.4,0.1,0.5,0.0,0.9,0.6,0.2,0.0,1.5,1.2,0.4,0.0,0.0,0.0,0.0,0.211,0.276,0.342,0.619
623,Alex Kirilloff,MIN,L,OF,OF,2,5,5,0.7,0.1,0.6,0.1,1.3,0.9,0.3,0.0,2.0,0.9,0.3,0.0,0.0,0.0,0.0,0.275,0.317,0.432,0.749
624,Mickey Moniak,PHI,L,OF,OF,2,5,5,0.5,0.1,0.5,0.1,1.1,0.7,0.2,0.0,1.7,1.2,0.3,0.0,0.0,0.0,0.0,0.231,0.274,0.370,0.644
625,Juan Centeno,BOS,L,C,C,2,5,5,0.6,0.1,0.5,0.0,1.1,0.8,0.3,0.0,1.6,1.0,0.3,0.1,0.0,0.0,0.0,0.245,0.296,0.354,0.650
626,Christian Lopes,MIA,R,2b,2b,1,4,3,0.4,0.1,0.3,0.1,0.8,0.5,0.2,0.0,1.2,0.8,0.4,0.0,0.0,0.0,0.0,0.228,0.304,0.339,0.643
627,Daulton Varsho,ARI,L,C,C,1,4,4,0.5,0.1,0.5,0.1,1.0,0.6,0.2,0.0,1.6,0.7,0.3,0.0,0.0,0.0,0.0,0.266,0.321,0.443,0.764
628,Brent Rooker,MIN,R,OF,OF,1,4,4,0.5,0.2,0.6,0.0,0.9,0.5,0.2,0.0,1.6,1.2,0.3,0.0,0.0,0.0,0.0,0.243,0.310,0.444,0.754
629,Ronnie Dawson,HOU,L,OF,OF,1,4,4,0.4,0.1,0.4,0.1,0.8,0.5,0.2,0.0,1.3,1.2,0.3,0.1,0.0,0.0,0.1,0.206,0.269,0.340,0.609
630,Caleb Joseph,TOR,R,C,C,1,4,4,0.4,0.1,0.4,0.0,0.8,0.5,0.2,0.0,1.3,1.1,0.2,0.0,0.0,0.0,0.0,0.217,0.260,0.341,0.601
631,Cesar Puello,BOS,R,OF,OF,1,4,4,0.5,0.1,0.4,0.0,0.9,0.6,0.2,0.0,1.4,1.1,0.3,0.1,0.0,0.0,0.0,0.252,0.328,0.387,0.715
632,Dustin Pedroia,BOS,R,2B,2B,1,4,4,0.5,0.1,0.4,0.0,0.9,0.7,0.2,0.0,1.4,0.6,0.3,0.0,0.0,0.0,0.0,0.263,0.327,0.383,0.710
633,Sam Travis,TEX,R,1B,1B/OF,1,1,1,0.1,0.0,0.1,0.0,0.2,0.2,0.0,0.0,0.4,0.2,0.1,0.0,0.0,0.0,0.0,0.247,0.310,0.391,0.701
634,Aramis Garcia,SF,R,C,C/1B,1,1,1,0.1,0.0,0.1,0.0,0.2,0.1,0.0,0.0,0.3,0.3,0.1,0.0,0.0,0.0,0.0,0.212,0.263,0.354,0.616
635,Nick Martini,PHI,L,OF,OF,1,1,1,0.1,0.0,0.1,0.0,0.2,0.2,0.0,0.0,0.3,0.2,0.1,0.0,0.0,0.0,0.0,0.243,0.329,0.352,0.681
636,Jonathan India,CIN,R,3B,3B,1,1,1,0.1,0.0,0.1,0.0,0.2,0.1,0.0,0.0,0.3,0.2,0.1,0.0,0.0,0.0,0.0,0.239,0.311,0.392,0.703
637,Royce Lewis,MIN,R,SS,SS,1,1,1,0.1,0.0,0.1,0.0,0.2,0.2,0.0,0.0,0.3,0.2,0.1,0.0,0.0,0.0,0.0,0.241,0.286,0.370,0.656
638,Julio Rodriguez,SEA,R,OF,OF,1,1,1,0.1,0.0,0.1,0.0,0.2,0.1,0.0,0.0,0.3,0.3,0.0,0.0,0.0,0.0,0.0,0.227,0.268,0.355,0.623
639,Adrian Sanchez,WSH,R,2b,2b,0,0,0,0.0,0.0,0.0,0.0,0.0,0.0,0.0,0.0,0.0,0.0,0.0,0.0,0.0,0.0,0.0,,,,
